,Month,City,Continent,Breakfast_Basket_USD
0,2025-10,New York,North America,16.18
1,2025-11,New York,North America,16.4
2,2025-12,New York,North America,17.02
3,2026-01,New York,North America,16.8
4,2026-02,New York,North America,16.82
5,2026-03,New York,North America,16.91
6,2025-10,New York,North America,16.18
7,2025-11,New York,North America,16.4
8,2025-12,New York,North America,17.02
9,2026-01,New York,North America,16.8
10,2026-02,New York,North America,16.82
11,2026-03,New York,North America,16.91
12,2025-10,New York,North America,16.18
13,2025-11,New York,North America,16.4
14,2025-12,New York,North America,17.02
15,2026-01,New York,North America,16.8
16,2026-02,New York,North America,16.82
17,2026-03,New York,North America,16.91
18,2025-10,New York,North America,16.18
19,2025-11,New York,North America,16.4
20,2025-12,New York,North America,17.02
21,2026-01,New York,North America,16.8
22,2026-02,New York,North America,16.82
23,2026-03,New York,North America,16.91
24,2025-10,New York,North America,16.18
25,2025-11,New York,North America,16.4
26,2025-12,New York,North America,17.02
27,2026-01,New York,North America,16.8
28,2026-02,New York,North America,16.82
29,2026-03,New York,North America,16.91
30,2025-10,New York,North America,16.18
31,2025-11,New York,North America,16.4
32,2025-12,New York,North America,17.02
33,2026-01,New York,North America,16.8
34,2026-02,New York,North America,16.82
35,2026-03,New York,North America,16.91
36,2025-10,New York,North America,16.18
37,2025-11,New York,North America,16.4
38,2025-12,New York,North America,17.02
39,2026-01,New York,North America,16.8
40,2026-02,New York,North America,16.82
41,2026-03,New York,North America,16.91
42,2025-10,New York,North America,16.18
43,2025-11,New York,North America,16.4
44,2025-12,New York,North America,17.02
45,2026-01,New York,North America,16.8
46,2026-02,New York,North America,16.82
47,2026-03,New York,North America,16.91
48,2025-10,New York,North America,16.18
49,2025-11,New York,North America,16.4
50,2025-12,New York,North America,17.02
51,2026-01,New York,North America,16.8
52,2026-02,New York,North America,16.82
53,2026-03,New York,North America,16.91
54,2025-10,New York,North America,16.18
55,2025-11,New York,North America,16.4
56,2025-12,New York,North America,17.02
57,2026-01,New York,North America,16.8
58,2026-02,New York,North America,16.82
59,2026-03,New York,North America,16.91
60,2025-10,New York,North America,16.18
61,2025-11,New York,North America,16.4
62,2025-12,New York,North America,17.02
63,2026-01,New York,North America,16.8
64,2026-02,New York,North America,16.82
65,2026-03,New York,North America,16.91
66,2025-10,New York,North America,16.18
67,2025-11,New York,North America,16.4
68,2025-12,New York,North America,17.02
69,2026-01,New York,North America,16.8
70,2026-02,New York,North America,16.82
71,2026-03,New York,North America,16.91
72,2025-10,New York,North America,16.18
73,2025-11,New York,North America,16.4
74,2025-12,New York,North America,17.02
75,2026-01,New York,North America,16.8
76,2026-02,New York,North America,16.82
77,2026-03,New York,North America,16.91
78,2025-10,New York,North America,16.18
79,2025-11,New York,North America,16.4
80,2025-12,New York,North America,17.02
81,2026-01,New York,North America,16.8
82,2026-02,New York,North America,16.82
83,2026-03,New York,North America,16.91
84,2025-10,Los Angeles,North America,15.26
85,2025-11,Los Angeles,North America,15.37
86,2025-12,Los Angeles,North America,15.3
87,2026-01,Los Angeles,North America,15.42
88,2026-02,Los Angeles,North America,15.72
89,2026-03,Los Angeles,North America,15.57
90,2025-10,Los Angeles,North America,15.26
91,2025-11,Los Angeles,North America,15.37
92,2025-12,Los Angeles,North America,15.3
93,2026-01,Los Angeles,North America,15.42
94,2026-02,Los Angeles,North America,15.72
95,2026-03,Los Angeles,North America,15.57
96,2025-10,Los Angeles,North America,15.26
97,2025-11,Los Angeles,North America,15.37
98,2025-12,Los Angeles,North America,15.3
99,2026-01,Los Angeles,North America,15.42
100,2026-02,Los Angeles,North America,15.72
101,2026-03,Los Angeles,North America,15.57
102,2025-10,Los Angeles,North America,15.26
103,2025-11,Los Angeles,North America,15.37
104,2025-12,Los Angeles,North America,15.3
105,2026-01,Los Angeles,North America,15.42
106,2026-02,Los Angeles,North America,15.72
107,2026-03,Los Angeles,North America,15.57
108,2025-10,Los Angeles,North America,15.26
109,2025-11,Los Angeles,North America,15.37
110,2025-12,Los Angeles,North America,15.3
111,2026-01,Los Angeles,North America,15.42
112,2026-02,Los Angeles,North America,15.72
113,2026-03,Los Angeles,North America,15.57
114,2025-10,Los Angeles,North America,15.26
115,2025-11,Los Angeles,North America,15.37
116,2025-12,Los Angeles,North America,15.3
117,2026-01,Los Angeles,North America,15.42
118,2026-02,Los Angeles,North America,15.72
119,2026-03,Los Angeles,North America,15.57
120,2025-10,Los Angeles,North America,15.26
121,2025-11,Los Angeles,North America,15.37
122,2025-12,Los Angeles,North America,15.3
123,2026-01,Los Angeles,North America,15.42
124,2026-02,Los Angeles,North America,15.72
125,2026-03,Los Angeles,North America,15.57
126,2025-10,Los Angeles,North America,15.26
127,2025-11,Los Angeles,North America,15.37
128,2025-12,Los Angeles,North America,15.3
129,2026-01,Los Angeles,North America,15.42
130,2026-02,Los Angeles,North America,15.72
131,2026-03,Los Angeles,North America,15.57
132,2025-10,Los Angeles,North America,15.26
133,2025-11,Los Angeles,North America,15.37
134,2025-12,Los Angeles,North America,15.3
135,2026-01,Los Angeles,North America,15.42
136,2026-02,Los Angeles,North America,15.72
137,2026-03,Los Angeles,North America,15.57
138,2025-10,Los Angeles,North America,15.26
139,2025-11,Los Angeles,North America,15.37
140,2025-12,Los Angeles,North America,15.3
141,2026-01,Los Angeles,North America,15.42
142,2026-02,Los Angeles,North America,15.72
143,2026-03,Los Angeles,North America,15.57
144,2025-10,Los Angeles,North America,15.26
145,2025-11,Los Angeles,North America,15.37
146,2025-12,Los Angeles,North America,15.3
147,2026-01,Los Angeles,North America,15.42
148,2026-02,Los Angeles,North America,15.72
149,2026-03,Los Angeles,North America,15.57
150,2025-10,Los Angeles,North America,15.26
151,2025-11,Los Angeles,North America,15.37
152,2025-12,Los Angeles,North America,15.3
153,2026-01,Los Angeles,North America,15.42
154,2026-02,Los Angeles,North America,15.72
155,2026-03,Los Angeles,North America,15.57
156,2025-10,Los Angeles,North America,15.26
157,2025-11,Los Angeles,North America,15.37
158,2025-12,Los Angeles,North America,15.3
159,2026-01,Los Angeles,North America,15.42
160,2026-02,Los Angeles,North America,15.72
161,2026-03,Los Angeles,North America,15.57
162,2025-10,Los Angeles,North America,15.26
163,2025-11,Los Angeles,North America,15.37
164,2025-12,Los Angeles,North America,15.3
165,2026-01,Los Angeles,North America,15.42
166,2026-02,Los Angeles,North America,15.72
167,2026-03,Los Angeles,North America,15.57
168,2025-10,Chicago,North America,14.49
169,2025-11,Chicago,North America,14.52
170,2025-12,Chicago,North America,14.86
171,2026-01,Chicago,North America,14.64
172,2026-02,Chicago,North America,14.83
173,2026-03,Chicago,North America,14.89
174,2025-10,Chicago,North America,14.49
175,2025-11,Chicago,North America,14.52
176,2025-12,Chicago,North America,14.86
177,2026-01,Chicago,North America,14.64
178,2026-02,Chicago,North America,14.83
179,2026-03,Chicago,North America,14.89
180,2025-10,Chicago,North America,14.49
181,2025-11,Chicago,North America,14.52
182,2025-12,Chicago,North America,14.86
183,2026-01,Chicago,North America,14.64
184,2026-02,Chicago,North America,14.83
185,2026-03,Chicago,North America,14.89
186,2025-10,Chicago,North America,14.49
187,2025-11,Chicago,North America,14.52
188,2025-12,Chicago,North America,14.86
189,2026-01,Chicago,North America,14.64
190,2026-02,Chicago,North America,14.83
191,2026-03,Chicago,North America,14.89
192,2025-10,Chicago,North America,14.49
193,2025-11,Chicago,North America,14.52
194,2025-12,Chicago,North America,14.86
195,2026-01,Chicago,North America,14.64
196,2026-02,Chicago,North America,14.83
197,2026-03,Chicago,North America,14.89
198,2025-10,Chicago,North America,14.49
199,2025-11,Chicago,North America,14.52
200,2025-12,Chicago,North America,14.86
201,2026-01,Chicago,North America,14.64
202,2026-02,Chicago,North America,14.83
203,2026-03,Chicago,North America,14.89
204,2025-10,Chicago,North America,14.49
205,2025-11,Chicago,North America,14.52
206,2025-12,Chicago,North America,14.86
207,2026-01,Chicago,North America,14.64
208,2026-02,Chicago,North America,14.83
209,2026-03,Chicago,North America,14.89
210,2025-10,Chicago,North America,14.49
211,2025-11,Chicago,North America,14.52
212,2025-12,Chicago,North America,14.86
213,2026-01,Chicago,North America,14.64
214,2026-02,Chicago,North America,14.83
215,2026-03,Chicago,North America,14.89
216,2025-10,Chicago,North America,14.49
217,2025-11,Chicago,North America,14.52
218,2025-12,Chicago,North America,14.86
219,2026-01,Chicago,North America,14.64
220,2026-02,Chicago,North America,14.83
221,2026-03,Chicago,North America,14.89
222,2025-10,Chicago,North America,14.49
223,2025-11,Chicago,North America,14.52
224,2025-12,Chicago,North America,14.86
225,2026-01,Chicago,North America,14.64
226,2026-02,Chicago,North America,14.83
227,2026-03,Chicago,North America,14.89
228,2025-10,Chicago,North America,14.49
229,2025-11,Chicago,North America,14.52
230,2025-12,Chicago,North America,14.86
231,2026-01,Chicago,North America,14.64
232,2026-02,Chicago,North America,14.83
233,2026-03,Chicago,North America,14.89
234,2025-10,Chicago,North America,14.49
235,2025-11,Chicago,North America,14.52
236,2025-12,Chicago,North America,14.86
237,2026-01,Chicago,North America,14.64
238,2026-02,Chicago,North America,14.83
239,2026-03,Chicago,North America,14.89
240,2025-10,Chicago,North America,14.49
241,2025-11,Chicago,North America,14.52
242,2025-12,Chicago,North America,14.86
243,2026-01,Chicago,North America,14.64
244,2026-02,Chicago,North America,14.83
245,2026-03,Chicago,North America,14.89
246,2025-10,Chicago,North America,14.49
247,2025-11,Chicago,North America,14.52
248,2025-12,Chicago,North America,14.86
249,2026-01,Chicago,North America,14.64
250,2026-02,Chicago,North America,14.83
251,2026-03,Chicago,North America,14.89
252,2025-10,Houston,North America,13.55
253,2025-11,Houston,North America,13.71
254,2025-12,Houston,North America,13.99
255,2026-01,Houston,North America,13.99
256,2026-02,Houston,North America,14.11
257,2026-03,Houston,North America,14.2
258,2025-10,Houston,North America,13.55
259,2025-11,Houston,North America,13.71
260,2025-12,Houston,North America,13.99
261,2026-01,Houston,North America,13.99
262,2026-02,Houston,North America,14.11
263,2026-03,Houston,North America,14.2
264,2025-10,Houston,North America,13.55
265,2025-11,Houston,North America,13.71
266,2025-12,Houston,North America,13.99
267,2026-01,Houston,North America,13.99
268,2026-02,Houston,North America,14.11
269,2026-03,Houston,North America,14.2
270,2025-10,Houston,North America,13.55
271,2025-11,Houston,North America,13.71
272,2025-12,Houston,North America,13.99
273,2026-01,Houston,North America,13.99
274,2026-02,Houston,North America,14.11
275,2026-03,Houston,North America,14.2
276,2025-10,Houston,North America,13.55
277,2025-11,Houston,North America,13.71
278,2025-12,Houston,North America,13.99
279,2026-01,Houston,North America,13.99
280,2026-02,Houston,North America,14.11
281,2026-03,Houston,North America,14.2
282,2025-10,Houston,North America,13.55
283,2025-11,Houston,North America,13.71
284,2025-12,Houston,North America,13.99
285,2026-01,Houston,North America,13.99
286,2026-02,Houston,North America,14.11
287,2026-03,Houston,North America,14.2
288,2025-10,Houston,North America,13.55
289,2025-11,Houston,North America,13.71
290,2025-12,Houston,North America,13.99
291,2026-01,Houston,North America,13.99
292,2026-02,Houston,North America,14.11
293,2026-03,Houston,North America,14.2
294,2025-10,Houston,North America,13.55
295,2025-11,Houston,North America,13.71
296,2025-12,Houston,North America,13.99
297,2026-01,Houston,North America,13.99
298,2026-02,Houston,North America,14.11
299,2026-03,Houston,North America,14.2
300,2025-10,Houston,North America,13.55
301,2025-11,Houston,North America,13.71
302,2025-12,Houston,North America,13.99
303,2026-01,Houston,North America,13.99
304,2026-02,Houston,North America,14.11
305,2026-03,Houston,North America,14.2
306,2025-10,Houston,North America,13.55
307,2025-11,Houston,North America,13.71
308,2025-12,Houston,North America,13.99
309,2026-01,Houston,North America,13.99
310,2026-02,Houston,North America,14.11
311,2026-03,Houston,North America,14.2
312,2025-10,Houston,North America,13.55
313,2025-11,Houston,North America,13.71
314,2025-12,Houston,North America,13.99
315,2026-01,Houston,North America,13.99
316,2026-02,Houston,North America,14.11
317,2026-03,Houston,North America,14.2
318,2025-10,Houston,North America,13.55
319,2025-11,Houston,North America,13.71
320,2025-12,Houston,North America,13.99
321,2026-01,Houston,North America,13.99
322,2026-02,Houston,North America,14.11
323,2026-03,Houston,North America,14.2
324,2025-10,Houston,North America,13.55
325,2025-11,Houston,North America,13.71
326,2025-12,Houston,North America,13.99
327,2026-01,Houston,North America,13.99
328,2026-02,Houston,North America,14.11
329,2026-03,Houston,North America,14.2
330,2025-10,Houston,North America,13.55
331,2025-11,Houston,North America,13.71
332,2025-12,Houston,North America,13.99
333,2026-01,Houston,North America,13.99
334,2026-02,Houston,North America,14.11
335,2026-03,Houston,North America,14.2
336,2025-10,Toronto,North America,19.63
337,2025-11,Toronto,North America,19.58
338,2025-12,Toronto,North America,19.92
339,2026-01,Toronto,North America,19.58
340,2026-02,Toronto,North America,20.04
341,2026-03,Toronto,North America,20.07
342,2025-10,Toronto,North America,19.63
343,2025-11,Toronto,North America,19.58
344,2025-12,Toronto,North America,19.92
345,2026-01,Toronto,North America,19.58
346,2026-02,Toronto,North America,20.04
347,2026-03,Toronto,North America,20.07
348,2025-10,Toronto,North America,19.63
349,2025-11,Toronto,North America,19.58
350,2025-12,Toronto,North America,19.92
351,2026-01,Toronto,North America,19.58
352,2026-02,Toronto,North America,20.04
353,2026-03,Toronto,North America,20.07
354,2025-10,Toronto,North America,19.63
355,2025-11,Toronto,North America,19.58
356,2025-12,Toronto,North America,19.92
357,2026-01,Toronto,North America,19.58
358,2026-02,Toronto,North America,20.04
359,2026-03,Toronto,North America,20.07
360,2025-10,Toronto,North America,19.63
361,2025-11,Toronto,North America,19.58
362,2025-12,Toronto,North America,19.92
363,2026-01,Toronto,North America,19.58
364,2026-02,Toronto,North America,20.04
365,2026-03,Toronto,North America,20.07
366,2025-10,Toronto,North America,19.63
367,2025-11,Toronto,North America,19.58
368,2025-12,Toronto,North America,19.92
369,2026-01,Toronto,North America,19.58
370,2026-02,Toronto,North America,20.04
371,2026-03,Toronto,North America,20.07
372,2025-10,Toronto,North America,19.63
373,2025-11,Toronto,North America,19.58
374,2025-12,Toronto,North America,19.92
375,2026-01,Toronto,North America,19.58
376,2026-02,Toronto,North America,20.04
377,2026-03,Toronto,North America,20.07
378,2025-10,Toronto,North America,19.63
379,2025-11,Toronto,North America,19.58
380,2025-12,Toronto,North America,19.92
381,2026-01,Toronto,North America,19.58
382,2026-02,Toronto,North America,20.04
383,2026-03,Toronto,North America,20.07
384,2025-10,Toronto,North America,19.63
385,2025-11,Toronto,North America,19.58
386,2025-12,Toronto,North America,19.92
387,2026-01,Toronto,North America,19.58
388,2026-02,Toronto,North America,20.04
389,2026-03,Toronto,North America,20.07
390,2025-10,Toronto,North America,19.63
391,2025-11,Toronto,North America,19.58
392,2025-12,Toronto,North America,19.92
393,2026-01,Toronto,North America,19.58
394,2026-02,Toronto,North America,20.04
395,2026-03,Toronto,North America,20.07
396,2025-10,Toronto,North America,19.63
397,2025-11,Toronto,North America,19.58
398,2025-12,Toronto,North America,19.92
399,2026-01,Toronto,North America,19.58
400,2026-02,Toronto,North America,20.04
401,2026-03,Toronto,North America,20.07
402,2025-10,Toronto,North America,19.63
403,2025-11,Toronto,North America,19.58
404,2025-12,Toronto,North America,19.92
405,2026-01,Toronto,North America,19.58
406,2026-02,Toronto,North America,20.04
407,2026-03,Toronto,North America,20.07
408,2025-10,Toronto,North America,19.63
409,2025-11,Toronto,North America,19.58
410,2025-12,Toronto,North America,19.92
411,2026-01,Toronto,North America,19.58
412,2026-02,Toronto,North America,20.04
413,2026-03,Toronto,North America,20.07
414,2025-10,Toronto,North America,19.63
415,2025-11,Toronto,North America,19.58
416,2025-12,Toronto,North America,19.92
417,2026-01,Toronto,North America,19.58
418,2026-02,Toronto,North America,20.04
419,2026-03,Toronto,North America,20.07
420,2025-10,Vancouver,North America,19.55
421,2025-11,Vancouver,North America,20.17
422,2025-12,Vancouver,North America,20.41
423,2026-01,Vancouver,North America,20.52
424,2026-02,Vancouver,North America,20.55
425,2026-03,Vancouver,North America,20.61
426,2025-10,Vancouver,North America,19.55
427,2025-11,Vancouver,North America,20.17
428,2025-12,Vancouver,North America,20.41
429,2026-01,Vancouver,North America,20.52
430,2026-02,Vancouver,North America,20.55
431,2026-03,Vancouver,North America,20.61
432,2025-10,Vancouver,North America,19.55
433,2025-11,Vancouver,North America,20.17
434,2025-12,Vancouver,North America,20.41
435,2026-01,Vancouver,North America,20.52
436,2026-02,Vancouver,North America,20.55
437,2026-03,Vancouver,North America,20.61
438,2025-10,Vancouver,North America,19.55
439,2025-11,Vancouver,North America,20.17
440,2025-12,Vancouver,North America,20.41
441,2026-01,Vancouver,North America,20.52
442,2026-02,Vancouver,North America,20.55
443,2026-03,Vancouver,North America,20.61
444,2025-10,Vancouver,North America,19.55
445,2025-11,Vancouver,North America,20.17
446,2025-12,Vancouver,North America,20.41
447,2026-01,Vancouver,North America,20.52
448,2026-02,Vancouver,North America,20.55
449,2026-03,Vancouver,North America,20.61
450,2025-10,Vancouver,North America,19.55
451,2025-11,Vancouver,North America,20.17
452,2025-12,Vancouver,North America,20.41
453,2026-01,Vancouver,North America,20.52
454,2026-02,Vancouver,North America,20.55
455,2026-03,Vancouver,North America,20.61
456,2025-10,Vancouver,North America,19.55
457,2025-11,Vancouver,North America,20.17
458,2025-12,Vancouver,North America,20.41
459,2026-01,Vancouver,North America,20.52
460,2026-02,Vancouver,North America,20.55
461,2026-03,Vancouver,North America,20.61
462,2025-10,Vancouver,North America,19.55
463,2025-11,Vancouver,North America,20.17
464,2025-12,Vancouver,North America,20.41
465,2026-01,Vancouver,North America,20.52
466,2026-02,Vancouver,North America,20.55
467,2026-03,Vancouver,North America,20.61
468,2025-10,Vancouver,North America,19.55
469,2025-11,Vancouver,North America,20.17
470,2025-12,Vancouver,North America,20.41
471,2026-01,Vancouver,North America,20.52
472,2026-02,Vancouver,North America,20.55
473,2026-03,Vancouver,North America,20.61
474,2025-10,Vancouver,North America,19.55
475,2025-11,Vancouver,North America,20.17
476,2025-12,Vancouver,North America,20.41
477,2026-01,Vancouver,North America,20.52
478,2026-02,Vancouver,North America,20.55
479,2026-03,Vancouver,North America,20.61
480,2025-10,Vancouver,North America,19.55
481,2025-11,Vancouver,North America,20.17
482,2025-12,Vancouver,North America,20.41
483,2026-01,Vancouver,North America,20.52
484,2026-02,Vancouver,North America,20.55
485,2026-03,Vancouver,North America,20.61
486,2025-10,Vancouver,North America,19.55
487,2025-11,Vancouver,North America,20.17
488,2025-12,Vancouver,North America,20.41
489,2026-01,Vancouver,North America,20.52
490,2026-02,Vancouver,North America,20.55
491,2026-03,Vancouver,North America,20.61
492,2025-10,Vancouver,North America,19.55
493,2025-11,Vancouver,North America,20.17
494,2025-12,Vancouver,North America,20.41
495,2026-01,Vancouver,North America,20.52
496,2026-02,Vancouver,North America,20.55
497,2026-03,Vancouver,North America,20.61
498,2025-10,Vancouver,North America,19.55
499,2025-11,Vancouver,North America,20.17
500,2025-12,Vancouver,North America,20.41
501,2026-01,Vancouver,North America,20.52
502,2026-02,Vancouver,North America,20.55
503,2026-03,Vancouver,North America,20.61
504,2025-10,Montreal,North America,18.45
505,2025-11,Montreal,North America,18.88
506,2025-12,Montreal,North America,19.58
507,2026-01,Montreal,North America,18.99
508,2026-02,Montreal,North America,19.47
509,2026-03,Montreal,North America,19.35
510,2025-10,Montreal,North America,18.45
511,2025-11,Montreal,North America,18.88
512,2025-12,Montreal,North America,19.58
513,2026-01,Montreal,North America,18.99
514,2026-02,Montreal,North America,19.47
515,2026-03,Montreal,North America,19.35
516,2025-10,Montreal,North America,18.45
517,2025-11,Montreal,North America,18.88
518,2025-12,Montreal,North America,19.58
519,2026-01,Montreal,North America,18.99
520,2026-02,Montreal,North America,19.47
521,2026-03,Montreal,North America,19.35
522,2025-10,Montreal,North America,18.45
523,2025-11,Montreal,North America,18.88
524,2025-12,Montreal,North America,19.58
525,2026-01,Montreal,North America,18.99
526,2026-02,Montreal,North America,19.47
527,2026-03,Montreal,North America,19.35
528,2025-10,Montreal,North America,18.45
529,2025-11,Montreal,North America,18.88
530,2025-12,Montreal,North America,19.58
531,2026-01,Montreal,North America,18.99
532,2026-02,Montreal,North America,19.47
533,2026-03,Montreal,North America,19.35
534,2025-10,Montreal,North America,18.45
535,2025-11,Montreal,North America,18.88
536,2025-12,Montreal,North America,19.58
537,2026-01,Montreal,North America,18.99
538,2026-02,Montreal,North America,19.47
539,2026-03,Montreal,North America,19.35
540,2025-10,Montreal,North America,18.45
541,2025-11,Montreal,North America,18.88
542,2025-12,Montreal,North America,19.58
543,2026-01,Montreal,North America,18.99
544,2026-02,Montreal,North America,19.47
545,2026-03,Montreal,North America,19.35
546,2025-10,Montreal,North America,18.45
547,2025-11,Montreal,North America,18.88
548,2025-12,Montreal,North America,19.58
549,2026-01,Montreal,North America,18.99
550,2026-02,Montreal,North America,19.47
551,2026-03,Montreal,North America,19.35
552,2025-10,Montreal,North America,18.45
553,2025-11,Montreal,North America,18.88
554,2025-12,Montreal,North America,19.58
555,2026-01,Montreal,North America,18.99
556,2026-02,Montreal,North America,19.47
557,2026-03,Montreal,North America,19.35
558,2025-10,Montreal,North America,18.45
559,2025-11,Montreal,North America,18.88
560,2025-12,Montreal,North America,19.58
561,2026-01,Montreal,North America,18.99
562,2026-02,Montreal,North America,19.47
563,2026-03,Montreal,North America,19.35
564,2025-10,Montreal,North America,18.45
565,2025-11,Montreal,North America,18.88
566,2025-12,Montreal,North America,19.58
567,2026-01,Montreal,North America,18.99
568,2026-02,Montreal,North America,19.47
569,2026-03,Montreal,North America,19.35
570,2025-10,Montreal,North America,18.45
571,2025-11,Montreal,North America,18.88
572,2025-12,Montreal,North America,19.58
573,2026-01,Montreal,North America,18.99
574,2026-02,Montreal,North America,19.47
575,2026-03,Montreal,North America,19.35
576,2025-10,Montreal,North America,18.45
577,2025-11,Montreal,North America,18.88
578,2025-12,Montreal,North America,19.58
579,2026-01,Montreal,North America,18.99
580,2026-02,Montreal,North America,19.47
581,2026-03,Montreal,North America,19.35
582,2025-10,Montreal,North America,18.45
583,2025-11,Montreal,North America,18.88
584,2025-12,Montreal,North America,19.58
585,2026-01,Montreal,North America,18.99
586,2026-02,Montreal,North America,19.47
587,2026-03,Montreal,North America,19.35
588,2025-10,Mexico City,North America,9.83
589,2025-11,Mexico City,North America,10.06
590,2025-12,Mexico City,North America,10.23
591,2026-01,Mexico City,North America,10.1
592,2026-02,Mexico City,North America,10.39
593,2026-03,Mexico City,North America,10.23
594,2025-10,Mexico City,North America,9.83
595,2025-11,Mexico City,North America,10.06
596,2025-12,Mexico City,North America,10.23
597,2026-01,Mexico City,North America,10.1
598,2026-02,Mexico City,North America,10.39
599,2026-03,Mexico City,North America,10.23
600,2025-10,Mexico City,North America,9.83
601,2025-11,Mexico City,North America,10.06
602,2025-12,Mexico City,North America,10.23
603,2026-01,Mexico City,North America,10.1
604,2026-02,Mexico City,North America,10.39
605,2026-03,Mexico City,North America,10.23
606,2025-10,Mexico City,North America,9.83
607,2025-11,Mexico City,North America,10.06
608,2025-12,Mexico City,North America,10.23
609,2026-01,Mexico City,North America,10.1
610,2026-02,Mexico City,North America,10.39
611,2026-03,Mexico City,North America,10.23
612,2025-10,Mexico City,North America,9.83
613,2025-11,Mexico City,North America,10.06
614,2025-12,Mexico City,North America,10.23
615,2026-01,Mexico City,North America,10.1
616,2026-02,Mexico City,North America,10.39
617,2026-03,Mexico City,North America,10.23
618,2025-10,Mexico City,North America,9.83
619,2025-11,Mexico City,North America,10.06
620,2025-12,Mexico City,North America,10.23
621,2026-01,Mexico City,North America,10.1
622,2026-02,Mexico City,North America,10.39
623,2026-03,Mexico City,North America,10.23
624,2025-10,Mexico City,North America,9.83
625,2025-11,Mexico City,North America,10.06
626,2025-12,Mexico City,North America,10.23
627,2026-01,Mexico City,North America,10.1
628,2026-02,Mexico City,North America,10.39
629,2026-03,Mexico City,North America,10.23
630,2025-10,Mexico City,North America,9.83
631,2025-11,Mexico City,North America,10.06
632,2025-12,Mexico City,North America,10.23
633,2026-01,Mexico City,North America,10.1
634,2026-02,Mexico City,North America,10.39
635,2026-03,Mexico City,North America,10.23
636,2025-10,Mexico City,North America,9.83
637,2025-11,Mexico City,North America,10.06
638,2025-12,Mexico City,North America,10.23
639,2026-01,Mexico City,North America,10.1
640,2026-02,Mexico City,North America,10.39
641,2026-03,Mexico City,North America,10.23
642,2025-10,Mexico City,North America,9.83
643,2025-11,Mexico City,North America,10.06
644,2025-12,Mexico City,North America,10.23
645,2026-01,Mexico City,North America,10.1
646,2026-02,Mexico City,North America,10.39
647,2026-03,Mexico City,North America,10.23
648,2025-10,Mexico City,North America,9.83
649,2025-11,Mexico City,North America,10.06
650,2025-12,Mexico City,North America,10.23
651,2026-01,Mexico City,North America,10.1
652,2026-02,Mexico City,North America,10.39
653,2026-03,Mexico City,North America,10.23
654,2025-10,Mexico City,North America,9.83
655,2025-11,Mexico City,North America,10.06
656,2025-12,Mexico City,North America,10.23
657,2026-01,Mexico City,North America,10.1
658,2026-02,Mexico City,North America,10.39
659,2026-03,Mexico City,North America,10.23
660,2025-10,Mexico City,North America,9.83
661,2025-11,Mexico City,North America,10.06
662,2025-12,Mexico City,North America,10.23
663,2026-01,Mexico City,North America,10.1
664,2026-02,Mexico City,North America,10.39
665,2026-03,Mexico City,North America,10.23
666,2025-10,Mexico City,North America,9.83
667,2025-11,Mexico City,North America,10.06
668,2025-12,Mexico City,North America,10.23
669,2026-01,Mexico City,North America,10.1
670,2026-02,Mexico City,North America,10.39
671,2026-03,Mexico City,North America,10.23
672,2025-10,Guadalajara,North America,9.25
673,2025-11,Guadalajara,North America,9.62
674,2025-12,Guadalajara,North America,9.59
675,2026-01,Guadalajara,North America,9.53
676,2026-02,Guadalajara,North America,9.86
677,2026-03,Guadalajara,North America,9.76
678,2025-10,Guadalajara,North America,9.25
679,2025-11,Guadalajara,North America,9.62
680,2025-12,Guadalajara,North America,9.59
681,2026-01,Guadalajara,North America,9.53
682,2026-02,Guadalajara,North America,9.86
683,2026-03,Guadalajara,North America,9.76
684,2025-10,Guadalajara,North America,9.25
685,2025-11,Guadalajara,North America,9.62
686,2025-12,Guadalajara,North America,9.59
687,2026-01,Guadalajara,North America,9.53
688,2026-02,Guadalajara,North America,9.86
689,2026-03,Guadalajara,North America,9.76
690,2025-10,Guadalajara,North America,9.25
691,2025-11,Guadalajara,North America,9.62
692,2025-12,Guadalajara,North America,9.59
693,2026-01,Guadalajara,North America,9.53
694,2026-02,Guadalajara,North America,9.86
695,2026-03,Guadalajara,North America,9.76
696,2025-10,Guadalajara,North America,9.25
697,2025-11,Guadalajara,North America,9.62
698,2025-12,Guadalajara,North America,9.59
699,2026-01,Guadalajara,North America,9.53
700,2026-02,Guadalajara,North America,9.86
701,2026-03,Guadalajara,North America,9.76
702,2025-10,Guadalajara,North America,9.25
703,2025-11,Guadalajara,North America,9.62
704,2025-12,Guadalajara,North America,9.59
705,2026-01,Guadalajara,North America,9.53
706,2026-02,Guadalajara,North America,9.86
707,2026-03,Guadalajara,North America,9.76
708,2025-10,Guadalajara,North America,9.25
709,2025-11,Guadalajara,North America,9.62
710,2025-12,Guadalajara,North America,9.59
711,2026-01,Guadalajara,North America,9.53
712,2026-02,Guadalajara,North America,9.86
713,2026-03,Guadalajara,North America,9.76
714,2025-10,Guadalajara,North America,9.25
715,2025-11,Guadalajara,North America,9.62
716,2025-12,Guadalajara,North America,9.59
717,2026-01,Guadalajara,North America,9.53
718,2026-02,Guadalajara,North America,9.86
719,2026-03,Guadalajara,North America,9.76
720,2025-10,Guadalajara,North America,9.25
721,2025-11,Guadalajara,North America,9.62
722,2025-12,Guadalajara,North America,9.59
723,2026-01,Guadalajara,North America,9.53
724,2026-02,Guadalajara,North America,9.86
725,2026-03,Guadalajara,North America,9.76
726,2025-10,Guadalajara,North America,9.25
727,2025-11,Guadalajara,North America,9.62
728,2025-12,Guadalajara,North America,9.59
729,2026-01,Guadalajara,North America,9.53
730,2026-02,Guadalajara,North America,9.86
731,2026-03,Guadalajara,North America,9.76
732,2025-10,Guadalajara,North America,9.25
733,2025-11,Guadalajara,North America,9.62
734,2025-12,Guadalajara,North America,9.59
735,2026-01,Guadalajara,North America,9.53
736,2026-02,Guadalajara,North America,9.86
737,2026-03,Guadalajara,North America,9.76
738,2025-10,Guadalajara,North America,9.25
739,2025-11,Guadalajara,North America,9.62
740,2025-12,Guadalajara,North America,9.59
741,2026-01,Guadalajara,North America,9.53
742,2026-02,Guadalajara,North America,9.86
743,2026-03,Guadalajara,North America,9.76
744,2025-10,Guadalajara,North America,9.25
745,2025-11,Guadalajara,North America,9.62
746,2025-12,Guadalajara,North America,9.59
747,2026-01,Guadalajara,North America,9.53
748,2026-02,Guadalajara,North America,9.86
749,2026-03,Guadalajara,North America,9.76
750,2025-10,Guadalajara,North America,9.25
751,2025-11,Guadalajara,North America,9.62
752,2025-12,Guadalajara,North America,9.59
753,2026-01,Guadalajara,North America,9.53
754,2026-02,Guadalajara,North America,9.86
755,2026-03,Guadalajara,North America,9.76
756,2025-10,London,Europe,11.31
757,2025-11,London,Europe,11.24
758,2025-12,London,Europe,11.27
759,2026-01,London,Europe,11.0
760,2026-02,London,Europe,11.36
761,2026-03,London,Europe,11.4
762,2025-10,London,Europe,11.31
763,2025-11,London,Europe,11.24
764,2025-12,London,Europe,11.27
765,2026-01,London,Europe,11.0
766,2026-02,London,Europe,11.36
767,2026-03,London,Europe,11.4
768,2025-10,London,Europe,11.31
769,2025-11,London,Europe,11.24
770,2025-12,London,Europe,11.27
771,2026-01,London,Europe,11.0
772,2026-02,London,Europe,11.36
773,2026-03,London,Europe,11.4
774,2025-10,London,Europe,11.31
775,2025-11,London,Europe,11.24
776,2025-12,London,Europe,11.27
777,2026-01,London,Europe,11.0
778,2026-02,London,Europe,11.36
779,2026-03,London,Europe,11.4
780,2025-10,London,Europe,11.31
781,2025-11,London,Europe,11.24
782,2025-12,London,Europe,11.27
783,2026-01,London,Europe,11.0
784,2026-02,London,Europe,11.36
785,2026-03,London,Europe,11.4
786,2025-10,London,Europe,11.31
787,2025-11,London,Europe,11.24
788,2025-12,London,Europe,11.27
789,2026-01,London,Europe,11.0
790,2026-02,London,Europe,11.36
791,2026-03,London,Europe,11.4
792,2025-10,London,Europe,11.31
793,2025-11,London,Europe,11.24
794,2025-12,London,Europe,11.27
795,2026-01,London,Europe,11.0
796,2026-02,London,Europe,11.36
797,2026-03,London,Europe,11.4
798,2025-10,London,Europe,11.31
799,2025-11,London,Europe,11.24
800,2025-12,London,Europe,11.27
801,2026-01,London,Europe,11.0
802,2026-02,London,Europe,11.36
803,2026-03,London,Europe,11.4
804,2025-10,London,Europe,11.31
805,2025-11,London,Europe,11.24
806,2025-12,London,Europe,11.27
807,2026-01,London,Europe,11.0
808,2026-02,London,Europe,11.36
809,2026-03,London,Europe,11.4
810,2025-10,London,Europe,11.31
811,2025-11,London,Europe,11.24
812,2025-12,London,Europe,11.27
813,2026-01,London,Europe,11.0
814,2026-02,London,Europe,11.36
815,2026-03,London,Europe,11.4
816,2025-10,London,Europe,11.31
817,2025-11,London,Europe,11.24
818,2025-12,London,Europe,11.27
819,2026-01,London,Europe,11.0
820,2026-02,London,Europe,11.36
821,2026-03,London,Europe,11.4
822,2025-10,London,Europe,11.31
823,2025-11,London,Europe,11.24
824,2025-12,London,Europe,11.27
825,2026-01,London,Europe,11.0
826,2026-02,London,Europe,11.36
827,2026-03,London,Europe,11.4
828,2025-10,London,Europe,11.31
829,2025-11,London,Europe,11.24
830,2025-12,London,Europe,11.27
831,2026-01,London,Europe,11.0
832,2026-02,London,Europe,11.36
833,2026-03,London,Europe,11.4
834,2025-10,London,Europe,11.31
835,2025-11,London,Europe,11.24
836,2025-12,London,Europe,11.27
837,2026-01,London,Europe,11.0
838,2026-02,London,Europe,11.36
839,2026-03,London,Europe,11.4
840,2025-10,Manchester,Europe,10.21
841,2025-11,Manchester,Europe,10.44
842,2025-12,Manchester,Europe,10.65
843,2026-01,Manchester,Europe,10.31
844,2026-02,Manchester,Europe,10.58
845,2026-03,Manchester,Europe,10.56
846,2025-10,Manchester,Europe,10.21
847,2025-11,Manchester,Europe,10.44
848,2025-12,Manchester,Europe,10.65
849,2026-01,Manchester,Europe,10.31
850,2026-02,Manchester,Europe,10.58
851,2026-03,Manchester,Europe,10.56
852,2025-10,Manchester,Europe,10.21
853,2025-11,Manchester,Europe,10.44
854,2025-12,Manchester,Europe,10.65
855,2026-01,Manchester,Europe,10.31
856,2026-02,Manchester,Europe,10.58
857,2026-03,Manchester,Europe,10.56
858,2025-10,Manchester,Europe,10.21
859,2025-11,Manchester,Europe,10.44
860,2025-12,Manchester,Europe,10.65
861,2026-01,Manchester,Europe,10.31
862,2026-02,Manchester,Europe,10.58
863,2026-03,Manchester,Europe,10.56
864,2025-10,Manchester,Europe,10.21
865,2025-11,Manchester,Europe,10.44
866,2025-12,Manchester,Europe,10.65
867,2026-01,Manchester,Europe,10.31
868,2026-02,Manchester,Europe,10.58
869,2026-03,Manchester,Europe,10.56
870,2025-10,Manchester,Europe,10.21
871,2025-11,Manchester,Europe,10.44
872,2025-12,Manchester,Europe,10.65
873,2026-01,Manchester,Europe,10.31
874,2026-02,Manchester,Europe,10.58
875,2026-03,Manchester,Europe,10.56
876,2025-10,Manchester,Europe,10.21
877,2025-11,Manchester,Europe,10.44
878,2025-12,Manchester,Europe,10.65
879,2026-01,Manchester,Europe,10.31
880,2026-02,Manchester,Europe,10.58
881,2026-03,Manchester,Europe,10.56
882,2025-10,Manchester,Europe,10.21
883,2025-11,Manchester,Europe,10.44
884,2025-12,Manchester,Europe,10.65
885,2026-01,Manchester,Europe,10.31
886,2026-02,Manchester,Europe,10.58
887,2026-03,Manchester,Europe,10.56
888,2025-10,Manchester,Europe,10.21
889,2025-11,Manchester,Europe,10.44
890,2025-12,Manchester,Europe,10.65
891,2026-01,Manchester,Europe,10.31
892,2026-02,Manchester,Europe,10.58
893,2026-03,Manchester,Europe,10.56
894,2025-10,Manchester,Europe,10.21
895,2025-11,Manchester,Europe,10.44
896,2025-12,Manchester,Europe,10.65
897,2026-01,Manchester,Europe,10.31
898,2026-02,Manchester,Europe,10.58
899,2026-03,Manchester,Europe,10.56
900,2025-10,Manchester,Europe,10.21
901,2025-11,Manchester,Europe,10.44
902,2025-12,Manchester,Europe,10.65
903,2026-01,Manchester,Europe,10.31
904,2026-02,Manchester,Europe,10.58
905,2026-03,Manchester,Europe,10.56
906,2025-10,Manchester,Europe,10.21
907,2025-11,Manchester,Europe,10.44
908,2025-12,Manchester,Europe,10.65
909,2026-01,Manchester,Europe,10.31
910,2026-02,Manchester,Europe,10.58
911,2026-03,Manchester,Europe,10.56
912,2025-10,Manchester,Europe,10.21
913,2025-11,Manchester,Europe,10.44
914,2025-12,Manchester,Europe,10.65
915,2026-01,Manchester,Europe,10.31
916,2026-02,Manchester,Europe,10.58
917,2026-03,Manchester,Europe,10.56
918,2025-10,Manchester,Europe,10.21
919,2025-11,Manchester,Europe,10.44
920,2025-12,Manchester,Europe,10.65
921,2026-01,Manchester,Europe,10.31
922,2026-02,Manchester,Europe,10.58
923,2026-03,Manchester,Europe,10.56
924,2025-10,Paris,Europe,11.13
925,2025-11,Paris,Europe,11.33
926,2025-12,Paris,Europe,11.32
927,2026-01,Paris,Europe,11.26
928,2026-02,Paris,Europe,11.5
929,2026-03,Paris,Europe,11.45
930,2025-10,Paris,Europe,11.13
931,2025-11,Paris,Europe,11.33
932,2025-12,Paris,Europe,11.32
933,2026-01,Paris,Europe,11.26
934,2026-02,Paris,Europe,11.5
935,2026-03,Paris,Europe,11.45
936,2025-10,Paris,Europe,11.13
937,2025-11,Paris,Europe,11.33
938,2025-12,Paris,Europe,11.32
939,2026-01,Paris,Europe,11.26
940,2026-02,Paris,Europe,11.5
941,2026-03,Paris,Europe,11.45
942,2025-10,Paris,Europe,11.13
943,2025-11,Paris,Europe,11.33
944,2025-12,Paris,Europe,11.32
945,2026-01,Paris,Europe,11.26
946,2026-02,Paris,Europe,11.5
947,2026-03,Paris,Europe,11.45
948,2025-10,Paris,Europe,11.13
949,2025-11,Paris,Europe,11.33
950,2025-12,Paris,Europe,11.32
951,2026-01,Paris,Europe,11.26
952,2026-02,Paris,Europe,11.5
953,2026-03,Paris,Europe,11.45
954,2025-10,Paris,Europe,11.13
955,2025-11,Paris,Europe,11.33
956,2025-12,Paris,Europe,11.32
957,2026-01,Paris,Europe,11.26
958,2026-02,Paris,Europe,11.5
959,2026-03,Paris,Europe,11.45
960,2025-10,Paris,Europe,11.13
961,2025-11,Paris,Europe,11.33
962,2025-12,Paris,Europe,11.32
963,2026-01,Paris,Europe,11.26
964,2026-02,Paris,Europe,11.5
965,2026-03,Paris,Europe,11.45
966,2025-10,Paris,Europe,11.13
967,2025-11,Paris,Europe,11.33
968,2025-12,Paris,Europe,11.32
969,2026-01,Paris,Europe,11.26
970,2026-02,Paris,Europe,11.5
971,2026-03,Paris,Europe,11.45
972,2025-10,Paris,Europe,11.13
973,2025-11,Paris,Europe,11.33
974,2025-12,Paris,Europe,11.32
975,2026-01,Paris,Europe,11.26
976,2026-02,Paris,Europe,11.5
977,2026-03,Paris,Europe,11.45
978,2025-10,Paris,Europe,11.13
979,2025-11,Paris,Europe,11.33
980,2025-12,Paris,Europe,11.32
981,2026-01,Paris,Europe,11.26
982,2026-02,Paris,Europe,11.5
983,2026-03,Paris,Europe,11.45
984,2025-10,Paris,Europe,11.13
985,2025-11,Paris,Europe,11.33
986,2025-12,Paris,Europe,11.32
987,2026-01,Paris,Europe,11.26
988,2026-02,Paris,Europe,11.5
989,2026-03,Paris,Europe,11.45
990,2025-10,Paris,Europe,11.13
991,2025-11,Paris,Europe,11.33
992,2025-12,Paris,Europe,11.32
993,2026-01,Paris,Europe,11.26
994,2026-02,Paris,Europe,11.5
995,2026-03,Paris,Europe,11.45
996,2025-10,Paris,Europe,11.13
997,2025-11,Paris,Europe,11.33
998,2025-12,Paris,Europe,11.32
999,2026-01,Paris,Europe,11.26
1000,2026-02,Paris,Europe,11.5
1001,2026-03,Paris,Europe,11.45
1002,2025-10,Paris,Europe,11.13
1003,2025-11,Paris,Europe,11.33
1004,2025-12,Paris,Europe,11.32
1005,2026-01,Paris,Europe,11.26
1006,2026-02,Paris,Europe,11.5
1007,2026-03,Paris,Europe,11.45
1008,2025-10,Lyon,Europe,10.49
1009,2025-11,Lyon,Europe,10.31
1010,2025-12,Lyon,Europe,10.62
1011,2026-01,Lyon,Europe,10.51
1012,2026-02,Lyon,Europe,10.65
1013,2026-03,Lyon,Europe,10.63
1014,2025-10,Lyon,Europe,10.49
1015,2025-11,Lyon,Europe,10.31
1016,2025-12,Lyon,Europe,10.62
1017,2026-01,Lyon,Europe,10.51
1018,2026-02,Lyon,Europe,10.65
1019,2026-03,Lyon,Europe,10.63
1020,2025-10,Lyon,Europe,10.49
1021,2025-11,Lyon,Europe,10.31
1022,2025-12,Lyon,Europe,10.62
1023,2026-01,Lyon,Europe,10.51
1024,2026-02,Lyon,Europe,10.65
1025,2026-03,Lyon,Europe,10.63
1026,2025-10,Lyon,Europe,10.49
1027,2025-11,Lyon,Europe,10.31
1028,2025-12,Lyon,Europe,10.62
1029,2026-01,Lyon,Europe,10.51
1030,2026-02,Lyon,Europe,10.65
1031,2026-03,Lyon,Europe,10.63
1032,2025-10,Lyon,Europe,10.49
1033,2025-11,Lyon,Europe,10.31
1034,2025-12,Lyon,Europe,10.62
1035,2026-01,Lyon,Europe,10.51
1036,2026-02,Lyon,Europe,10.65
1037,2026-03,Lyon,Europe,10.63
1038,2025-10,Lyon,Europe,10.49
1039,2025-11,Lyon,Europe,10.31
1040,2025-12,Lyon,Europe,10.62
1041,2026-01,Lyon,Europe,10.51
1042,2026-02,Lyon,Europe,10.65
1043,2026-03,Lyon,Europe,10.63
1044,2025-10,Lyon,Europe,10.49
1045,2025-11,Lyon,Europe,10.31
1046,2025-12,Lyon,Europe,10.62
1047,2026-01,Lyon,Europe,10.51
1048,2026-02,Lyon,Europe,10.65
1049,2026-03,Lyon,Europe,10.63
1050,2025-10,Lyon,Europe,10.49
1051,2025-11,Lyon,Europe,10.31
1052,2025-12,Lyon,Europe,10.62
1053,2026-01,Lyon,Europe,10.51
1054,2026-02,Lyon,Europe,10.65
1055,2026-03,Lyon,Europe,10.63
1056,2025-10,Lyon,Europe,10.49
1057,2025-11,Lyon,Europe,10.31
1058,2025-12,Lyon,Europe,10.62
1059,2026-01,Lyon,Europe,10.51
1060,2026-02,Lyon,Europe,10.65
1061,2026-03,Lyon,Europe,10.63
1062,2025-10,Lyon,Europe,10.49
1063,2025-11,Lyon,Europe,10.31
1064,2025-12,Lyon,Europe,10.62
1065,2026-01,Lyon,Europe,10.51
1066,2026-02,Lyon,Europe,10.65
1067,2026-03,Lyon,Europe,10.63
1068,2025-10,Lyon,Europe,10.49
1069,2025-11,Lyon,Europe,10.31
1070,2025-12,Lyon,Europe,10.62
1071,2026-01,Lyon,Europe,10.51
1072,2026-02,Lyon,Europe,10.65
1073,2026-03,Lyon,Europe,10.63
1074,2025-10,Lyon,Europe,10.49
1075,2025-11,Lyon,Europe,10.31
1076,2025-12,Lyon,Europe,10.62
1077,2026-01,Lyon,Europe,10.51
1078,2026-02,Lyon,Europe,10.65
1079,2026-03,Lyon,Europe,10.63
1080,2025-10,Lyon,Europe,10.49
1081,2025-11,Lyon,Europe,10.31
1082,2025-12,Lyon,Europe,10.62
1083,2026-01,Lyon,Europe,10.51
1084,2026-02,Lyon,Europe,10.65
1085,2026-03,Lyon,Europe,10.63
1086,2025-10,Lyon,Europe,10.49
1087,2025-11,Lyon,Europe,10.31
1088,2025-12,Lyon,Europe,10.62
1089,2026-01,Lyon,Europe,10.51
1090,2026-02,Lyon,Europe,10.65
1091,2026-03,Lyon,Europe,10.63
1092,2025-10,Berlin,Europe,9.84
1093,2025-11,Berlin,Europe,9.78
1094,2025-12,Berlin,Europe,9.95
1095,2026-01,Berlin,Europe,10.03
1096,2026-02,Berlin,Europe,10.16
1097,2026-03,Berlin,Europe,10.17
1098,2025-10,Berlin,Europe,9.84
1099,2025-11,Berlin,Europe,9.78
1100,2025-12,Berlin,Europe,9.95
1101,2026-01,Berlin,Europe,10.03
1102,2026-02,Berlin,Europe,10.16
1103,2026-03,Berlin,Europe,10.17
1104,2025-10,Berlin,Europe,9.84
1105,2025-11,Berlin,Europe,9.78
1106,2025-12,Berlin,Europe,9.95
1107,2026-01,Berlin,Europe,10.03
1108,2026-02,Berlin,Europe,10.16
1109,2026-03,Berlin,Europe,10.17
1110,2025-10,Berlin,Europe,9.84
1111,2025-11,Berlin,Europe,9.78
1112,2025-12,Berlin,Europe,9.95
1113,2026-01,Berlin,Europe,10.03
1114,2026-02,Berlin,Europe,10.16
1115,2026-03,Berlin,Europe,10.17
1116,2025-10,Berlin,Europe,9.84
1117,2025-11,Berlin,Europe,9.78
1118,2025-12,Berlin,Europe,9.95
1119,2026-01,Berlin,Europe,10.03
1120,2026-02,Berlin,Europe,10.16
1121,2026-03,Berlin,Europe,10.17
1122,2025-10,Berlin,Europe,9.84
1123,2025-11,Berlin,Europe,9.78
1124,2025-12,Berlin,Europe,9.95
1125,2026-01,Berlin,Europe,10.03
1126,2026-02,Berlin,Europe,10.16
1127,2026-03,Berlin,Europe,10.17
1128,2025-10,Berlin,Europe,9.84
1129,2025-11,Berlin,Europe,9.78
1130,2025-12,Berlin,Europe,9.95
1131,2026-01,Berlin,Europe,10.03
1132,2026-02,Berlin,Europe,10.16
1133,2026-03,Berlin,Europe,10.17
1134,2025-10,Berlin,Europe,9.84
1135,2025-11,Berlin,Europe,9.78
1136,2025-12,Berlin,Europe,9.95
1137,2026-01,Berlin,Europe,10.03
1138,2026-02,Berlin,Europe,10.16
1139,2026-03,Berlin,Europe,10.17
1140,2025-10,Berlin,Europe,9.84
1141,2025-11,Berlin,Europe,9.78
1142,2025-12,Berlin,Europe,9.95
1143,2026-01,Berlin,Europe,10.03
1144,2026-02,Berlin,Europe,10.16
1145,2026-03,Berlin,Europe,10.17
1146,2025-10,Berlin,Europe,9.84
1147,2025-11,Berlin,Europe,9.78
1148,2025-12,Berlin,Europe,9.95
1149,2026-01,Berlin,Europe,10.03
1150,2026-02,Berlin,Europe,10.16
1151,2026-03,Berlin,Europe,10.17
1152,2025-10,Berlin,Europe,9.84
1153,2025-11,Berlin,Europe,9.78
1154,2025-12,Berlin,Europe,9.95
1155,2026-01,Berlin,Europe,10.03
1156,2026-02,Berlin,Europe,10.16
1157,2026-03,Berlin,Europe,10.17
1158,2025-10,Berlin,Europe,9.84
1159,2025-11,Berlin,Europe,9.78
1160,2025-12,Berlin,Europe,9.95
1161,2026-01,Berlin,Europe,10.03
1162,2026-02,Berlin,Europe,10.16
1163,2026-03,Berlin,Europe,10.17
1164,2025-10,Berlin,Europe,9.84
1165,2025-11,Berlin,Europe,9.78
1166,2025-12,Berlin,Europe,9.95
1167,2026-01,Berlin,Europe,10.03
1168,2026-02,Berlin,Europe,10.16
1169,2026-03,Berlin,Europe,10.17
1170,2025-10,Berlin,Europe,9.84
1171,2025-11,Berlin,Europe,9.78
1172,2025-12,Berlin,Europe,9.95
1173,2026-01,Berlin,Europe,10.03
1174,2026-02,Berlin,Europe,10.16
1175,2026-03,Berlin,Europe,10.17
1176,2025-10,Munich,Europe,10.55
1177,2025-11,Munich,Europe,10.52
1178,2025-12,Munich,Europe,10.97
1179,2026-01,Munich,Europe,10.59
1180,2026-02,Munich,Europe,10.88
1181,2026-03,Munich,Europe,10.85
1182,2025-10,Munich,Europe,10.55
1183,2025-11,Munich,Europe,10.52
1184,2025-12,Munich,Europe,10.97
1185,2026-01,Munich,Europe,10.59
1186,2026-02,Munich,Europe,10.88
1187,2026-03,Munich,Europe,10.85
1188,2025-10,Munich,Europe,10.55
1189,2025-11,Munich,Europe,10.52
1190,2025-12,Munich,Europe,10.97
1191,2026-01,Munich,Europe,10.59
1192,2026-02,Munich,Europe,10.88
1193,2026-03,Munich,Europe,10.85
1194,2025-10,Munich,Europe,10.55
1195,2025-11,Munich,Europe,10.52
1196,2025-12,Munich,Europe,10.97
1197,2026-01,Munich,Europe,10.59
1198,2026-02,Munich,Europe,10.88
1199,2026-03,Munich,Europe,10.85
1200,2025-10,Munich,Europe,10.55
1201,2025-11,Munich,Europe,10.52
1202,2025-12,Munich,Europe,10.97
1203,2026-01,Munich,Europe,10.59
1204,2026-02,Munich,Europe,10.88
1205,2026-03,Munich,Europe,10.85
1206,2025-10,Munich,Europe,10.55
1207,2025-11,Munich,Europe,10.52
1208,2025-12,Munich,Europe,10.97
1209,2026-01,Munich,Europe,10.59
1210,2026-02,Munich,Europe,10.88
1211,2026-03,Munich,Europe,10.85
1212,2025-10,Munich,Europe,10.55
1213,2025-11,Munich,Europe,10.52
1214,2025-12,Munich,Europe,10.97
1215,2026-01,Munich,Europe,10.59
1216,2026-02,Munich,Europe,10.88
1217,2026-03,Munich,Europe,10.85
1218,2025-10,Munich,Europe,10.55
1219,2025-11,Munich,Europe,10.52
1220,2025-12,Munich,Europe,10.97
1221,2026-01,Munich,Europe,10.59
1222,2026-02,Munich,Europe,10.88
1223,2026-03,Munich,Europe,10.85
1224,2025-10,Munich,Europe,10.55
1225,2025-11,Munich,Europe,10.52
1226,2025-12,Munich,Europe,10.97
1227,2026-01,Munich,Europe,10.59
1228,2026-02,Munich,Europe,10.88
1229,2026-03,Munich,Europe,10.85
1230,2025-10,Munich,Europe,10.55
1231,2025-11,Munich,Europe,10.52
1232,2025-12,Munich,Europe,10.97
1233,2026-01,Munich,Europe,10.59
1234,2026-02,Munich,Europe,10.88
1235,2026-03,Munich,Europe,10.85
1236,2025-10,Munich,Europe,10.55
1237,2025-11,Munich,Europe,10.52
1238,2025-12,Munich,Europe,10.97
1239,2026-01,Munich,Europe,10.59
1240,2026-02,Munich,Europe,10.88
1241,2026-03,Munich,Europe,10.85
1242,2025-10,Munich,Europe,10.55
1243,2025-11,Munich,Europe,10.52
1244,2025-12,Munich,Europe,10.97
1245,2026-01,Munich,Europe,10.59
1246,2026-02,Munich,Europe,10.88
1247,2026-03,Munich,Europe,10.85
1248,2025-10,Munich,Europe,10.55
1249,2025-11,Munich,Europe,10.52
1250,2025-12,Munich,Europe,10.97
1251,2026-01,Munich,Europe,10.59
1252,2026-02,Munich,Europe,10.88
1253,2026-03,Munich,Europe,10.85
1254,2025-10,Munich,Europe,10.55
1255,2025-11,Munich,Europe,10.52
1256,2025-12,Munich,Europe,10.97
1257,2026-01,Munich,Europe,10.59
1258,2026-02,Munich,Europe,10.88
1259,2026-03,Munich,Europe,10.85
1260,2025-10,Amsterdam,Europe,11.76
1261,2025-11,Amsterdam,Europe,11.87
1262,2025-12,Amsterdam,Europe,12.01
1263,2026-01,Amsterdam,Europe,11.95
1264,2026-02,Amsterdam,Europe,11.94
1265,2026-03,Amsterdam,Europe,12.05
1266,2025-10,Amsterdam,Europe,11.76
1267,2025-11,Amsterdam,Europe,11.87
1268,2025-12,Amsterdam,Europe,12.01
1269,2026-01,Amsterdam,Europe,11.95
1270,2026-02,Amsterdam,Europe,11.94
1271,2026-03,Amsterdam,Europe,12.05
1272,2025-10,Amsterdam,Europe,11.76
1273,2025-11,Amsterdam,Europe,11.87
1274,2025-12,Amsterdam,Europe,12.01
1275,2026-01,Amsterdam,Europe,11.95
1276,2026-02,Amsterdam,Europe,11.94
1277,2026-03,Amsterdam,Europe,12.05
1278,2025-10,Amsterdam,Europe,11.76
1279,2025-11,Amsterdam,Europe,11.87
1280,2025-12,Amsterdam,Europe,12.01
1281,2026-01,Amsterdam,Europe,11.95
1282,2026-02,Amsterdam,Europe,11.94
1283,2026-03,Amsterdam,Europe,12.05
1284,2025-10,Amsterdam,Europe,11.76
1285,2025-11,Amsterdam,Europe,11.87
1286,2025-12,Amsterdam,Europe,12.01
1287,2026-01,Amsterdam,Europe,11.95
1288,2026-02,Amsterdam,Europe,11.94
1289,2026-03,Amsterdam,Europe,12.05
1290,2025-10,Amsterdam,Europe,11.76
1291,2025-11,Amsterdam,Europe,11.87
1292,2025-12,Amsterdam,Europe,12.01
1293,2026-01,Amsterdam,Europe,11.95
1294,2026-02,Amsterdam,Europe,11.94
1295,2026-03,Amsterdam,Europe,12.05
1296,2025-10,Amsterdam,Europe,11.76
1297,2025-11,Amsterdam,Europe,11.87
1298,2025-12,Amsterdam,Europe,12.01
1299,2026-01,Amsterdam,Europe,11.95
1300,2026-02,Amsterdam,Europe,11.94
1301,2026-03,Amsterdam,Europe,12.05
1302,2025-10,Amsterdam,Europe,11.76
1303,2025-11,Amsterdam,Europe,11.87
1304,2025-12,Amsterdam,Europe,12.01
1305,2026-01,Amsterdam,Europe,11.95
1306,2026-02,Amsterdam,Europe,11.94
1307,2026-03,Amsterdam,Europe,12.05
1308,2025-10,Amsterdam,Europe,11.76
1309,2025-11,Amsterdam,Europe,11.87
1310,2025-12,Amsterdam,Europe,12.01
1311,2026-01,Amsterdam,Europe,11.95
1312,2026-02,Amsterdam,Europe,11.94
1313,2026-03,Amsterdam,Europe,12.05
1314,2025-10,Amsterdam,Europe,11.76
1315,2025-11,Amsterdam,Europe,11.87
1316,2025-12,Amsterdam,Europe,12.01
1317,2026-01,Amsterdam,Europe,11.95
1318,2026-02,Amsterdam,Europe,11.94
1319,2026-03,Amsterdam,Europe,12.05
1320,2025-10,Amsterdam,Europe,11.76
1321,2025-11,Amsterdam,Europe,11.87
1322,2025-12,Amsterdam,Europe,12.01
1323,2026-01,Amsterdam,Europe,11.95
1324,2026-02,Amsterdam,Europe,11.94
1325,2026-03,Amsterdam,Europe,12.05
1326,2025-10,Amsterdam,Europe,11.76
1327,2025-11,Amsterdam,Europe,11.87
1328,2025-12,Amsterdam,Europe,12.01
1329,2026-01,Amsterdam,Europe,11.95
1330,2026-02,Amsterdam,Europe,11.94
1331,2026-03,Amsterdam,Europe,12.05
1332,2025-10,Amsterdam,Europe,11.76
1333,2025-11,Amsterdam,Europe,11.87
1334,2025-12,Amsterdam,Europe,12.01
1335,2026-01,Amsterdam,Europe,11.95
1336,2026-02,Amsterdam,Europe,11.94
1337,2026-03,Amsterdam,Europe,12.05
1338,2025-10,Amsterdam,Europe,11.76
1339,2025-11,Amsterdam,Europe,11.87
1340,2025-12,Amsterdam,Europe,12.01
1341,2026-01,Amsterdam,Europe,11.95
1342,2026-02,Amsterdam,Europe,11.94
1343,2026-03,Amsterdam,Europe,12.05
1344,2025-10,Madrid,Europe,8.47
1345,2025-11,Madrid,Europe,8.34
1346,2025-12,Madrid,Europe,8.66
1347,2026-01,Madrid,Europe,8.56
1348,2026-02,Madrid,Europe,8.67
1349,2026-03,Madrid,Europe,8.71
1350,2025-10,Madrid,Europe,8.47
1351,2025-11,Madrid,Europe,8.34
1352,2025-12,Madrid,Europe,8.66
1353,2026-01,Madrid,Europe,8.56
1354,2026-02,Madrid,Europe,8.67
1355,2026-03,Madrid,Europe,8.71
1356,2025-10,Madrid,Europe,8.47
1357,2025-11,Madrid,Europe,8.34
1358,2025-12,Madrid,Europe,8.66
1359,2026-01,Madrid,Europe,8.56
1360,2026-02,Madrid,Europe,8.67
1361,2026-03,Madrid,Europe,8.71
1362,2025-10,Madrid,Europe,8.47
1363,2025-11,Madrid,Europe,8.34
1364,2025-12,Madrid,Europe,8.66
1365,2026-01,Madrid,Europe,8.56
1366,2026-02,Madrid,Europe,8.67
1367,2026-03,Madrid,Europe,8.71
1368,2025-10,Madrid,Europe,8.47
1369,2025-11,Madrid,Europe,8.34
1370,2025-12,Madrid,Europe,8.66
1371,2026-01,Madrid,Europe,8.56
1372,2026-02,Madrid,Europe,8.67
1373,2026-03,Madrid,Europe,8.71
1374,2025-10,Madrid,Europe,8.47
1375,2025-11,Madrid,Europe,8.34
1376,2025-12,Madrid,Europe,8.66
1377,2026-01,Madrid,Europe,8.56
1378,2026-02,Madrid,Europe,8.67
1379,2026-03,Madrid,Europe,8.71
1380,2025-10,Madrid,Europe,8.47
1381,2025-11,Madrid,Europe,8.34
1382,2025-12,Madrid,Europe,8.66
1383,2026-01,Madrid,Europe,8.56
1384,2026-02,Madrid,Europe,8.67
1385,2026-03,Madrid,Europe,8.71
1386,2025-10,Madrid,Europe,8.47
1387,2025-11,Madrid,Europe,8.34
1388,2025-12,Madrid,Europe,8.66
1389,2026-01,Madrid,Europe,8.56
1390,2026-02,Madrid,Europe,8.67
1391,2026-03,Madrid,Europe,8.71
1392,2025-10,Madrid,Europe,8.47
1393,2025-11,Madrid,Europe,8.34
1394,2025-12,Madrid,Europe,8.66
1395,2026-01,Madrid,Europe,8.56
1396,2026-02,Madrid,Europe,8.67
1397,2026-03,Madrid,Europe,8.71
1398,2025-10,Madrid,Europe,8.47
1399,2025-11,Madrid,Europe,8.34
1400,2025-12,Madrid,Europe,8.66
1401,2026-01,Madrid,Europe,8.56
1402,2026-02,Madrid,Europe,8.67
1403,2026-03,Madrid,Europe,8.71
1404,2025-10,Madrid,Europe,8.47
1405,2025-11,Madrid,Europe,8.34
1406,2025-12,Madrid,Europe,8.66
1407,2026-01,Madrid,Europe,8.56
1408,2026-02,Madrid,Europe,8.67
1409,2026-03,Madrid,Europe,8.71
1410,2025-10,Madrid,Europe,8.47
1411,2025-11,Madrid,Europe,8.34
1412,2025-12,Madrid,Europe,8.66
1413,2026-01,Madrid,Europe,8.56
1414,2026-02,Madrid,Europe,8.67
1415,2026-03,Madrid,Europe,8.71
1416,2025-10,Madrid,Europe,8.47
1417,2025-11,Madrid,Europe,8.34
1418,2025-12,Madrid,Europe,8.66
1419,2026-01,Madrid,Europe,8.56
1420,2026-02,Madrid,Europe,8.67
1421,2026-03,Madrid,Europe,8.71
1422,2025-10,Madrid,Europe,8.47
1423,2025-11,Madrid,Europe,8.34
1424,2025-12,Madrid,Europe,8.66
1425,2026-01,Madrid,Europe,8.56
1426,2026-02,Madrid,Europe,8.67
1427,2026-03,Madrid,Europe,8.71
1428,2025-10,Barcelona,Europe,8.47
1429,2025-11,Barcelona,Europe,8.67
1430,2025-12,Barcelona,Europe,8.91
1431,2026-01,Barcelona,Europe,8.87
1432,2026-02,Barcelona,Europe,9.02
1433,2026-03,Barcelona,Europe,8.88
1434,2025-10,Barcelona,Europe,8.47
1435,2025-11,Barcelona,Europe,8.67
1436,2025-12,Barcelona,Europe,8.91
1437,2026-01,Barcelona,Europe,8.87
1438,2026-02,Barcelona,Europe,9.02
1439,2026-03,Barcelona,Europe,8.88
1440,2025-10,Barcelona,Europe,8.47
1441,2025-11,Barcelona,Europe,8.67
1442,2025-12,Barcelona,Europe,8.91
1443,2026-01,Barcelona,Europe,8.87
1444,2026-02,Barcelona,Europe,9.02
1445,2026-03,Barcelona,Europe,8.88
1446,2025-10,Barcelona,Europe,8.47
1447,2025-11,Barcelona,Europe,8.67
1448,2025-12,Barcelona,Europe,8.91
1449,2026-01,Barcelona,Europe,8.87
1450,2026-02,Barcelona,Europe,9.02
1451,2026-03,Barcelona,Europe,8.88
1452,2025-10,Barcelona,Europe,8.47
1453,2025-11,Barcelona,Europe,8.67
1454,2025-12,Barcelona,Europe,8.91
1455,2026-01,Barcelona,Europe,8.87
1456,2026-02,Barcelona,Europe,9.02
1457,2026-03,Barcelona,Europe,8.88
1458,2025-10,Barcelona,Europe,8.47
1459,2025-11,Barcelona,Europe,8.67
1460,2025-12,Barcelona,Europe,8.91
1461,2026-01,Barcelona,Europe,8.87
1462,2026-02,Barcelona,Europe,9.02
1463,2026-03,Barcelona,Europe,8.88
1464,2025-10,Barcelona,Europe,8.47
1465,2025-11,Barcelona,Europe,8.67
1466,2025-12,Barcelona,Europe,8.91
1467,2026-01,Barcelona,Europe,8.87
1468,2026-02,Barcelona,Europe,9.02
1469,2026-03,Barcelona,Europe,8.88
1470,2025-10,Barcelona,Europe,8.47
1471,2025-11,Barcelona,Europe,8.67
1472,2025-12,Barcelona,Europe,8.91
1473,2026-01,Barcelona,Europe,8.87
1474,2026-02,Barcelona,Europe,9.02
1475,2026-03,Barcelona,Europe,8.88
1476,2025-10,Barcelona,Europe,8.47
1477,2025-11,Barcelona,Europe,8.67
1478,2025-12,Barcelona,Europe,8.91
1479,2026-01,Barcelona,Europe,8.87
1480,2026-02,Barcelona,Europe,9.02
1481,2026-03,Barcelona,Europe,8.88
1482,2025-10,Barcelona,Europe,8.47
1483,2025-11,Barcelona,Europe,8.67
1484,2025-12,Barcelona,Europe,8.91
1485,2026-01,Barcelona,Europe,8.87
1486,2026-02,Barcelona,Europe,9.02
1487,2026-03,Barcelona,Europe,8.88
1488,2025-10,Barcelona,Europe,8.47
1489,2025-11,Barcelona,Europe,8.67
1490,2025-12,Barcelona,Europe,8.91
1491,2026-01,Barcelona,Europe,8.87
1492,2026-02,Barcelona,Europe,9.02
1493,2026-03,Barcelona,Europe,8.88
1494,2025-10,Barcelona,Europe,8.47
1495,2025-11,Barcelona,Europe,8.67
1496,2025-12,Barcelona,Europe,8.91
1497,2026-01,Barcelona,Europe,8.87
1498,2026-02,Barcelona,Europe,9.02
1499,2026-03,Barcelona,Europe,8.88
1500,2025-10,Barcelona,Europe,8.47
1501,2025-11,Barcelona,Europe,8.67
1502,2025-12,Barcelona,Europe,8.91
1503,2026-01,Barcelona,Europe,8.87
1504,2026-02,Barcelona,Europe,9.02
1505,2026-03,Barcelona,Europe,8.88
1506,2025-10,Barcelona,Europe,8.47
1507,2025-11,Barcelona,Europe,8.67
1508,2025-12,Barcelona,Europe,8.91
1509,2026-01,Barcelona,Europe,8.87
1510,2026-02,Barcelona,Europe,9.02
1511,2026-03,Barcelona,Europe,8.88
1512,2025-10,Rome,Europe,11.92
1513,2025-11,Rome,Europe,11.98
1514,2025-12,Rome,Europe,12.02
1515,2026-01,Rome,Europe,12.07
1516,2026-02,Rome,Europe,12.01
1517,2026-03,Rome,Europe,12.09
1518,2025-10,Rome,Europe,11.92
1519,2025-11,Rome,Europe,11.98
1520,2025-12,Rome,Europe,12.02
1521,2026-01,Rome,Europe,12.07
1522,2026-02,Rome,Europe,12.01
1523,2026-03,Rome,Europe,12.09
1524,2025-10,Rome,Europe,11.92
1525,2025-11,Rome,Europe,11.98
1526,2025-12,Rome,Europe,12.02
1527,2026-01,Rome,Europe,12.07
1528,2026-02,Rome,Europe,12.01
1529,2026-03,Rome,Europe,12.09
1530,2025-10,Rome,Europe,11.92
1531,2025-11,Rome,Europe,11.98
1532,2025-12,Rome,Europe,12.02
1533,2026-01,Rome,Europe,12.07
1534,2026-02,Rome,Europe,12.01
1535,2026-03,Rome,Europe,12.09
1536,2025-10,Rome,Europe,11.92
1537,2025-11,Rome,Europe,11.98
1538,2025-12,Rome,Europe,12.02
1539,2026-01,Rome,Europe,12.07
1540,2026-02,Rome,Europe,12.01
1541,2026-03,Rome,Europe,12.09
1542,2025-10,Rome,Europe,11.92
1543,2025-11,Rome,Europe,11.98
1544,2025-12,Rome,Europe,12.02
1545,2026-01,Rome,Europe,12.07
1546,2026-02,Rome,Europe,12.01
1547,2026-03,Rome,Europe,12.09
1548,2025-10,Rome,Europe,11.92
1549,2025-11,Rome,Europe,11.98
1550,2025-12,Rome,Europe,12.02
1551,2026-01,Rome,Europe,12.07
1552,2026-02,Rome,Europe,12.01
1553,2026-03,Rome,Europe,12.09
1554,2025-10,Rome,Europe,11.92
1555,2025-11,Rome,Europe,11.98
1556,2025-12,Rome,Europe,12.02
1557,2026-01,Rome,Europe,12.07
1558,2026-02,Rome,Europe,12.01
1559,2026-03,Rome,Europe,12.09
1560,2025-10,Rome,Europe,11.92
1561,2025-11,Rome,Europe,11.98
1562,2025-12,Rome,Europe,12.02
1563,2026-01,Rome,Europe,12.07
1564,2026-02,Rome,Europe,12.01
1565,2026-03,Rome,Europe,12.09
1566,2025-10,Rome,Europe,11.92
1567,2025-11,Rome,Europe,11.98
1568,2025-12,Rome,Europe,12.02
1569,2026-01,Rome,Europe,12.07
1570,2026-02,Rome,Europe,12.01
1571,2026-03,Rome,Europe,12.09
1572,2025-10,Rome,Europe,11.92
1573,2025-11,Rome,Europe,11.98
1574,2025-12,Rome,Europe,12.02
1575,2026-01,Rome,Europe,12.07
1576,2026-02,Rome,Europe,12.01
1577,2026-03,Rome,Europe,12.09
1578,2025-10,Rome,Europe,11.92
1579,2025-11,Rome,Europe,11.98
1580,2025-12,Rome,Europe,12.02
1581,2026-01,Rome,Europe,12.07
1582,2026-02,Rome,Europe,12.01
1583,2026-03,Rome,Europe,12.09
1584,2025-10,Rome,Europe,11.92
1585,2025-11,Rome,Europe,11.98
1586,2025-12,Rome,Europe,12.02
1587,2026-01,Rome,Europe,12.07
1588,2026-02,Rome,Europe,12.01
1589,2026-03,Rome,Europe,12.09
1590,2025-10,Rome,Europe,11.92
1591,2025-11,Rome,Europe,11.98
1592,2025-12,Rome,Europe,12.02
1593,2026-01,Rome,Europe,12.07
1594,2026-02,Rome,Europe,12.01
1595,2026-03,Rome,Europe,12.09
1596,2025-10,Milan,Europe,12.06
1597,2025-11,Milan,Europe,12.28
1598,2025-12,Milan,Europe,12.4
1599,2026-01,Milan,Europe,12.56
1600,2026-02,Milan,Europe,12.5
1601,2026-03,Milan,Europe,12.65
1602,2025-10,Milan,Europe,12.06
1603,2025-11,Milan,Europe,12.28
1604,2025-12,Milan,Europe,12.4
1605,2026-01,Milan,Europe,12.56
1606,2026-02,Milan,Europe,12.5
1607,2026-03,Milan,Europe,12.65
1608,2025-10,Milan,Europe,12.06
1609,2025-11,Milan,Europe,12.28
1610,2025-12,Milan,Europe,12.4
1611,2026-01,Milan,Europe,12.56
1612,2026-02,Milan,Europe,12.5
1613,2026-03,Milan,Europe,12.65
1614,2025-10,Milan,Europe,12.06
1615,2025-11,Milan,Europe,12.28
1616,2025-12,Milan,Europe,12.4
1617,2026-01,Milan,Europe,12.56
1618,2026-02,Milan,Europe,12.5
1619,2026-03,Milan,Europe,12.65
1620,2025-10,Milan,Europe,12.06
1621,2025-11,Milan,Europe,12.28
1622,2025-12,Milan,Europe,12.4
1623,2026-01,Milan,Europe,12.56
1624,2026-02,Milan,Europe,12.5
1625,2026-03,Milan,Europe,12.65
1626,2025-10,Milan,Europe,12.06
1627,2025-11,Milan,Europe,12.28
1628,2025-12,Milan,Europe,12.4
1629,2026-01,Milan,Europe,12.56
1630,2026-02,Milan,Europe,12.5
1631,2026-03,Milan,Europe,12.65
1632,2025-10,Milan,Europe,12.06
1633,2025-11,Milan,Europe,12.28
1634,2025-12,Milan,Europe,12.4
1635,2026-01,Milan,Europe,12.56
1636,2026-02,Milan,Europe,12.5
1637,2026-03,Milan,Europe,12.65
1638,2025-10,Milan,Europe,12.06
1639,2025-11,Milan,Europe,12.28
1640,2025-12,Milan,Europe,12.4
1641,2026-01,Milan,Europe,12.56
1642,2026-02,Milan,Europe,12.5
1643,2026-03,Milan,Europe,12.65
1644,2025-10,Milan,Europe,12.06
1645,2025-11,Milan,Europe,12.28
1646,2025-12,Milan,Europe,12.4
1647,2026-01,Milan,Europe,12.56
1648,2026-02,Milan,Europe,12.5
1649,2026-03,Milan,Europe,12.65
1650,2025-10,Milan,Europe,12.06
1651,2025-11,Milan,Europe,12.28
1652,2025-12,Milan,Europe,12.4
1653,2026-01,Milan,Europe,12.56
1654,2026-02,Milan,Europe,12.5
1655,2026-03,Milan,Europe,12.65
1656,2025-10,Milan,Europe,12.06
1657,2025-11,Milan,Europe,12.28
1658,2025-12,Milan,Europe,12.4
1659,2026-01,Milan,Europe,12.56
1660,2026-02,Milan,Europe,12.5
1661,2026-03,Milan,Europe,12.65
1662,2025-10,Milan,Europe,12.06
1663,2025-11,Milan,Europe,12.28
1664,2025-12,Milan,Europe,12.4
1665,2026-01,Milan,Europe,12.56
1666,2026-02,Milan,Europe,12.5
1667,2026-03,Milan,Europe,12.65
1668,2025-10,Milan,Europe,12.06
1669,2025-11,Milan,Europe,12.28
1670,2025-12,Milan,Europe,12.4
1671,2026-01,Milan,Europe,12.56
1672,2026-02,Milan,Europe,12.5
1673,2026-03,Milan,Europe,12.65
1674,2025-10,Milan,Europe,12.06
1675,2025-11,Milan,Europe,12.28
1676,2025-12,Milan,Europe,12.4
1677,2026-01,Milan,Europe,12.56
1678,2026-02,Milan,Europe,12.5
1679,2026-03,Milan,Europe,12.65
1680,2025-10,Zurich,Europe,17.6
1681,2025-11,Zurich,Europe,17.95
1682,2025-12,Zurich,Europe,18.34
1683,2026-01,Zurich,Europe,17.94
1684,2026-02,Zurich,Europe,18.23
1685,2026-03,Zurich,Europe,18.15
1686,2025-10,Zurich,Europe,17.6
1687,2025-11,Zurich,Europe,17.95
1688,2025-12,Zurich,Europe,18.34
1689,2026-01,Zurich,Europe,17.94
1690,2026-02,Zurich,Europe,18.23
1691,2026-03,Zurich,Europe,18.15
1692,2025-10,Zurich,Europe,17.6
1693,2025-11,Zurich,Europe,17.95
1694,2025-12,Zurich,Europe,18.34
1695,2026-01,Zurich,Europe,17.94
1696,2026-02,Zurich,Europe,18.23
1697,2026-03,Zurich,Europe,18.15
1698,2025-10,Zurich,Europe,17.6
1699,2025-11,Zurich,Europe,17.95
1700,2025-12,Zurich,Europe,18.34
1701,2026-01,Zurich,Europe,17.94
1702,2026-02,Zurich,Europe,18.23
1703,2026-03,Zurich,Europe,18.15
1704,2025-10,Zurich,Europe,17.6
1705,2025-11,Zurich,Europe,17.95
1706,2025-12,Zurich,Europe,18.34
1707,2026-01,Zurich,Europe,17.94
1708,2026-02,Zurich,Europe,18.23
1709,2026-03,Zurich,Europe,18.15
1710,2025-10,Zurich,Europe,17.6
1711,2025-11,Zurich,Europe,17.95
1712,2025-12,Zurich,Europe,18.34
1713,2026-01,Zurich,Europe,17.94
1714,2026-02,Zurich,Europe,18.23
1715,2026-03,Zurich,Europe,18.15
1716,2025-10,Zurich,Europe,17.6
1717,2025-11,Zurich,Europe,17.95
1718,2025-12,Zurich,Europe,18.34
1719,2026-01,Zurich,Europe,17.94
1720,2026-02,Zurich,Europe,18.23
1721,2026-03,Zurich,Europe,18.15
1722,2025-10,Zurich,Europe,17.6
1723,2025-11,Zurich,Europe,17.95
1724,2025-12,Zurich,Europe,18.34
1725,2026-01,Zurich,Europe,17.94
1726,2026-02,Zurich,Europe,18.23
1727,2026-03,Zurich,Europe,18.15
1728,2025-10,Zurich,Europe,17.6
1729,2025-11,Zurich,Europe,17.95
1730,2025-12,Zurich,Europe,18.34
1731,2026-01,Zurich,Europe,17.94
1732,2026-02,Zurich,Europe,18.23
1733,2026-03,Zurich,Europe,18.15
1734,2025-10,Zurich,Europe,17.6
1735,2025-11,Zurich,Europe,17.95
1736,2025-12,Zurich,Europe,18.34
1737,2026-01,Zurich,Europe,17.94
1738,2026-02,Zurich,Europe,18.23
1739,2026-03,Zurich,Europe,18.15
1740,2025-10,Zurich,Europe,17.6
1741,2025-11,Zurich,Europe,17.95
1742,2025-12,Zurich,Europe,18.34
1743,2026-01,Zurich,Europe,17.94
1744,2026-02,Zurich,Europe,18.23
1745,2026-03,Zurich,Europe,18.15
1746,2025-10,Zurich,Europe,17.6
1747,2025-11,Zurich,Europe,17.95
1748,2025-12,Zurich,Europe,18.34
1749,2026-01,Zurich,Europe,17.94
1750,2026-02,Zurich,Europe,18.23
1751,2026-03,Zurich,Europe,18.15
1752,2025-10,Zurich,Europe,17.6
1753,2025-11,Zurich,Europe,17.95
1754,2025-12,Zurich,Europe,18.34
1755,2026-01,Zurich,Europe,17.94
1756,2026-02,Zurich,Europe,18.23
1757,2026-03,Zurich,Europe,18.15
1758,2025-10,Zurich,Europe,17.6
1759,2025-11,Zurich,Europe,17.95
1760,2025-12,Zurich,Europe,18.34
1761,2026-01,Zurich,Europe,17.94
1762,2026-02,Zurich,Europe,18.23
1763,2026-03,Zurich,Europe,18.15
1764,2025-10,Vienna,Europe,12.96
1765,2025-11,Vienna,Europe,13.13
1766,2025-12,Vienna,Europe,13.27
1767,2026-01,Vienna,Europe,13.13
1768,2026-02,Vienna,Europe,13.25
1769,2026-03,Vienna,Europe,13.18
1770,2025-10,Vienna,Europe,12.96
1771,2025-11,Vienna,Europe,13.13
1772,2025-12,Vienna,Europe,13.27
1773,2026-01,Vienna,Europe,13.13
1774,2026-02,Vienna,Europe,13.25
1775,2026-03,Vienna,Europe,13.18
1776,2025-10,Vienna,Europe,12.96
1777,2025-11,Vienna,Europe,13.13
1778,2025-12,Vienna,Europe,13.27
1779,2026-01,Vienna,Europe,13.13
1780,2026-02,Vienna,Europe,13.25
1781,2026-03,Vienna,Europe,13.18
1782,2025-10,Vienna,Europe,12.96
1783,2025-11,Vienna,Europe,13.13
1784,2025-12,Vienna,Europe,13.27
1785,2026-01,Vienna,Europe,13.13
1786,2026-02,Vienna,Europe,13.25
1787,2026-03,Vienna,Europe,13.18
1788,2025-10,Vienna,Europe,12.96
1789,2025-11,Vienna,Europe,13.13
1790,2025-12,Vienna,Europe,13.27
1791,2026-01,Vienna,Europe,13.13
1792,2026-02,Vienna,Europe,13.25
1793,2026-03,Vienna,Europe,13.18
1794,2025-10,Vienna,Europe,12.96
1795,2025-11,Vienna,Europe,13.13
1796,2025-12,Vienna,Europe,13.27
1797,2026-01,Vienna,Europe,13.13
1798,2026-02,Vienna,Europe,13.25
1799,2026-03,Vienna,Europe,13.18
1800,2025-10,Vienna,Europe,12.96
1801,2025-11,Vienna,Europe,13.13
1802,2025-12,Vienna,Europe,13.27
1803,2026-01,Vienna,Europe,13.13
1804,2026-02,Vienna,Europe,13.25
1805,2026-03,Vienna,Europe,13.18
1806,2025-10,Vienna,Europe,12.96
1807,2025-11,Vienna,Europe,13.13
1808,2025-12,Vienna,Europe,13.27
1809,2026-01,Vienna,Europe,13.13
1810,2026-02,Vienna,Europe,13.25
1811,2026-03,Vienna,Europe,13.18
1812,2025-10,Vienna,Europe,12.96
1813,2025-11,Vienna,Europe,13.13
1814,2025-12,Vienna,Europe,13.27
1815,2026-01,Vienna,Europe,13.13
1816,2026-02,Vienna,Europe,13.25
1817,2026-03,Vienna,Europe,13.18
1818,2025-10,Vienna,Europe,12.96
1819,2025-11,Vienna,Europe,13.13
1820,2025-12,Vienna,Europe,13.27
1821,2026-01,Vienna,Europe,13.13
1822,2026-02,Vienna,Europe,13.25
1823,2026-03,Vienna,Europe,13.18
1824,2025-10,Vienna,Europe,12.96
1825,2025-11,Vienna,Europe,13.13
1826,2025-12,Vienna,Europe,13.27
1827,2026-01,Vienna,Europe,13.13
1828,2026-02,Vienna,Europe,13.25
1829,2026-03,Vienna,Europe,13.18
1830,2025-10,Vienna,Europe,12.96
1831,2025-11,Vienna,Europe,13.13
1832,2025-12,Vienna,Europe,13.27
1833,2026-01,Vienna,Europe,13.13
1834,2026-02,Vienna,Europe,13.25
1835,2026-03,Vienna,Europe,13.18
1836,2025-10,Vienna,Europe,12.96
1837,2025-11,Vienna,Europe,13.13
1838,2025-12,Vienna,Europe,13.27
1839,2026-01,Vienna,Europe,13.13
1840,2026-02,Vienna,Europe,13.25
1841,2026-03,Vienna,Europe,13.18
1842,2025-10,Vienna,Europe,12.96
1843,2025-11,Vienna,Europe,13.13
1844,2025-12,Vienna,Europe,13.27
1845,2026-01,Vienna,Europe,13.13
1846,2026-02,Vienna,Europe,13.25
1847,2026-03,Vienna,Europe,13.18
1848,2025-10,Brussels,Europe,10.49
1849,2025-11,Brussels,Europe,10.76
1850,2025-12,Brussels,Europe,10.64
1851,2026-01,Brussels,Europe,10.74
1852,2026-02,Brussels,Europe,11.09
1853,2026-03,Brussels,Europe,10.86
1854,2025-10,Brussels,Europe,10.49
1855,2025-11,Brussels,Europe,10.76
1856,2025-12,Brussels,Europe,10.64
1857,2026-01,Brussels,Europe,10.74
1858,2026-02,Brussels,Europe,11.09
1859,2026-03,Brussels,Europe,10.86
1860,2025-10,Brussels,Europe,10.49
1861,2025-11,Brussels,Europe,10.76
1862,2025-12,Brussels,Europe,10.64
1863,2026-01,Brussels,Europe,10.74
1864,2026-02,Brussels,Europe,11.09
1865,2026-03,Brussels,Europe,10.86
1866,2025-10,Brussels,Europe,10.49
1867,2025-11,Brussels,Europe,10.76
1868,2025-12,Brussels,Europe,10.64
1869,2026-01,Brussels,Europe,10.74
1870,2026-02,Brussels,Europe,11.09
1871,2026-03,Brussels,Europe,10.86
1872,2025-10,Brussels,Europe,10.49
1873,2025-11,Brussels,Europe,10.76
1874,2025-12,Brussels,Europe,10.64
1875,2026-01,Brussels,Europe,10.74
1876,2026-02,Brussels,Europe,11.09
1877,2026-03,Brussels,Europe,10.86
1878,2025-10,Brussels,Europe,10.49
1879,2025-11,Brussels,Europe,10.76
1880,2025-12,Brussels,Europe,10.64
1881,2026-01,Brussels,Europe,10.74
1882,2026-02,Brussels,Europe,11.09
1883,2026-03,Brussels,Europe,10.86
1884,2025-10,Brussels,Europe,10.49
1885,2025-11,Brussels,Europe,10.76
1886,2025-12,Brussels,Europe,10.64
1887,2026-01,Brussels,Europe,10.74
1888,2026-02,Brussels,Europe,11.09
1889,2026-03,Brussels,Europe,10.86
1890,2025-10,Brussels,Europe,10.49
1891,2025-11,Brussels,Europe,10.76
1892,2025-12,Brussels,Europe,10.64
1893,2026-01,Brussels,Europe,10.74
1894,2026-02,Brussels,Europe,11.09
1895,2026-03,Brussels,Europe,10.86
1896,2025-10,Brussels,Europe,10.49
1897,2025-11,Brussels,Europe,10.76
1898,2025-12,Brussels,Europe,10.64
1899,2026-01,Brussels,Europe,10.74
1900,2026-02,Brussels,Europe,11.09
1901,2026-03,Brussels,Europe,10.86
1902,2025-10,Brussels,Europe,10.49
1903,2025-11,Brussels,Europe,10.76
1904,2025-12,Brussels,Europe,10.64
1905,2026-01,Brussels,Europe,10.74
1906,2026-02,Brussels,Europe,11.09
1907,2026-03,Brussels,Europe,10.86
1908,2025-10,Brussels,Europe,10.49
1909,2025-11,Brussels,Europe,10.76
1910,2025-12,Brussels,Europe,10.64
1911,2026-01,Brussels,Europe,10.74
1912,2026-02,Brussels,Europe,11.09
1913,2026-03,Brussels,Europe,10.86
1914,2025-10,Brussels,Europe,10.49
1915,2025-11,Brussels,Europe,10.76
1916,2025-12,Brussels,Europe,10.64
1917,2026-01,Brussels,Europe,10.74
1918,2026-02,Brussels,Europe,11.09
1919,2026-03,Brussels,Europe,10.86
1920,2025-10,Brussels,Europe,10.49
1921,2025-11,Brussels,Europe,10.76
1922,2025-12,Brussels,Europe,10.64
1923,2026-01,Brussels,Europe,10.74
1924,2026-02,Brussels,Europe,11.09
1925,2026-03,Brussels,Europe,10.86
1926,2025-10,Brussels,Europe,10.49
1927,2025-11,Brussels,Europe,10.76
1928,2025-12,Brussels,Europe,10.64
1929,2026-01,Brussels,Europe,10.74
1930,2026-02,Brussels,Europe,11.09
1931,2026-03,Brussels,Europe,10.86
1932,2025-10,Stockholm,Europe,13.24
1933,2025-11,Stockholm,Europe,13.14
1934,2025-12,Stockholm,Europe,13.46
1935,2026-01,Stockholm,Europe,13.14
1936,2026-02,Stockholm,Europe,13.34
1937,2026-03,Stockholm,Europe,13.45
1938,2025-10,Stockholm,Europe,13.24
1939,2025-11,Stockholm,Europe,13.14
1940,2025-12,Stockholm,Europe,13.46
1941,2026-01,Stockholm,Europe,13.14
1942,2026-02,Stockholm,Europe,13.34
1943,2026-03,Stockholm,Europe,13.45
1944,2025-10,Stockholm,Europe,13.24
1945,2025-11,Stockholm,Europe,13.14
1946,2025-12,Stockholm,Europe,13.46
1947,2026-01,Stockholm,Europe,13.14
1948,2026-02,Stockholm,Europe,13.34
1949,2026-03,Stockholm,Europe,13.45
1950,2025-10,Stockholm,Europe,13.24
1951,2025-11,Stockholm,Europe,13.14
1952,2025-12,Stockholm,Europe,13.46
1953,2026-01,Stockholm,Europe,13.14
1954,2026-02,Stockholm,Europe,13.34
1955,2026-03,Stockholm,Europe,13.45
1956,2025-10,Stockholm,Europe,13.24
1957,2025-11,Stockholm,Europe,13.14
1958,2025-12,Stockholm,Europe,13.46
1959,2026-01,Stockholm,Europe,13.14
1960,2026-02,Stockholm,Europe,13.34
1961,2026-03,Stockholm,Europe,13.45
1962,2025-10,Stockholm,Europe,13.24
1963,2025-11,Stockholm,Europe,13.14
1964,2025-12,Stockholm,Europe,13.46
1965,2026-01,Stockholm,Europe,13.14
1966,2026-02,Stockholm,Europe,13.34
1967,2026-03,Stockholm,Europe,13.45
1968,2025-10,Stockholm,Europe,13.24
1969,2025-11,Stockholm,Europe,13.14
1970,2025-12,Stockholm,Europe,13.46
1971,2026-01,Stockholm,Europe,13.14
1972,2026-02,Stockholm,Europe,13.34
1973,2026-03,Stockholm,Europe,13.45
1974,2025-10,Stockholm,Europe,13.24
1975,2025-11,Stockholm,Europe,13.14
1976,2025-12,Stockholm,Europe,13.46
1977,2026-01,Stockholm,Europe,13.14
1978,2026-02,Stockholm,Europe,13.34
1979,2026-03,Stockholm,Europe,13.45
1980,2025-10,Stockholm,Europe,13.24
1981,2025-11,Stockholm,Europe,13.14
1982,2025-12,Stockholm,Europe,13.46
1983,2026-01,Stockholm,Europe,13.14
1984,2026-02,Stockholm,Europe,13.34
1985,2026-03,Stockholm,Europe,13.45
1986,2025-10,Stockholm,Europe,13.24
1987,2025-11,Stockholm,Europe,13.14
1988,2025-12,Stockholm,Europe,13.46
1989,2026-01,Stockholm,Europe,13.14
1990,2026-02,Stockholm,Europe,13.34
1991,2026-03,Stockholm,Europe,13.45
1992,2025-10,Stockholm,Europe,13.24
1993,2025-11,Stockholm,Europe,13.14
1994,2025-12,Stockholm,Europe,13.46
1995,2026-01,Stockholm,Europe,13.14
1996,2026-02,Stockholm,Europe,13.34
1997,2026-03,Stockholm,Europe,13.45
1998,2025-10,Stockholm,Europe,13.24
1999,2025-11,Stockholm,Europe,13.14
2000,2025-12,Stockholm,Europe,13.46
2001,2026-01,Stockholm,Europe,13.14
2002,2026-02,Stockholm,Europe,13.34
2003,2026-03,Stockholm,Europe,13.45
2004,2025-10,Stockholm,Europe,13.24
2005,2025-11,Stockholm,Europe,13.14
2006,2025-12,Stockholm,Europe,13.46
2007,2026-01,Stockholm,Europe,13.14
2008,2026-02,Stockholm,Europe,13.34
2009,2026-03,Stockholm,Europe,13.45
2010,2025-10,Stockholm,Europe,13.24
2011,2025-11,Stockholm,Europe,13.14
2012,2025-12,Stockholm,Europe,13.46
2013,2026-01,Stockholm,Europe,13.14
2014,2026-02,Stockholm,Europe,13.34
2015,2026-03,Stockholm,Europe,13.45
2016,2025-10,Oslo,Europe,15.92
2017,2025-11,Oslo,Europe,15.92
2018,2025-12,Oslo,Europe,16.25
2019,2026-01,Oslo,Europe,15.89
2020,2026-02,Oslo,Europe,16.25
2021,2026-03,Oslo,Europe,16.15
2022,2025-10,Oslo,Europe,15.92
2023,2025-11,Oslo,Europe,15.92
2024,2025-12,Oslo,Europe,16.25
2025,2026-01,Oslo,Europe,15.89
2026,2026-02,Oslo,Europe,16.25
2027,2026-03,Oslo,Europe,16.15
2028,2025-10,Oslo,Europe,15.92
2029,2025-11,Oslo,Europe,15.92
2030,2025-12,Oslo,Europe,16.25
2031,2026-01,Oslo,Europe,15.89
2032,2026-02,Oslo,Europe,16.25
2033,2026-03,Oslo,Europe,16.15
2034,2025-10,Oslo,Europe,15.92
2035,2025-11,Oslo,Europe,15.92
2036,2025-12,Oslo,Europe,16.25
2037,2026-01,Oslo,Europe,15.89
2038,2026-02,Oslo,Europe,16.25
2039,2026-03,Oslo,Europe,16.15
2040,2025-10,Oslo,Europe,15.92
2041,2025-11,Oslo,Europe,15.92
2042,2025-12,Oslo,Europe,16.25
2043,2026-01,Oslo,Europe,15.89
2044,2026-02,Oslo,Europe,16.25
2045,2026-03,Oslo,Europe,16.15
2046,2025-10,Oslo,Europe,15.92
2047,2025-11,Oslo,Europe,15.92
2048,2025-12,Oslo,Europe,16.25
2049,2026-01,Oslo,Europe,15.89
2050,2026-02,Oslo,Europe,16.25
2051,2026-03,Oslo,Europe,16.15
2052,2025-10,Oslo,Europe,15.92
2053,2025-11,Oslo,Europe,15.92
2054,2025-12,Oslo,Europe,16.25
2055,2026-01,Oslo,Europe,15.89
2056,2026-02,Oslo,Europe,16.25
2057,2026-03,Oslo,Europe,16.15
2058,2025-10,Oslo,Europe,15.92
2059,2025-11,Oslo,Europe,15.92
2060,2025-12,Oslo,Europe,16.25
2061,2026-01,Oslo,Europe,15.89
2062,2026-02,Oslo,Europe,16.25
2063,2026-03,Oslo,Europe,16.15
2064,2025-10,Oslo,Europe,15.92
2065,2025-11,Oslo,Europe,15.92
2066,2025-12,Oslo,Europe,16.25
2067,2026-01,Oslo,Europe,15.89
2068,2026-02,Oslo,Europe,16.25
2069,2026-03,Oslo,Europe,16.15
2070,2025-10,Oslo,Europe,15.92
2071,2025-11,Oslo,Europe,15.92
2072,2025-12,Oslo,Europe,16.25
2073,2026-01,Oslo,Europe,15.89
2074,2026-02,Oslo,Europe,16.25
2075,2026-03,Oslo,Europe,16.15
2076,2025-10,Oslo,Europe,15.92
2077,2025-11,Oslo,Europe,15.92
2078,2025-12,Oslo,Europe,16.25
2079,2026-01,Oslo,Europe,15.89
2080,2026-02,Oslo,Europe,16.25
2081,2026-03,Oslo,Europe,16.15
2082,2025-10,Oslo,Europe,15.92
2083,2025-11,Oslo,Europe,15.92
2084,2025-12,Oslo,Europe,16.25
2085,2026-01,Oslo,Europe,15.89
2086,2026-02,Oslo,Europe,16.25
2087,2026-03,Oslo,Europe,16.15
2088,2025-10,Oslo,Europe,15.92
2089,2025-11,Oslo,Europe,15.92
2090,2025-12,Oslo,Europe,16.25
2091,2026-01,Oslo,Europe,15.89
2092,2026-02,Oslo,Europe,16.25
2093,2026-03,Oslo,Europe,16.15
2094,2025-10,Oslo,Europe,15.92
2095,2025-11,Oslo,Europe,15.92
2096,2025-12,Oslo,Europe,16.25
2097,2026-01,Oslo,Europe,15.89
2098,2026-02,Oslo,Europe,16.25
2099,2026-03,Oslo,Europe,16.15
2100,2025-10,Copenhagen,Europe,15.01
2101,2025-11,Copenhagen,Europe,15.31
2102,2025-12,Copenhagen,Europe,15.55
2103,2026-01,Copenhagen,Europe,15.15
2104,2026-02,Copenhagen,Europe,15.35
2105,2026-03,Copenhagen,Europe,15.52
2106,2025-10,Copenhagen,Europe,15.01
2107,2025-11,Copenhagen,Europe,15.31
2108,2025-12,Copenhagen,Europe,15.55
2109,2026-01,Copenhagen,Europe,15.15
2110,2026-02,Copenhagen,Europe,15.35
2111,2026-03,Copenhagen,Europe,15.52
2112,2025-10,Copenhagen,Europe,15.01
2113,2025-11,Copenhagen,Europe,15.31
2114,2025-12,Copenhagen,Europe,15.55
2115,2026-01,Copenhagen,Europe,15.15
2116,2026-02,Copenhagen,Europe,15.35
2117,2026-03,Copenhagen,Europe,15.52
2118,2025-10,Copenhagen,Europe,15.01
2119,2025-11,Copenhagen,Europe,15.31
2120,2025-12,Copenhagen,Europe,15.55
2121,2026-01,Copenhagen,Europe,15.15
2122,2026-02,Copenhagen,Europe,15.35
2123,2026-03,Copenhagen,Europe,15.52
2124,2025-10,Copenhagen,Europe,15.01
2125,2025-11,Copenhagen,Europe,15.31
2126,2025-12,Copenhagen,Europe,15.55
2127,2026-01,Copenhagen,Europe,15.15
2128,2026-02,Copenhagen,Europe,15.35
2129,2026-03,Copenhagen,Europe,15.52
2130,2025-10,Copenhagen,Europe,15.01
2131,2025-11,Copenhagen,Europe,15.31
2132,2025-12,Copenhagen,Europe,15.55
2133,2026-01,Copenhagen,Europe,15.15
2134,2026-02,Copenhagen,Europe,15.35
2135,2026-03,Copenhagen,Europe,15.52
2136,2025-10,Copenhagen,Europe,15.01
2137,2025-11,Copenhagen,Europe,15.31
2138,2025-12,Copenhagen,Europe,15.55
2139,2026-01,Copenhagen,Europe,15.15
2140,2026-02,Copenhagen,Europe,15.35
2141,2026-03,Copenhagen,Europe,15.52
2142,2025-10,Copenhagen,Europe,15.01
2143,2025-11,Copenhagen,Europe,15.31
2144,2025-12,Copenhagen,Europe,15.55
2145,2026-01,Copenhagen,Europe,15.15
2146,2026-02,Copenhagen,Europe,15.35
2147,2026-03,Copenhagen,Europe,15.52
2148,2025-10,Copenhagen,Europe,15.01
2149,2025-11,Copenhagen,Europe,15.31
2150,2025-12,Copenhagen,Europe,15.55
2151,2026-01,Copenhagen,Europe,15.15
2152,2026-02,Copenhagen,Europe,15.35
2153,2026-03,Copenhagen,Europe,15.52
2154,2025-10,Copenhagen,Europe,15.01
2155,2025-11,Copenhagen,Europe,15.31
2156,2025-12,Copenhagen,Europe,15.55
2157,2026-01,Copenhagen,Europe,15.15
2158,2026-02,Copenhagen,Europe,15.35
2159,2026-03,Copenhagen,Europe,15.52
2160,2025-10,Copenhagen,Europe,15.01
2161,2025-11,Copenhagen,Europe,15.31
2162,2025-12,Copenhagen,Europe,15.55
2163,2026-01,Copenhagen,Europe,15.15
2164,2026-02,Copenhagen,Europe,15.35
2165,2026-03,Copenhagen,Europe,15.52
2166,2025-10,Copenhagen,Europe,15.01
2167,2025-11,Copenhagen,Europe,15.31
2168,2025-12,Copenhagen,Europe,15.55
2169,2026-01,Copenhagen,Europe,15.15
2170,2026-02,Copenhagen,Europe,15.35
2171,2026-03,Copenhagen,Europe,15.52
2172,2025-10,Copenhagen,Europe,15.01
2173,2025-11,Copenhagen,Europe,15.31
2174,2025-12,Copenhagen,Europe,15.55
2175,2026-01,Copenhagen,Europe,15.15
2176,2026-02,Copenhagen,Europe,15.35
2177,2026-03,Copenhagen,Europe,15.52
2178,2025-10,Copenhagen,Europe,15.01
2179,2025-11,Copenhagen,Europe,15.31
2180,2025-12,Copenhagen,Europe,15.55
2181,2026-01,Copenhagen,Europe,15.15
2182,2026-02,Copenhagen,Europe,15.35
2183,2026-03,Copenhagen,Europe,15.52
2184,2025-10,Helsinki,Europe,10.1
2185,2025-11,Helsinki,Europe,10.44
2186,2025-12,Helsinki,Europe,10.5
2187,2026-01,Helsinki,Europe,10.21
2188,2026-02,Helsinki,Europe,10.44
2189,2026-03,Helsinki,Europe,10.47
2190,2025-10,Helsinki,Europe,10.1
2191,2025-11,Helsinki,Europe,10.44
2192,2025-12,Helsinki,Europe,10.5
2193,2026-01,Helsinki,Europe,10.21
2194,2026-02,Helsinki,Europe,10.44
2195,2026-03,Helsinki,Europe,10.47
2196,2025-10,Helsinki,Europe,10.1
2197,2025-11,Helsinki,Europe,10.44
2198,2025-12,Helsinki,Europe,10.5
2199,2026-01,Helsinki,Europe,10.21
2200,2026-02,Helsinki,Europe,10.44
2201,2026-03,Helsinki,Europe,10.47
2202,2025-10,Helsinki,Europe,10.1
2203,2025-11,Helsinki,Europe,10.44
2204,2025-12,Helsinki,Europe,10.5
2205,2026-01,Helsinki,Europe,10.21
2206,2026-02,Helsinki,Europe,10.44
2207,2026-03,Helsinki,Europe,10.47
2208,2025-10,Helsinki,Europe,10.1
2209,2025-11,Helsinki,Europe,10.44
2210,2025-12,Helsinki,Europe,10.5
2211,2026-01,Helsinki,Europe,10.21
2212,2026-02,Helsinki,Europe,10.44
2213,2026-03,Helsinki,Europe,10.47
2214,2025-10,Helsinki,Europe,10.1
2215,2025-11,Helsinki,Europe,10.44
2216,2025-12,Helsinki,Europe,10.5
2217,2026-01,Helsinki,Europe,10.21
2218,2026-02,Helsinki,Europe,10.44
2219,2026-03,Helsinki,Europe,10.47
2220,2025-10,Helsinki,Europe,10.1
2221,2025-11,Helsinki,Europe,10.44
2222,2025-12,Helsinki,Europe,10.5
2223,2026-01,Helsinki,Europe,10.21
2224,2026-02,Helsinki,Europe,10.44
2225,2026-03,Helsinki,Europe,10.47
2226,2025-10,Helsinki,Europe,10.1
2227,2025-11,Helsinki,Europe,10.44
2228,2025-12,Helsinki,Europe,10.5
2229,2026-01,Helsinki,Europe,10.21
2230,2026-02,Helsinki,Europe,10.44
2231,2026-03,Helsinki,Europe,10.47
2232,2025-10,Helsinki,Europe,10.1
2233,2025-11,Helsinki,Europe,10.44
2234,2025-12,Helsinki,Europe,10.5
2235,2026-01,Helsinki,Europe,10.21
2236,2026-02,Helsinki,Europe,10.44
2237,2026-03,Helsinki,Europe,10.47
2238,2025-10,Helsinki,Europe,10.1
2239,2025-11,Helsinki,Europe,10.44
2240,2025-12,Helsinki,Europe,10.5
2241,2026-01,Helsinki,Europe,10.21
2242,2026-02,Helsinki,Europe,10.44
2243,2026-03,Helsinki,Europe,10.47
2244,2025-10,Helsinki,Europe,10.1
2245,2025-11,Helsinki,Europe,10.44
2246,2025-12,Helsinki,Europe,10.5
2247,2026-01,Helsinki,Europe,10.21
2248,2026-02,Helsinki,Europe,10.44
2249,2026-03,Helsinki,Europe,10.47
2250,2025-10,Helsinki,Europe,10.1
2251,2025-11,Helsinki,Europe,10.44
2252,2025-12,Helsinki,Europe,10.5
2253,2026-01,Helsinki,Europe,10.21
2254,2026-02,Helsinki,Europe,10.44
2255,2026-03,Helsinki,Europe,10.47
2256,2025-10,Helsinki,Europe,10.1
2257,2025-11,Helsinki,Europe,10.44
2258,2025-12,Helsinki,Europe,10.5
2259,2026-01,Helsinki,Europe,10.21
2260,2026-02,Helsinki,Europe,10.44
2261,2026-03,Helsinki,Europe,10.47
2262,2025-10,Helsinki,Europe,10.1
2263,2025-11,Helsinki,Europe,10.44
2264,2025-12,Helsinki,Europe,10.5
2265,2026-01,Helsinki,Europe,10.21
2266,2026-02,Helsinki,Europe,10.44
2267,2026-03,Helsinki,Europe,10.47
2268,2025-10,Dublin,Europe,11.42
2269,2025-11,Dublin,Europe,11.36
2270,2025-12,Dublin,Europe,11.67
2271,2026-01,Dublin,Europe,11.62
2272,2026-02,Dublin,Europe,11.79
2273,2026-03,Dublin,Europe,11.69
2274,2025-10,Dublin,Europe,11.42
2275,2025-11,Dublin,Europe,11.36
2276,2025-12,Dublin,Europe,11.67
2277,2026-01,Dublin,Europe,11.62
2278,2026-02,Dublin,Europe,11.79
2279,2026-03,Dublin,Europe,11.69
2280,2025-10,Dublin,Europe,11.42
2281,2025-11,Dublin,Europe,11.36
2282,2025-12,Dublin,Europe,11.67
2283,2026-01,Dublin,Europe,11.62
2284,2026-02,Dublin,Europe,11.79
2285,2026-03,Dublin,Europe,11.69
2286,2025-10,Dublin,Europe,11.42
2287,2025-11,Dublin,Europe,11.36
2288,2025-12,Dublin,Europe,11.67
2289,2026-01,Dublin,Europe,11.62
2290,2026-02,Dublin,Europe,11.79
2291,2026-03,Dublin,Europe,11.69
2292,2025-10,Dublin,Europe,11.42
2293,2025-11,Dublin,Europe,11.36
2294,2025-12,Dublin,Europe,11.67
2295,2026-01,Dublin,Europe,11.62
2296,2026-02,Dublin,Europe,11.79
2297,2026-03,Dublin,Europe,11.69
2298,2025-10,Dublin,Europe,11.42
2299,2025-11,Dublin,Europe,11.36
2300,2025-12,Dublin,Europe,11.67
2301,2026-01,Dublin,Europe,11.62
2302,2026-02,Dublin,Europe,11.79
2303,2026-03,Dublin,Europe,11.69
2304,2025-10,Dublin,Europe,11.42
2305,2025-11,Dublin,Europe,11.36
2306,2025-12,Dublin,Europe,11.67
2307,2026-01,Dublin,Europe,11.62
2308,2026-02,Dublin,Europe,11.79
2309,2026-03,Dublin,Europe,11.69
2310,2025-10,Dublin,Europe,11.42
2311,2025-11,Dublin,Europe,11.36
2312,2025-12,Dublin,Europe,11.67
2313,2026-01,Dublin,Europe,11.62
2314,2026-02,Dublin,Europe,11.79
2315,2026-03,Dublin,Europe,11.69
2316,2025-10,Dublin,Europe,11.42
2317,2025-11,Dublin,Europe,11.36
2318,2025-12,Dublin,Europe,11.67
2319,2026-01,Dublin,Europe,11.62
2320,2026-02,Dublin,Europe,11.79
2321,2026-03,Dublin,Europe,11.69
2322,2025-10,Dublin,Europe,11.42
2323,2025-11,Dublin,Europe,11.36
2324,2025-12,Dublin,Europe,11.67
2325,2026-01,Dublin,Europe,11.62
2326,2026-02,Dublin,Europe,11.79
2327,2026-03,Dublin,Europe,11.69
2328,2025-10,Dublin,Europe,11.42
2329,2025-11,Dublin,Europe,11.36
2330,2025-12,Dublin,Europe,11.67
2331,2026-01,Dublin,Europe,11.62
2332,2026-02,Dublin,Europe,11.79
2333,2026-03,Dublin,Europe,11.69
2334,2025-10,Dublin,Europe,11.42
2335,2025-11,Dublin,Europe,11.36
2336,2025-12,Dublin,Europe,11.67
2337,2026-01,Dublin,Europe,11.62
2338,2026-02,Dublin,Europe,11.79
2339,2026-03,Dublin,Europe,11.69
2340,2025-10,Dublin,Europe,11.42
2341,2025-11,Dublin,Europe,11.36
2342,2025-12,Dublin,Europe,11.67
2343,2026-01,Dublin,Europe,11.62
2344,2026-02,Dublin,Europe,11.79
2345,2026-03,Dublin,Europe,11.69
2346,2025-10,Dublin,Europe,11.42
2347,2025-11,Dublin,Europe,11.36
2348,2025-12,Dublin,Europe,11.67
2349,2026-01,Dublin,Europe,11.62
2350,2026-02,Dublin,Europe,11.79
2351,2026-03,Dublin,Europe,11.69
2352,2025-10,Lisbon,Europe,8.55
2353,2025-11,Lisbon,Europe,8.78
2354,2025-12,Lisbon,Europe,8.85
2355,2026-01,Lisbon,Europe,8.94
2356,2026-02,Lisbon,Europe,8.97
2357,2026-03,Lisbon,Europe,8.88
2358,2025-10,Lisbon,Europe,8.55
2359,2025-11,Lisbon,Europe,8.78
2360,2025-12,Lisbon,Europe,8.85
2361,2026-01,Lisbon,Europe,8.94
2362,2026-02,Lisbon,Europe,8.97
2363,2026-03,Lisbon,Europe,8.88
2364,2025-10,Lisbon,Europe,8.55
2365,2025-11,Lisbon,Europe,8.78
2366,2025-12,Lisbon,Europe,8.85
2367,2026-01,Lisbon,Europe,8.94
2368,2026-02,Lisbon,Europe,8.97
2369,2026-03,Lisbon,Europe,8.88
2370,2025-10,Lisbon,Europe,8.55
2371,2025-11,Lisbon,Europe,8.78
2372,2025-12,Lisbon,Europe,8.85
2373,2026-01,Lisbon,Europe,8.94
2374,2026-02,Lisbon,Europe,8.97
2375,2026-03,Lisbon,Europe,8.88
2376,2025-10,Lisbon,Europe,8.55
2377,2025-11,Lisbon,Europe,8.78
2378,2025-12,Lisbon,Europe,8.85
2379,2026-01,Lisbon,Europe,8.94
2380,2026-02,Lisbon,Europe,8.97
2381,2026-03,Lisbon,Europe,8.88
2382,2025-10,Lisbon,Europe,8.55
2383,2025-11,Lisbon,Europe,8.78
2384,2025-12,Lisbon,Europe,8.85
2385,2026-01,Lisbon,Europe,8.94
2386,2026-02,Lisbon,Europe,8.97
2387,2026-03,Lisbon,Europe,8.88
2388,2025-10,Lisbon,Europe,8.55
2389,2025-11,Lisbon,Europe,8.78
2390,2025-12,Lisbon,Europe,8.85
2391,2026-01,Lisbon,Europe,8.94
2392,2026-02,Lisbon,Europe,8.97
2393,2026-03,Lisbon,Europe,8.88
2394,2025-10,Lisbon,Europe,8.55
2395,2025-11,Lisbon,Europe,8.78
2396,2025-12,Lisbon,Europe,8.85
2397,2026-01,Lisbon,Europe,8.94
2398,2026-02,Lisbon,Europe,8.97
2399,2026-03,Lisbon,Europe,8.88
2400,2025-10,Lisbon,Europe,8.55
2401,2025-11,Lisbon,Europe,8.78
2402,2025-12,Lisbon,Europe,8.85
2403,2026-01,Lisbon,Europe,8.94
2404,2026-02,Lisbon,Europe,8.97
2405,2026-03,Lisbon,Europe,8.88
2406,2025-10,Lisbon,Europe,8.55
2407,2025-11,Lisbon,Europe,8.78
2408,2025-12,Lisbon,Europe,8.85
2409,2026-01,Lisbon,Europe,8.94
2410,2026-02,Lisbon,Europe,8.97
2411,2026-03,Lisbon,Europe,8.88
2412,2025-10,Lisbon,Europe,8.55
2413,2025-11,Lisbon,Europe,8.78
2414,2025-12,Lisbon,Europe,8.85
2415,2026-01,Lisbon,Europe,8.94
2416,2026-02,Lisbon,Europe,8.97
2417,2026-03,Lisbon,Europe,8.88
2418,2025-10,Lisbon,Europe,8.55
2419,2025-11,Lisbon,Europe,8.78
2420,2025-12,Lisbon,Europe,8.85
2421,2026-01,Lisbon,Europe,8.94
2422,2026-02,Lisbon,Europe,8.97
2423,2026-03,Lisbon,Europe,8.88
2424,2025-10,Lisbon,Europe,8.55
2425,2025-11,Lisbon,Europe,8.78
2426,2025-12,Lisbon,Europe,8.85
2427,2026-01,Lisbon,Europe,8.94
2428,2026-02,Lisbon,Europe,8.97
2429,2026-03,Lisbon,Europe,8.88
2430,2025-10,Lisbon,Europe,8.55
2431,2025-11,Lisbon,Europe,8.78
2432,2025-12,Lisbon,Europe,8.85
2433,2026-01,Lisbon,Europe,8.94
2434,2026-02,Lisbon,Europe,8.97
2435,2026-03,Lisbon,Europe,8.88
2436,2025-10,Athens,Europe,11.21
2437,2025-11,Athens,Europe,11.66
2438,2025-12,Athens,Europe,11.69
2439,2026-01,Athens,Europe,11.51
2440,2026-02,Athens,Europe,11.68
2441,2026-03,Athens,Europe,11.67
2442,2025-10,Athens,Europe,11.21
2443,2025-11,Athens,Europe,11.66
2444,2025-12,Athens,Europe,11.69
2445,2026-01,Athens,Europe,11.51
2446,2026-02,Athens,Europe,11.68
2447,2026-03,Athens,Europe,11.67
2448,2025-10,Athens,Europe,11.21
2449,2025-11,Athens,Europe,11.66
2450,2025-12,Athens,Europe,11.69
2451,2026-01,Athens,Europe,11.51
2452,2026-02,Athens,Europe,11.68
2453,2026-03,Athens,Europe,11.67
2454,2025-10,Athens,Europe,11.21
2455,2025-11,Athens,Europe,11.66
2456,2025-12,Athens,Europe,11.69
2457,2026-01,Athens,Europe,11.51
2458,2026-02,Athens,Europe,11.68
2459,2026-03,Athens,Europe,11.67
2460,2025-10,Athens,Europe,11.21
2461,2025-11,Athens,Europe,11.66
2462,2025-12,Athens,Europe,11.69
2463,2026-01,Athens,Europe,11.51
2464,2026-02,Athens,Europe,11.68
2465,2026-03,Athens,Europe,11.67
2466,2025-10,Athens,Europe,11.21
2467,2025-11,Athens,Europe,11.66
2468,2025-12,Athens,Europe,11.69
2469,2026-01,Athens,Europe,11.51
2470,2026-02,Athens,Europe,11.68
2471,2026-03,Athens,Europe,11.67
2472,2025-10,Athens,Europe,11.21
2473,2025-11,Athens,Europe,11.66
2474,2025-12,Athens,Europe,11.69
2475,2026-01,Athens,Europe,11.51
2476,2026-02,Athens,Europe,11.68
2477,2026-03,Athens,Europe,11.67
2478,2025-10,Athens,Europe,11.21
2479,2025-11,Athens,Europe,11.66
2480,2025-12,Athens,Europe,11.69
2481,2026-01,Athens,Europe,11.51
2482,2026-02,Athens,Europe,11.68
2483,2026-03,Athens,Europe,11.67
2484,2025-10,Athens,Europe,11.21
2485,2025-11,Athens,Europe,11.66
2486,2025-12,Athens,Europe,11.69
2487,2026-01,Athens,Europe,11.51
2488,2026-02,Athens,Europe,11.68
2489,2026-03,Athens,Europe,11.67
2490,2025-10,Athens,Europe,11.21
2491,2025-11,Athens,Europe,11.66
2492,2025-12,Athens,Europe,11.69
2493,2026-01,Athens,Europe,11.51
2494,2026-02,Athens,Europe,11.68
2495,2026-03,Athens,Europe,11.67
2496,2025-10,Athens,Europe,11.21
2497,2025-11,Athens,Europe,11.66
2498,2025-12,Athens,Europe,11.69
2499,2026-01,Athens,Europe,11.51
2500,2026-02,Athens,Europe,11.68
2501,2026-03,Athens,Europe,11.67
2502,2025-10,Athens,Europe,11.21
2503,2025-11,Athens,Europe,11.66
2504,2025-12,Athens,Europe,11.69
2505,2026-01,Athens,Europe,11.51
2506,2026-02,Athens,Europe,11.68
2507,2026-03,Athens,Europe,11.67
2508,2025-10,Athens,Europe,11.21
2509,2025-11,Athens,Europe,11.66
2510,2025-12,Athens,Europe,11.69
2511,2026-01,Athens,Europe,11.51
2512,2026-02,Athens,Europe,11.68
2513,2026-03,Athens,Europe,11.67
2514,2025-10,Athens,Europe,11.21
2515,2025-11,Athens,Europe,11.66
2516,2025-12,Athens,Europe,11.69
2517,2026-01,Athens,Europe,11.51
2518,2026-02,Athens,Europe,11.68
2519,2026-03,Athens,Europe,11.67
2520,2025-10,Warsaw,Europe,7.98
2521,2025-11,Warsaw,Europe,8.12
2522,2025-12,Warsaw,Europe,8.23
2523,2026-01,Warsaw,Europe,8.13
2524,2026-02,Warsaw,Europe,8.42
2525,2026-03,Warsaw,Europe,8.31
2526,2025-10,Warsaw,Europe,7.98
2527,2025-11,Warsaw,Europe,8.12
2528,2025-12,Warsaw,Europe,8.23
2529,2026-01,Warsaw,Europe,8.13
2530,2026-02,Warsaw,Europe,8.42
2531,2026-03,Warsaw,Europe,8.31
2532,2025-10,Warsaw,Europe,7.98
2533,2025-11,Warsaw,Europe,8.12
2534,2025-12,Warsaw,Europe,8.23
2535,2026-01,Warsaw,Europe,8.13
2536,2026-02,Warsaw,Europe,8.42
2537,2026-03,Warsaw,Europe,8.31
2538,2025-10,Warsaw,Europe,7.98
2539,2025-11,Warsaw,Europe,8.12
2540,2025-12,Warsaw,Europe,8.23
2541,2026-01,Warsaw,Europe,8.13
2542,2026-02,Warsaw,Europe,8.42
2543,2026-03,Warsaw,Europe,8.31
2544,2025-10,Warsaw,Europe,7.98
2545,2025-11,Warsaw,Europe,8.12
2546,2025-12,Warsaw,Europe,8.23
2547,2026-01,Warsaw,Europe,8.13
2548,2026-02,Warsaw,Europe,8.42
2549,2026-03,Warsaw,Europe,8.31
2550,2025-10,Warsaw,Europe,7.98
2551,2025-11,Warsaw,Europe,8.12
2552,2025-12,Warsaw,Europe,8.23
2553,2026-01,Warsaw,Europe,8.13
2554,2026-02,Warsaw,Europe,8.42
2555,2026-03,Warsaw,Europe,8.31
2556,2025-10,Warsaw,Europe,7.98
2557,2025-11,Warsaw,Europe,8.12
2558,2025-12,Warsaw,Europe,8.23
2559,2026-01,Warsaw,Europe,8.13
2560,2026-02,Warsaw,Europe,8.42
2561,2026-03,Warsaw,Europe,8.31
2562,2025-10,Warsaw,Europe,7.98
2563,2025-11,Warsaw,Europe,8.12
2564,2025-12,Warsaw,Europe,8.23
2565,2026-01,Warsaw,Europe,8.13
2566,2026-02,Warsaw,Europe,8.42
2567,2026-03,Warsaw,Europe,8.31
2568,2025-10,Warsaw,Europe,7.98
2569,2025-11,Warsaw,Europe,8.12
2570,2025-12,Warsaw,Europe,8.23
2571,2026-01,Warsaw,Europe,8.13
2572,2026-02,Warsaw,Europe,8.42
2573,2026-03,Warsaw,Europe,8.31
2574,2025-10,Warsaw,Europe,7.98
2575,2025-11,Warsaw,Europe,8.12
2576,2025-12,Warsaw,Europe,8.23
2577,2026-01,Warsaw,Europe,8.13
2578,2026-02,Warsaw,Europe,8.42
2579,2026-03,Warsaw,Europe,8.31
2580,2025-10,Warsaw,Europe,7.98
2581,2025-11,Warsaw,Europe,8.12
2582,2025-12,Warsaw,Europe,8.23
2583,2026-01,Warsaw,Europe,8.13
2584,2026-02,Warsaw,Europe,8.42
2585,2026-03,Warsaw,Europe,8.31
2586,2025-10,Warsaw,Europe,7.98
2587,2025-11,Warsaw,Europe,8.12
2588,2025-12,Warsaw,Europe,8.23
2589,2026-01,Warsaw,Europe,8.13
2590,2026-02,Warsaw,Europe,8.42
2591,2026-03,Warsaw,Europe,8.31
2592,2025-10,Warsaw,Europe,7.98
2593,2025-11,Warsaw,Europe,8.12
2594,2025-12,Warsaw,Europe,8.23
2595,2026-01,Warsaw,Europe,8.13
2596,2026-02,Warsaw,Europe,8.42
2597,2026-03,Warsaw,Europe,8.31
2598,2025-10,Warsaw,Europe,7.98
2599,2025-11,Warsaw,Europe,8.12
2600,2025-12,Warsaw,Europe,8.23
2601,2026-01,Warsaw,Europe,8.13
2602,2026-02,Warsaw,Europe,8.42
2603,2026-03,Warsaw,Europe,8.31
2604,2025-10,Krakow,Europe,7.56
2605,2025-11,Krakow,Europe,7.73
2606,2025-12,Krakow,Europe,7.84
2607,2026-01,Krakow,Europe,7.91
2608,2026-02,Krakow,Europe,7.98
2609,2026-03,Krakow,Europe,7.93
2610,2025-10,Krakow,Europe,7.56
2611,2025-11,Krakow,Europe,7.73
2612,2025-12,Krakow,Europe,7.84
2613,2026-01,Krakow,Europe,7.91
2614,2026-02,Krakow,Europe,7.98
2615,2026-03,Krakow,Europe,7.93
2616,2025-10,Krakow,Europe,7.56
2617,2025-11,Krakow,Europe,7.73
2618,2025-12,Krakow,Europe,7.84
2619,2026-01,Krakow,Europe,7.91
2620,2026-02,Krakow,Europe,7.98
2621,2026-03,Krakow,Europe,7.93
2622,2025-10,Krakow,Europe,7.56
2623,2025-11,Krakow,Europe,7.73
2624,2025-12,Krakow,Europe,7.84
2625,2026-01,Krakow,Europe,7.91
2626,2026-02,Krakow,Europe,7.98
2627,2026-03,Krakow,Europe,7.93
2628,2025-10,Krakow,Europe,7.56
2629,2025-11,Krakow,Europe,7.73
2630,2025-12,Krakow,Europe,7.84
2631,2026-01,Krakow,Europe,7.91
2632,2026-02,Krakow,Europe,7.98
2633,2026-03,Krakow,Europe,7.93
2634,2025-10,Krakow,Europe,7.56
2635,2025-11,Krakow,Europe,7.73
2636,2025-12,Krakow,Europe,7.84
2637,2026-01,Krakow,Europe,7.91
2638,2026-02,Krakow,Europe,7.98
2639,2026-03,Krakow,Europe,7.93
2640,2025-10,Krakow,Europe,7.56
2641,2025-11,Krakow,Europe,7.73
2642,2025-12,Krakow,Europe,7.84
2643,2026-01,Krakow,Europe,7.91
2644,2026-02,Krakow,Europe,7.98
2645,2026-03,Krakow,Europe,7.93
2646,2025-10,Krakow,Europe,7.56
2647,2025-11,Krakow,Europe,7.73
2648,2025-12,Krakow,Europe,7.84
2649,2026-01,Krakow,Europe,7.91
2650,2026-02,Krakow,Europe,7.98
2651,2026-03,Krakow,Europe,7.93
2652,2025-10,Krakow,Europe,7.56
2653,2025-11,Krakow,Europe,7.73
2654,2025-12,Krakow,Europe,7.84
2655,2026-01,Krakow,Europe,7.91
2656,2026-02,Krakow,Europe,7.98
2657,2026-03,Krakow,Europe,7.93
2658,2025-10,Krakow,Europe,7.56
2659,2025-11,Krakow,Europe,7.73
2660,2025-12,Krakow,Europe,7.84
2661,2026-01,Krakow,Europe,7.91
2662,2026-02,Krakow,Europe,7.98
2663,2026-03,Krakow,Europe,7.93
2664,2025-10,Krakow,Europe,7.56
2665,2025-11,Krakow,Europe,7.73
2666,2025-12,Krakow,Europe,7.84
2667,2026-01,Krakow,Europe,7.91
2668,2026-02,Krakow,Europe,7.98
2669,2026-03,Krakow,Europe,7.93
2670,2025-10,Krakow,Europe,7.56
2671,2025-11,Krakow,Europe,7.73
2672,2025-12,Krakow,Europe,7.84
2673,2026-01,Krakow,Europe,7.91
2674,2026-02,Krakow,Europe,7.98
2675,2026-03,Krakow,Europe,7.93
2676,2025-10,Krakow,Europe,7.56
2677,2025-11,Krakow,Europe,7.73
2678,2025-12,Krakow,Europe,7.84
2679,2026-01,Krakow,Europe,7.91
2680,2026-02,Krakow,Europe,7.98
2681,2026-03,Krakow,Europe,7.93
2682,2025-10,Krakow,Europe,7.56
2683,2025-11,Krakow,Europe,7.73
2684,2025-12,Krakow,Europe,7.84
2685,2026-01,Krakow,Europe,7.91
2686,2026-02,Krakow,Europe,7.98
2687,2026-03,Krakow,Europe,7.93
2688,2025-10,Prague,Europe,8.43
2689,2025-11,Prague,Europe,8.64
2690,2025-12,Prague,Europe,8.56
2691,2026-01,Prague,Europe,8.55
2692,2026-02,Prague,Europe,8.93
2693,2026-03,Prague,Europe,8.78
2694,2025-10,Prague,Europe,8.43
2695,2025-11,Prague,Europe,8.64
2696,2025-12,Prague,Europe,8.56
2697,2026-01,Prague,Europe,8.55
2698,2026-02,Prague,Europe,8.93
2699,2026-03,Prague,Europe,8.78
2700,2025-10,Prague,Europe,8.43
2701,2025-11,Prague,Europe,8.64
2702,2025-12,Prague,Europe,8.56
2703,2026-01,Prague,Europe,8.55
2704,2026-02,Prague,Europe,8.93
2705,2026-03,Prague,Europe,8.78
2706,2025-10,Prague,Europe,8.43
2707,2025-11,Prague,Europe,8.64
2708,2025-12,Prague,Europe,8.56
2709,2026-01,Prague,Europe,8.55
2710,2026-02,Prague,Europe,8.93
2711,2026-03,Prague,Europe,8.78
2712,2025-10,Prague,Europe,8.43
2713,2025-11,Prague,Europe,8.64
2714,2025-12,Prague,Europe,8.56
2715,2026-01,Prague,Europe,8.55
2716,2026-02,Prague,Europe,8.93
2717,2026-03,Prague,Europe,8.78
2718,2025-10,Prague,Europe,8.43
2719,2025-11,Prague,Europe,8.64
2720,2025-12,Prague,Europe,8.56
2721,2026-01,Prague,Europe,8.55
2722,2026-02,Prague,Europe,8.93
2723,2026-03,Prague,Europe,8.78
2724,2025-10,Prague,Europe,8.43
2725,2025-11,Prague,Europe,8.64
2726,2025-12,Prague,Europe,8.56
2727,2026-01,Prague,Europe,8.55
2728,2026-02,Prague,Europe,8.93
2729,2026-03,Prague,Europe,8.78
2730,2025-10,Prague,Europe,8.43
2731,2025-11,Prague,Europe,8.64
2732,2025-12,Prague,Europe,8.56
2733,2026-01,Prague,Europe,8.55
2734,2026-02,Prague,Europe,8.93
2735,2026-03,Prague,Europe,8.78
2736,2025-10,Prague,Europe,8.43
2737,2025-11,Prague,Europe,8.64
2738,2025-12,Prague,Europe,8.56
2739,2026-01,Prague,Europe,8.55
2740,2026-02,Prague,Europe,8.93
2741,2026-03,Prague,Europe,8.78
2742,2025-10,Prague,Europe,8.43
2743,2025-11,Prague,Europe,8.64
2744,2025-12,Prague,Europe,8.56
2745,2026-01,Prague,Europe,8.55
2746,2026-02,Prague,Europe,8.93
2747,2026-03,Prague,Europe,8.78
2748,2025-10,Prague,Europe,8.43
2749,2025-11,Prague,Europe,8.64
2750,2025-12,Prague,Europe,8.56
2751,2026-01,Prague,Europe,8.55
2752,2026-02,Prague,Europe,8.93
2753,2026-03,Prague,Europe,8.78
2754,2025-10,Prague,Europe,8.43
2755,2025-11,Prague,Europe,8.64
2756,2025-12,Prague,Europe,8.56
2757,2026-01,Prague,Europe,8.55
2758,2026-02,Prague,Europe,8.93
2759,2026-03,Prague,Europe,8.78
2760,2025-10,Prague,Europe,8.43
2761,2025-11,Prague,Europe,8.64
2762,2025-12,Prague,Europe,8.56
2763,2026-01,Prague,Europe,8.55
2764,2026-02,Prague,Europe,8.93
2765,2026-03,Prague,Europe,8.78
2766,2025-10,Prague,Europe,8.43
2767,2025-11,Prague,Europe,8.64
2768,2025-12,Prague,Europe,8.56
2769,2026-01,Prague,Europe,8.55
2770,2026-02,Prague,Europe,8.93
2771,2026-03,Prague,Europe,8.78
2772,2025-10,Budapest,Europe,8.23
2773,2025-11,Budapest,Europe,8.18
2774,2025-12,Budapest,Europe,8.38
2775,2026-01,Budapest,Europe,8.27
2776,2026-02,Budapest,Europe,8.43
2777,2026-03,Budapest,Europe,8.4
2778,2025-10,Budapest,Europe,8.23
2779,2025-11,Budapest,Europe,8.18
2780,2025-12,Budapest,Europe,8.38
2781,2026-01,Budapest,Europe,8.27
2782,2026-02,Budapest,Europe,8.43
2783,2026-03,Budapest,Europe,8.4
2784,2025-10,Budapest,Europe,8.23
2785,2025-11,Budapest,Europe,8.18
2786,2025-12,Budapest,Europe,8.38
2787,2026-01,Budapest,Europe,8.27
2788,2026-02,Budapest,Europe,8.43
2789,2026-03,Budapest,Europe,8.4
2790,2025-10,Budapest,Europe,8.23
2791,2025-11,Budapest,Europe,8.18
2792,2025-12,Budapest,Europe,8.38
2793,2026-01,Budapest,Europe,8.27
2794,2026-02,Budapest,Europe,8.43
2795,2026-03,Budapest,Europe,8.4
2796,2025-10,Budapest,Europe,8.23
2797,2025-11,Budapest,Europe,8.18
2798,2025-12,Budapest,Europe,8.38
2799,2026-01,Budapest,Europe,8.27
2800,2026-02,Budapest,Europe,8.43
2801,2026-03,Budapest,Europe,8.4
2802,2025-10,Budapest,Europe,8.23
2803,2025-11,Budapest,Europe,8.18
2804,2025-12,Budapest,Europe,8.38
2805,2026-01,Budapest,Europe,8.27
2806,2026-02,Budapest,Europe,8.43
2807,2026-03,Budapest,Europe,8.4
2808,2025-10,Budapest,Europe,8.23
2809,2025-11,Budapest,Europe,8.18
2810,2025-12,Budapest,Europe,8.38
2811,2026-01,Budapest,Europe,8.27
2812,2026-02,Budapest,Europe,8.43
2813,2026-03,Budapest,Europe,8.4
2814,2025-10,Budapest,Europe,8.23
2815,2025-11,Budapest,Europe,8.18
2816,2025-12,Budapest,Europe,8.38
2817,2026-01,Budapest,Europe,8.27
2818,2026-02,Budapest,Europe,8.43
2819,2026-03,Budapest,Europe,8.4
2820,2025-10,Budapest,Europe,8.23
2821,2025-11,Budapest,Europe,8.18
2822,2025-12,Budapest,Europe,8.38
2823,2026-01,Budapest,Europe,8.27
2824,2026-02,Budapest,Europe,8.43
2825,2026-03,Budapest,Europe,8.4
2826,2025-10,Budapest,Europe,8.23
2827,2025-11,Budapest,Europe,8.18
2828,2025-12,Budapest,Europe,8.38
2829,2026-01,Budapest,Europe,8.27
2830,2026-02,Budapest,Europe,8.43
2831,2026-03,Budapest,Europe,8.4
2832,2025-10,Budapest,Europe,8.23
2833,2025-11,Budapest,Europe,8.18
2834,2025-12,Budapest,Europe,8.38
2835,2026-01,Budapest,Europe,8.27
2836,2026-02,Budapest,Europe,8.43
2837,2026-03,Budapest,Europe,8.4
2838,2025-10,Budapest,Europe,8.23
2839,2025-11,Budapest,Europe,8.18
2840,2025-12,Budapest,Europe,8.38
2841,2026-01,Budapest,Europe,8.27
2842,2026-02,Budapest,Europe,8.43
2843,2026-03,Budapest,Europe,8.4
2844,2025-10,Budapest,Europe,8.23
2845,2025-11,Budapest,Europe,8.18
2846,2025-12,Budapest,Europe,8.38
2847,2026-01,Budapest,Europe,8.27
2848,2026-02,Budapest,Europe,8.43
2849,2026-03,Budapest,Europe,8.4
2850,2025-10,Budapest,Europe,8.23
2851,2025-11,Budapest,Europe,8.18
2852,2025-12,Budapest,Europe,8.38
2853,2026-01,Budapest,Europe,8.27
2854,2026-02,Budapest,Europe,8.43
2855,2026-03,Budapest,Europe,8.4
2856,2025-10,Bucharest,Europe,8.99
2857,2025-11,Bucharest,Europe,9.07
2858,2025-12,Bucharest,Europe,9.04
2859,2026-01,Bucharest,Europe,9.03
2860,2026-02,Bucharest,Europe,9.19
2861,2026-03,Bucharest,Europe,9.23
2862,2025-10,Bucharest,Europe,8.99
2863,2025-11,Bucharest,Europe,9.07
2864,2025-12,Bucharest,Europe,9.04
2865,2026-01,Bucharest,Europe,9.03
2866,2026-02,Bucharest,Europe,9.19
2867,2026-03,Bucharest,Europe,9.23
2868,2025-10,Bucharest,Europe,8.99
2869,2025-11,Bucharest,Europe,9.07
2870,2025-12,Bucharest,Europe,9.04
2871,2026-01,Bucharest,Europe,9.03
2872,2026-02,Bucharest,Europe,9.19
2873,2026-03,Bucharest,Europe,9.23
2874,2025-10,Bucharest,Europe,8.99
2875,2025-11,Bucharest,Europe,9.07
2876,2025-12,Bucharest,Europe,9.04
2877,2026-01,Bucharest,Europe,9.03
2878,2026-02,Bucharest,Europe,9.19
2879,2026-03,Bucharest,Europe,9.23
2880,2025-10,Bucharest,Europe,8.99
2881,2025-11,Bucharest,Europe,9.07
2882,2025-12,Bucharest,Europe,9.04
2883,2026-01,Bucharest,Europe,9.03
2884,2026-02,Bucharest,Europe,9.19
2885,2026-03,Bucharest,Europe,9.23
2886,2025-10,Bucharest,Europe,8.99
2887,2025-11,Bucharest,Europe,9.07
2888,2025-12,Bucharest,Europe,9.04
2889,2026-01,Bucharest,Europe,9.03
2890,2026-02,Bucharest,Europe,9.19
2891,2026-03,Bucharest,Europe,9.23
2892,2025-10,Bucharest,Europe,8.99
2893,2025-11,Bucharest,Europe,9.07
2894,2025-12,Bucharest,Europe,9.04
2895,2026-01,Bucharest,Europe,9.03
2896,2026-02,Bucharest,Europe,9.19
2897,2026-03,Bucharest,Europe,9.23
2898,2025-10,Bucharest,Europe,8.99
2899,2025-11,Bucharest,Europe,9.07
2900,2025-12,Bucharest,Europe,9.04
2901,2026-01,Bucharest,Europe,9.03
2902,2026-02,Bucharest,Europe,9.19
2903,2026-03,Bucharest,Europe,9.23
2904,2025-10,Bucharest,Europe,8.99
2905,2025-11,Bucharest,Europe,9.07
2906,2025-12,Bucharest,Europe,9.04
2907,2026-01,Bucharest,Europe,9.03
2908,2026-02,Bucharest,Europe,9.19
2909,2026-03,Bucharest,Europe,9.23
2910,2025-10,Bucharest,Europe,8.99
2911,2025-11,Bucharest,Europe,9.07
2912,2025-12,Bucharest,Europe,9.04
2913,2026-01,Bucharest,Europe,9.03
2914,2026-02,Bucharest,Europe,9.19
2915,2026-03,Bucharest,Europe,9.23
2916,2025-10,Bucharest,Europe,8.99
2917,2025-11,Bucharest,Europe,9.07
2918,2025-12,Bucharest,Europe,9.04
2919,2026-01,Bucharest,Europe,9.03
2920,2026-02,Bucharest,Europe,9.19
2921,2026-03,Bucharest,Europe,9.23
2922,2025-10,Bucharest,Europe,8.99
2923,2025-11,Bucharest,Europe,9.07
2924,2025-12,Bucharest,Europe,9.04
2925,2026-01,Bucharest,Europe,9.03
2926,2026-02,Bucharest,Europe,9.19
2927,2026-03,Bucharest,Europe,9.23
2928,2025-10,Bucharest,Europe,8.99
2929,2025-11,Bucharest,Europe,9.07
2930,2025-12,Bucharest,Europe,9.04
2931,2026-01,Bucharest,Europe,9.03
2932,2026-02,Bucharest,Europe,9.19
2933,2026-03,Bucharest,Europe,9.23
2934,2025-10,Bucharest,Europe,8.99
2935,2025-11,Bucharest,Europe,9.07
2936,2025-12,Bucharest,Europe,9.04
2937,2026-01,Bucharest,Europe,9.03
2938,2026-02,Bucharest,Europe,9.19
2939,2026-03,Bucharest,Europe,9.23
2940,2025-10,Zagreb,Europe,8.78
2941,2025-11,Zagreb,Europe,8.86
2942,2025-12,Zagreb,Europe,9.11
2943,2026-01,Zagreb,Europe,8.84
2944,2026-02,Zagreb,Europe,9.11
2945,2026-03,Zagreb,Europe,9.2
2946,2025-10,Zagreb,Europe,8.78
2947,2025-11,Zagreb,Europe,8.86
2948,2025-12,Zagreb,Europe,9.11
2949,2026-01,Zagreb,Europe,8.84
2950,2026-02,Zagreb,Europe,9.11
2951,2026-03,Zagreb,Europe,9.2
2952,2025-10,Zagreb,Europe,8.78
2953,2025-11,Zagreb,Europe,8.86
2954,2025-12,Zagreb,Europe,9.11
2955,2026-01,Zagreb,Europe,8.84
2956,2026-02,Zagreb,Europe,9.11
2957,2026-03,Zagreb,Europe,9.2
2958,2025-10,Zagreb,Europe,8.78
2959,2025-11,Zagreb,Europe,8.86
2960,2025-12,Zagreb,Europe,9.11
2961,2026-01,Zagreb,Europe,8.84
2962,2026-02,Zagreb,Europe,9.11
2963,2026-03,Zagreb,Europe,9.2
2964,2025-10,Zagreb,Europe,8.78
2965,2025-11,Zagreb,Europe,8.86
2966,2025-12,Zagreb,Europe,9.11
2967,2026-01,Zagreb,Europe,8.84
2968,2026-02,Zagreb,Europe,9.11
2969,2026-03,Zagreb,Europe,9.2
2970,2025-10,Zagreb,Europe,8.78
2971,2025-11,Zagreb,Europe,8.86
2972,2025-12,Zagreb,Europe,9.11
2973,2026-01,Zagreb,Europe,8.84
2974,2026-02,Zagreb,Europe,9.11
2975,2026-03,Zagreb,Europe,9.2
2976,2025-10,Zagreb,Europe,8.78
2977,2025-11,Zagreb,Europe,8.86
2978,2025-12,Zagreb,Europe,9.11
2979,2026-01,Zagreb,Europe,8.84
2980,2026-02,Zagreb,Europe,9.11
2981,2026-03,Zagreb,Europe,9.2
2982,2025-10,Zagreb,Europe,8.78
2983,2025-11,Zagreb,Europe,8.86
2984,2025-12,Zagreb,Europe,9.11
2985,2026-01,Zagreb,Europe,8.84
2986,2026-02,Zagreb,Europe,9.11
2987,2026-03,Zagreb,Europe,9.2
2988,2025-10,Zagreb,Europe,8.78
2989,2025-11,Zagreb,Europe,8.86
2990,2025-12,Zagreb,Europe,9.11
2991,2026-01,Zagreb,Europe,8.84
2992,2026-02,Zagreb,Europe,9.11
2993,2026-03,Zagreb,Europe,9.2
2994,2025-10,Zagreb,Europe,8.78
2995,2025-11,Zagreb,Europe,8.86
2996,2025-12,Zagreb,Europe,9.11
2997,2026-01,Zagreb,Europe,8.84
2998,2026-02,Zagreb,Europe,9.11
2999,2026-03,Zagreb,Europe,9.2
3000,2025-10,Zagreb,Europe,8.78
3001,2025-11,Zagreb,Europe,8.86
3002,2025-12,Zagreb,Europe,9.11
3003,2026-01,Zagreb,Europe,8.84
3004,2026-02,Zagreb,Europe,9.11
3005,2026-03,Zagreb,Europe,9.2
3006,2025-10,Zagreb,Europe,8.78
3007,2025-11,Zagreb,Europe,8.86
3008,2025-12,Zagreb,Europe,9.11
3009,2026-01,Zagreb,Europe,8.84
3010,2026-02,Zagreb,Europe,9.11
3011,2026-03,Zagreb,Europe,9.2
3012,2025-10,Zagreb,Europe,8.78
3013,2025-11,Zagreb,Europe,8.86
3014,2025-12,Zagreb,Europe,9.11
3015,2026-01,Zagreb,Europe,8.84
3016,2026-02,Zagreb,Europe,9.11
3017,2026-03,Zagreb,Europe,9.2
3018,2025-10,Zagreb,Europe,8.78
3019,2025-11,Zagreb,Europe,8.86
3020,2025-12,Zagreb,Europe,9.11
3021,2026-01,Zagreb,Europe,8.84
3022,2026-02,Zagreb,Europe,9.11
3023,2026-03,Zagreb,Europe,9.2
3024,2025-10,Sofia,Europe,9.59
3025,2025-11,Sofia,Europe,9.64
3026,2025-12,Sofia,Europe,9.7
3027,2026-01,Sofia,Europe,9.68
3028,2026-02,Sofia,Europe,10.12
3029,2026-03,Sofia,Europe,9.93
3030,2025-10,Sofia,Europe,9.59
3031,2025-11,Sofia,Europe,9.64
3032,2025-12,Sofia,Europe,9.7
3033,2026-01,Sofia,Europe,9.68
3034,2026-02,Sofia,Europe,10.12
3035,2026-03,Sofia,Europe,9.93
3036,2025-10,Sofia,Europe,9.59
3037,2025-11,Sofia,Europe,9.64
3038,2025-12,Sofia,Europe,9.7
3039,2026-01,Sofia,Europe,9.68
3040,2026-02,Sofia,Europe,10.12
3041,2026-03,Sofia,Europe,9.93
3042,2025-10,Sofia,Europe,9.59
3043,2025-11,Sofia,Europe,9.64
3044,2025-12,Sofia,Europe,9.7
3045,2026-01,Sofia,Europe,9.68
3046,2026-02,Sofia,Europe,10.12
3047,2026-03,Sofia,Europe,9.93
3048,2025-10,Sofia,Europe,9.59
3049,2025-11,Sofia,Europe,9.64
3050,2025-12,Sofia,Europe,9.7
3051,2026-01,Sofia,Europe,9.68
3052,2026-02,Sofia,Europe,10.12
3053,2026-03,Sofia,Europe,9.93
3054,2025-10,Sofia,Europe,9.59
3055,2025-11,Sofia,Europe,9.64
3056,2025-12,Sofia,Europe,9.7
3057,2026-01,Sofia,Europe,9.68
3058,2026-02,Sofia,Europe,10.12
3059,2026-03,Sofia,Europe,9.93
3060,2025-10,Sofia,Europe,9.59
3061,2025-11,Sofia,Europe,9.64
3062,2025-12,Sofia,Europe,9.7
3063,2026-01,Sofia,Europe,9.68
3064,2026-02,Sofia,Europe,10.12
3065,2026-03,Sofia,Europe,9.93
3066,2025-10,Sofia,Europe,9.59
3067,2025-11,Sofia,Europe,9.64
3068,2025-12,Sofia,Europe,9.7
3069,2026-01,Sofia,Europe,9.68
3070,2026-02,Sofia,Europe,10.12
3071,2026-03,Sofia,Europe,9.93
3072,2025-10,Sofia,Europe,9.59
3073,2025-11,Sofia,Europe,9.64
3074,2025-12,Sofia,Europe,9.7
3075,2026-01,Sofia,Europe,9.68
3076,2026-02,Sofia,Europe,10.12
3077,2026-03,Sofia,Europe,9.93
3078,2025-10,Sofia,Europe,9.59
3079,2025-11,Sofia,Europe,9.64
3080,2025-12,Sofia,Europe,9.7
3081,2026-01,Sofia,Europe,9.68
3082,2026-02,Sofia,Europe,10.12
3083,2026-03,Sofia,Europe,9.93
3084,2025-10,Sofia,Europe,9.59
3085,2025-11,Sofia,Europe,9.64
3086,2025-12,Sofia,Europe,9.7
3087,2026-01,Sofia,Europe,9.68
3088,2026-02,Sofia,Europe,10.12
3089,2026-03,Sofia,Europe,9.93
3090,2025-10,Sofia,Europe,9.59
3091,2025-11,Sofia,Europe,9.64
3092,2025-12,Sofia,Europe,9.7
3093,2026-01,Sofia,Europe,9.68
3094,2026-02,Sofia,Europe,10.12
3095,2026-03,Sofia,Europe,9.93
3096,2025-10,Sofia,Europe,9.59
3097,2025-11,Sofia,Europe,9.64
3098,2025-12,Sofia,Europe,9.7
3099,2026-01,Sofia,Europe,9.68
3100,2026-02,Sofia,Europe,10.12
3101,2026-03,Sofia,Europe,9.93
3102,2025-10,Sofia,Europe,9.59
3103,2025-11,Sofia,Europe,9.64
3104,2025-12,Sofia,Europe,9.7
3105,2026-01,Sofia,Europe,9.68
3106,2026-02,Sofia,Europe,10.12
3107,2026-03,Sofia,Europe,9.93
3108,2025-10,Belgrade,Europe,7.19
3109,2025-11,Belgrade,Europe,7.28
3110,2025-12,Belgrade,Europe,7.44
3111,2026-01,Belgrade,Europe,7.26
3112,2026-02,Belgrade,Europe,7.5
3113,2026-03,Belgrade,Europe,7.48
3114,2025-10,Belgrade,Europe,7.19
3115,2025-11,Belgrade,Europe,7.28
3116,2025-12,Belgrade,Europe,7.44
3117,2026-01,Belgrade,Europe,7.26
3118,2026-02,Belgrade,Europe,7.5
3119,2026-03,Belgrade,Europe,7.48
3120,2025-10,Belgrade,Europe,7.19
3121,2025-11,Belgrade,Europe,7.28
3122,2025-12,Belgrade,Europe,7.44
3123,2026-01,Belgrade,Europe,7.26
3124,2026-02,Belgrade,Europe,7.5
3125,2026-03,Belgrade,Europe,7.48
3126,2025-10,Belgrade,Europe,7.19
3127,2025-11,Belgrade,Europe,7.28
3128,2025-12,Belgrade,Europe,7.44
3129,2026-01,Belgrade,Europe,7.26
3130,2026-02,Belgrade,Europe,7.5
3131,2026-03,Belgrade,Europe,7.48
3132,2025-10,Belgrade,Europe,7.19
3133,2025-11,Belgrade,Europe,7.28
3134,2025-12,Belgrade,Europe,7.44
3135,2026-01,Belgrade,Europe,7.26
3136,2026-02,Belgrade,Europe,7.5
3137,2026-03,Belgrade,Europe,7.48
3138,2025-10,Belgrade,Europe,7.19
3139,2025-11,Belgrade,Europe,7.28
3140,2025-12,Belgrade,Europe,7.44
3141,2026-01,Belgrade,Europe,7.26
3142,2026-02,Belgrade,Europe,7.5
3143,2026-03,Belgrade,Europe,7.48
3144,2025-10,Belgrade,Europe,7.19
3145,2025-11,Belgrade,Europe,7.28
3146,2025-12,Belgrade,Europe,7.44
3147,2026-01,Belgrade,Europe,7.26
3148,2026-02,Belgrade,Europe,7.5
3149,2026-03,Belgrade,Europe,7.48
3150,2025-10,Belgrade,Europe,7.19
3151,2025-11,Belgrade,Europe,7.28
3152,2025-12,Belgrade,Europe,7.44
3153,2026-01,Belgrade,Europe,7.26
3154,2026-02,Belgrade,Europe,7.5
3155,2026-03,Belgrade,Europe,7.48
3156,2025-10,Belgrade,Europe,7.19
3157,2025-11,Belgrade,Europe,7.28
3158,2025-12,Belgrade,Europe,7.44
3159,2026-01,Belgrade,Europe,7.26
3160,2026-02,Belgrade,Europe,7.5
3161,2026-03,Belgrade,Europe,7.48
3162,2025-10,Belgrade,Europe,7.19
3163,2025-11,Belgrade,Europe,7.28
3164,2025-12,Belgrade,Europe,7.44
3165,2026-01,Belgrade,Europe,7.26
3166,2026-02,Belgrade,Europe,7.5
3167,2026-03,Belgrade,Europe,7.48
3168,2025-10,Belgrade,Europe,7.19
3169,2025-11,Belgrade,Europe,7.28
3170,2025-12,Belgrade,Europe,7.44
3171,2026-01,Belgrade,Europe,7.26
3172,2026-02,Belgrade,Europe,7.5
3173,2026-03,Belgrade,Europe,7.48
3174,2025-10,Belgrade,Europe,7.19
3175,2025-11,Belgrade,Europe,7.28
3176,2025-12,Belgrade,Europe,7.44
3177,2026-01,Belgrade,Europe,7.26
3178,2026-02,Belgrade,Europe,7.5
3179,2026-03,Belgrade,Europe,7.48
3180,2025-10,Belgrade,Europe,7.19
3181,2025-11,Belgrade,Europe,7.28
3182,2025-12,Belgrade,Europe,7.44
3183,2026-01,Belgrade,Europe,7.26
3184,2026-02,Belgrade,Europe,7.5
3185,2026-03,Belgrade,Europe,7.48
3186,2025-10,Belgrade,Europe,7.19
3187,2025-11,Belgrade,Europe,7.28
3188,2025-12,Belgrade,Europe,7.44
3189,2026-01,Belgrade,Europe,7.26
3190,2026-02,Belgrade,Europe,7.5
3191,2026-03,Belgrade,Europe,7.48
3192,2025-10,Bratislava,Europe,8.46
3193,2025-11,Bratislava,Europe,8.7
3194,2025-12,Bratislava,Europe,8.82
3195,2026-01,Bratislava,Europe,8.66
3196,2026-02,Bratislava,Europe,8.84
3197,2026-03,Bratislava,Europe,8.84
3198,2025-10,Bratislava,Europe,8.46
3199,2025-11,Bratislava,Europe,8.7
3200,2025-12,Bratislava,Europe,8.82
3201,2026-01,Bratislava,Europe,8.66
3202,2026-02,Bratislava,Europe,8.84
3203,2026-03,Bratislava,Europe,8.84
3204,2025-10,Bratislava,Europe,8.46
3205,2025-11,Bratislava,Europe,8.7
3206,2025-12,Bratislava,Europe,8.82
3207,2026-01,Bratislava,Europe,8.66
3208,2026-02,Bratislava,Europe,8.84
3209,2026-03,Bratislava,Europe,8.84
3210,2025-10,Bratislava,Europe,8.46
3211,2025-11,Bratislava,Europe,8.7
3212,2025-12,Bratislava,Europe,8.82
3213,2026-01,Bratislava,Europe,8.66
3214,2026-02,Bratislava,Europe,8.84
3215,2026-03,Bratislava,Europe,8.84
3216,2025-10,Bratislava,Europe,8.46
3217,2025-11,Bratislava,Europe,8.7
3218,2025-12,Bratislava,Europe,8.82
3219,2026-01,Bratislava,Europe,8.66
3220,2026-02,Bratislava,Europe,8.84
3221,2026-03,Bratislava,Europe,8.84
3222,2025-10,Bratislava,Europe,8.46
3223,2025-11,Bratislava,Europe,8.7
3224,2025-12,Bratislava,Europe,8.82
3225,2026-01,Bratislava,Europe,8.66
3226,2026-02,Bratislava,Europe,8.84
3227,2026-03,Bratislava,Europe,8.84
3228,2025-10,Bratislava,Europe,8.46
3229,2025-11,Bratislava,Europe,8.7
3230,2025-12,Bratislava,Europe,8.82
3231,2026-01,Bratislava,Europe,8.66
3232,2026-02,Bratislava,Europe,8.84
3233,2026-03,Bratislava,Europe,8.84
3234,2025-10,Bratislava,Europe,8.46
3235,2025-11,Bratislava,Europe,8.7
3236,2025-12,Bratislava,Europe,8.82
3237,2026-01,Bratislava,Europe,8.66
3238,2026-02,Bratislava,Europe,8.84
3239,2026-03,Bratislava,Europe,8.84
3240,2025-10,Bratislava,Europe,8.46
3241,2025-11,Bratislava,Europe,8.7
3242,2025-12,Bratislava,Europe,8.82
3243,2026-01,Bratislava,Europe,8.66
3244,2026-02,Bratislava,Europe,8.84
3245,2026-03,Bratislava,Europe,8.84
3246,2025-10,Bratislava,Europe,8.46
3247,2025-11,Bratislava,Europe,8.7
3248,2025-12,Bratislava,Europe,8.82
3249,2026-01,Bratislava,Europe,8.66
3250,2026-02,Bratislava,Europe,8.84
3251,2026-03,Bratislava,Europe,8.84
3252,2025-10,Bratislava,Europe,8.46
3253,2025-11,Bratislava,Europe,8.7
3254,2025-12,Bratislava,Europe,8.82
3255,2026-01,Bratislava,Europe,8.66
3256,2026-02,Bratislava,Europe,8.84
3257,2026-03,Bratislava,Europe,8.84
3258,2025-10,Bratislava,Europe,8.46
3259,2025-11,Bratislava,Europe,8.7
3260,2025-12,Bratislava,Europe,8.82
3261,2026-01,Bratislava,Europe,8.66
3262,2026-02,Bratislava,Europe,8.84
3263,2026-03,Bratislava,Europe,8.84
3264,2025-10,Bratislava,Europe,8.46
3265,2025-11,Bratislava,Europe,8.7
3266,2025-12,Bratislava,Europe,8.82
3267,2026-01,Bratislava,Europe,8.66
3268,2026-02,Bratislava,Europe,8.84
3269,2026-03,Bratislava,Europe,8.84
3270,2025-10,Bratislava,Europe,8.46
3271,2025-11,Bratislava,Europe,8.7
3272,2025-12,Bratislava,Europe,8.82
3273,2026-01,Bratislava,Europe,8.66
3274,2026-02,Bratislava,Europe,8.84
3275,2026-03,Bratislava,Europe,8.84
3276,2025-10,Ljubljana,Europe,9.67
3277,2025-11,Ljubljana,Europe,9.82
3278,2025-12,Ljubljana,Europe,9.93
3279,2026-01,Ljubljana,Europe,9.85
3280,2026-02,Ljubljana,Europe,9.95
3281,2026-03,Ljubljana,Europe,10.04
3282,2025-10,Ljubljana,Europe,9.67
3283,2025-11,Ljubljana,Europe,9.82
3284,2025-12,Ljubljana,Europe,9.93
3285,2026-01,Ljubljana,Europe,9.85
3286,2026-02,Ljubljana,Europe,9.95
3287,2026-03,Ljubljana,Europe,10.04
3288,2025-10,Ljubljana,Europe,9.67
3289,2025-11,Ljubljana,Europe,9.82
3290,2025-12,Ljubljana,Europe,9.93
3291,2026-01,Ljubljana,Europe,9.85
3292,2026-02,Ljubljana,Europe,9.95
3293,2026-03,Ljubljana,Europe,10.04
3294,2025-10,Ljubljana,Europe,9.67
3295,2025-11,Ljubljana,Europe,9.82
3296,2025-12,Ljubljana,Europe,9.93
3297,2026-01,Ljubljana,Europe,9.85
3298,2026-02,Ljubljana,Europe,9.95
3299,2026-03,Ljubljana,Europe,10.04
3300,2025-10,Ljubljana,Europe,9.67
3301,2025-11,Ljubljana,Europe,9.82
3302,2025-12,Ljubljana,Europe,9.93
3303,2026-01,Ljubljana,Europe,9.85
3304,2026-02,Ljubljana,Europe,9.95
3305,2026-03,Ljubljana,Europe,10.04
3306,2025-10,Ljubljana,Europe,9.67
3307,2025-11,Ljubljana,Europe,9.82
3308,2025-12,Ljubljana,Europe,9.93
3309,2026-01,Ljubljana,Europe,9.85
3310,2026-02,Ljubljana,Europe,9.95
3311,2026-03,Ljubljana,Europe,10.04
3312,2025-10,Ljubljana,Europe,9.67
3313,2025-11,Ljubljana,Europe,9.82
3314,2025-12,Ljubljana,Europe,9.93
3315,2026-01,Ljubljana,Europe,9.85
3316,2026-02,Ljubljana,Europe,9.95
3317,2026-03,Ljubljana,Europe,10.04
3318,2025-10,Ljubljana,Europe,9.67
3319,2025-11,Ljubljana,Europe,9.82
3320,2025-12,Ljubljana,Europe,9.93
3321,2026-01,Ljubljana,Europe,9.85
3322,2026-02,Ljubljana,Europe,9.95
3323,2026-03,Ljubljana,Europe,10.04
3324,2025-10,Ljubljana,Europe,9.67
3325,2025-11,Ljubljana,Europe,9.82
3326,2025-12,Ljubljana,Europe,9.93
3327,2026-01,Ljubljana,Europe,9.85
3328,2026-02,Ljubljana,Europe,9.95
3329,2026-03,Ljubljana,Europe,10.04
3330,2025-10,Ljubljana,Europe,9.67
3331,2025-11,Ljubljana,Europe,9.82
3332,2025-12,Ljubljana,Europe,9.93
3333,2026-01,Ljubljana,Europe,9.85
3334,2026-02,Ljubljana,Europe,9.95
3335,2026-03,Ljubljana,Europe,10.04
3336,2025-10,Ljubljana,Europe,9.67
3337,2025-11,Ljubljana,Europe,9.82
3338,2025-12,Ljubljana,Europe,9.93
3339,2026-01,Ljubljana,Europe,9.85
3340,2026-02,Ljubljana,Europe,9.95
3341,2026-03,Ljubljana,Europe,10.04
3342,2025-10,Ljubljana,Europe,9.67
3343,2025-11,Ljubljana,Europe,9.82
3344,2025-12,Ljubljana,Europe,9.93
3345,2026-01,Ljubljana,Europe,9.85
3346,2026-02,Ljubljana,Europe,9.95
3347,2026-03,Ljubljana,Europe,10.04
3348,2025-10,Ljubljana,Europe,9.67
3349,2025-11,Ljubljana,Europe,9.82
3350,2025-12,Ljubljana,Europe,9.93
3351,2026-01,Ljubljana,Europe,9.85
3352,2026-02,Ljubljana,Europe,9.95
3353,2026-03,Ljubljana,Europe,10.04
3354,2025-10,Ljubljana,Europe,9.67
3355,2025-11,Ljubljana,Europe,9.82
3356,2025-12,Ljubljana,Europe,9.93
3357,2026-01,Ljubljana,Europe,9.85
3358,2026-02,Ljubljana,Europe,9.95
3359,2026-03,Ljubljana,Europe,10.04
3360,2025-10,Vilnius,Europe,8.88
3361,2025-11,Vilnius,Europe,8.92
3362,2025-12,Vilnius,Europe,8.87
3363,2026-01,Vilnius,Europe,9.03
3364,2026-02,Vilnius,Europe,9.25
3365,2026-03,Vilnius,Europe,9.12
3366,2025-10,Vilnius,Europe,8.88
3367,2025-11,Vilnius,Europe,8.92
3368,2025-12,Vilnius,Europe,8.87
3369,2026-01,Vilnius,Europe,9.03
3370,2026-02,Vilnius,Europe,9.25
3371,2026-03,Vilnius,Europe,9.12
3372,2025-10,Vilnius,Europe,8.88
3373,2025-11,Vilnius,Europe,8.92
3374,2025-12,Vilnius,Europe,8.87
3375,2026-01,Vilnius,Europe,9.03
3376,2026-02,Vilnius,Europe,9.25
3377,2026-03,Vilnius,Europe,9.12
3378,2025-10,Vilnius,Europe,8.88
3379,2025-11,Vilnius,Europe,8.92
3380,2025-12,Vilnius,Europe,8.87
3381,2026-01,Vilnius,Europe,9.03
3382,2026-02,Vilnius,Europe,9.25
3383,2026-03,Vilnius,Europe,9.12
3384,2025-10,Vilnius,Europe,8.88
3385,2025-11,Vilnius,Europe,8.92
3386,2025-12,Vilnius,Europe,8.87
3387,2026-01,Vilnius,Europe,9.03
3388,2026-02,Vilnius,Europe,9.25
3389,2026-03,Vilnius,Europe,9.12
3390,2025-10,Vilnius,Europe,8.88
3391,2025-11,Vilnius,Europe,8.92
3392,2025-12,Vilnius,Europe,8.87
3393,2026-01,Vilnius,Europe,9.03
3394,2026-02,Vilnius,Europe,9.25
3395,2026-03,Vilnius,Europe,9.12
3396,2025-10,Vilnius,Europe,8.88
3397,2025-11,Vilnius,Europe,8.92
3398,2025-12,Vilnius,Europe,8.87
3399,2026-01,Vilnius,Europe,9.03
3400,2026-02,Vilnius,Europe,9.25
3401,2026-03,Vilnius,Europe,9.12
3402,2025-10,Vilnius,Europe,8.88
3403,2025-11,Vilnius,Europe,8.92
3404,2025-12,Vilnius,Europe,8.87
3405,2026-01,Vilnius,Europe,9.03
3406,2026-02,Vilnius,Europe,9.25
3407,2026-03,Vilnius,Europe,9.12
3408,2025-10,Vilnius,Europe,8.88
3409,2025-11,Vilnius,Europe,8.92
3410,2025-12,Vilnius,Europe,8.87
3411,2026-01,Vilnius,Europe,9.03
3412,2026-02,Vilnius,Europe,9.25
3413,2026-03,Vilnius,Europe,9.12
3414,2025-10,Vilnius,Europe,8.88
3415,2025-11,Vilnius,Europe,8.92
3416,2025-12,Vilnius,Europe,8.87
3417,2026-01,Vilnius,Europe,9.03
3418,2026-02,Vilnius,Europe,9.25
3419,2026-03,Vilnius,Europe,9.12
3420,2025-10,Vilnius,Europe,8.88
3421,2025-11,Vilnius,Europe,8.92
3422,2025-12,Vilnius,Europe,8.87
3423,2026-01,Vilnius,Europe,9.03
3424,2026-02,Vilnius,Europe,9.25
3425,2026-03,Vilnius,Europe,9.12
3426,2025-10,Vilnius,Europe,8.88
3427,2025-11,Vilnius,Europe,8.92
3428,2025-12,Vilnius,Europe,8.87
3429,2026-01,Vilnius,Europe,9.03
3430,2026-02,Vilnius,Europe,9.25
3431,2026-03,Vilnius,Europe,9.12
3432,2025-10,Vilnius,Europe,8.88
3433,2025-11,Vilnius,Europe,8.92
3434,2025-12,Vilnius,Europe,8.87
3435,2026-01,Vilnius,Europe,9.03
3436,2026-02,Vilnius,Europe,9.25
3437,2026-03,Vilnius,Europe,9.12
3438,2025-10,Vilnius,Europe,8.88
3439,2025-11,Vilnius,Europe,8.92
3440,2025-12,Vilnius,Europe,8.87
3441,2026-01,Vilnius,Europe,9.03
3442,2026-02,Vilnius,Europe,9.25
3443,2026-03,Vilnius,Europe,9.12
3444,2025-10,Riga,Europe,8.15
3445,2025-11,Riga,Europe,8.24
3446,2025-12,Riga,Europe,8.32
3447,2026-01,Riga,Europe,8.28
3448,2026-02,Riga,Europe,8.54
3449,2026-03,Riga,Europe,8.55
3450,2025-10,Riga,Europe,8.15
3451,2025-11,Riga,Europe,8.24
3452,2025-12,Riga,Europe,8.32
3453,2026-01,Riga,Europe,8.28
3454,2026-02,Riga,Europe,8.54
3455,2026-03,Riga,Europe,8.55
3456,2025-10,Riga,Europe,8.15
3457,2025-11,Riga,Europe,8.24
3458,2025-12,Riga,Europe,8.32
3459,2026-01,Riga,Europe,8.28
3460,2026-02,Riga,Europe,8.54
3461,2026-03,Riga,Europe,8.55
3462,2025-10,Riga,Europe,8.15
3463,2025-11,Riga,Europe,8.24
3464,2025-12,Riga,Europe,8.32
3465,2026-01,Riga,Europe,8.28
3466,2026-02,Riga,Europe,8.54
3467,2026-03,Riga,Europe,8.55
3468,2025-10,Riga,Europe,8.15
3469,2025-11,Riga,Europe,8.24
3470,2025-12,Riga,Europe,8.32
3471,2026-01,Riga,Europe,8.28
3472,2026-02,Riga,Europe,8.54
3473,2026-03,Riga,Europe,8.55
3474,2025-10,Riga,Europe,8.15
3475,2025-11,Riga,Europe,8.24
3476,2025-12,Riga,Europe,8.32
3477,2026-01,Riga,Europe,8.28
3478,2026-02,Riga,Europe,8.54
3479,2026-03,Riga,Europe,8.55
3480,2025-10,Riga,Europe,8.15
3481,2025-11,Riga,Europe,8.24
3482,2025-12,Riga,Europe,8.32
3483,2026-01,Riga,Europe,8.28
3484,2026-02,Riga,Europe,8.54
3485,2026-03,Riga,Europe,8.55
3486,2025-10,Riga,Europe,8.15
3487,2025-11,Riga,Europe,8.24
3488,2025-12,Riga,Europe,8.32
3489,2026-01,Riga,Europe,8.28
3490,2026-02,Riga,Europe,8.54
3491,2026-03,Riga,Europe,8.55
3492,2025-10,Riga,Europe,8.15
3493,2025-11,Riga,Europe,8.24
3494,2025-12,Riga,Europe,8.32
3495,2026-01,Riga,Europe,8.28
3496,2026-02,Riga,Europe,8.54
3497,2026-03,Riga,Europe,8.55
3498,2025-10,Riga,Europe,8.15
3499,2025-11,Riga,Europe,8.24
3500,2025-12,Riga,Europe,8.32
3501,2026-01,Riga,Europe,8.28
3502,2026-02,Riga,Europe,8.54
3503,2026-03,Riga,Europe,8.55
3504,2025-10,Riga,Europe,8.15
3505,2025-11,Riga,Europe,8.24
3506,2025-12,Riga,Europe,8.32
3507,2026-01,Riga,Europe,8.28
3508,2026-02,Riga,Europe,8.54
3509,2026-03,Riga,Europe,8.55
3510,2025-10,Riga,Europe,8.15
3511,2025-11,Riga,Europe,8.24
3512,2025-12,Riga,Europe,8.32
3513,2026-01,Riga,Europe,8.28
3514,2026-02,Riga,Europe,8.54
3515,2026-03,Riga,Europe,8.55
3516,2025-10,Riga,Europe,8.15
3517,2025-11,Riga,Europe,8.24
3518,2025-12,Riga,Europe,8.32
3519,2026-01,Riga,Europe,8.28
3520,2026-02,Riga,Europe,8.54
3521,2026-03,Riga,Europe,8.55
3522,2025-10,Riga,Europe,8.15
3523,2025-11,Riga,Europe,8.24
3524,2025-12,Riga,Europe,8.32
3525,2026-01,Riga,Europe,8.28
3526,2026-02,Riga,Europe,8.54
3527,2026-03,Riga,Europe,8.55
3528,2025-10,Tallinn,Europe,7.48
3529,2025-11,Tallinn,Europe,7.58
3530,2025-12,Tallinn,Europe,7.53
3531,2026-01,Tallinn,Europe,7.59
3532,2026-02,Tallinn,Europe,7.65
3533,2026-03,Tallinn,Europe,7.68
3534,2025-10,Tallinn,Europe,7.48
3535,2025-11,Tallinn,Europe,7.58
3536,2025-12,Tallinn,Europe,7.53
3537,2026-01,Tallinn,Europe,7.59
3538,2026-02,Tallinn,Europe,7.65
3539,2026-03,Tallinn,Europe,7.68
3540,2025-10,Tallinn,Europe,7.48
3541,2025-11,Tallinn,Europe,7.58
3542,2025-12,Tallinn,Europe,7.53
3543,2026-01,Tallinn,Europe,7.59
3544,2026-02,Tallinn,Europe,7.65
3545,2026-03,Tallinn,Europe,7.68
3546,2025-10,Tallinn,Europe,7.48
3547,2025-11,Tallinn,Europe,7.58
3548,2025-12,Tallinn,Europe,7.53
3549,2026-01,Tallinn,Europe,7.59
3550,2026-02,Tallinn,Europe,7.65
3551,2026-03,Tallinn,Europe,7.68
3552,2025-10,Tallinn,Europe,7.48
3553,2025-11,Tallinn,Europe,7.58
3554,2025-12,Tallinn,Europe,7.53
3555,2026-01,Tallinn,Europe,7.59
3556,2026-02,Tallinn,Europe,7.65
3557,2026-03,Tallinn,Europe,7.68
3558,2025-10,Tallinn,Europe,7.48
3559,2025-11,Tallinn,Europe,7.58
3560,2025-12,Tallinn,Europe,7.53
3561,2026-01,Tallinn,Europe,7.59
3562,2026-02,Tallinn,Europe,7.65
3563,2026-03,Tallinn,Europe,7.68
3564,2025-10,Tallinn,Europe,7.48
3565,2025-11,Tallinn,Europe,7.58
3566,2025-12,Tallinn,Europe,7.53
3567,2026-01,Tallinn,Europe,7.59
3568,2026-02,Tallinn,Europe,7.65
3569,2026-03,Tallinn,Europe,7.68
3570,2025-10,Tallinn,Europe,7.48
3571,2025-11,Tallinn,Europe,7.58
3572,2025-12,Tallinn,Europe,7.53
3573,2026-01,Tallinn,Europe,7.59
3574,2026-02,Tallinn,Europe,7.65
3575,2026-03,Tallinn,Europe,7.68
3576,2025-10,Tallinn,Europe,7.48
3577,2025-11,Tallinn,Europe,7.58
3578,2025-12,Tallinn,Europe,7.53
3579,2026-01,Tallinn,Europe,7.59
3580,2026-02,Tallinn,Europe,7.65
3581,2026-03,Tallinn,Europe,7.68
3582,2025-10,Tallinn,Europe,7.48
3583,2025-11,Tallinn,Europe,7.58
3584,2025-12,Tallinn,Europe,7.53
3585,2026-01,Tallinn,Europe,7.59
3586,2026-02,Tallinn,Europe,7.65
3587,2026-03,Tallinn,Europe,7.68
3588,2025-10,Tallinn,Europe,7.48
3589,2025-11,Tallinn,Europe,7.58
3590,2025-12,Tallinn,Europe,7.53
3591,2026-01,Tallinn,Europe,7.59
3592,2026-02,Tallinn,Europe,7.65
3593,2026-03,Tallinn,Europe,7.68
3594,2025-10,Tallinn,Europe,7.48
3595,2025-11,Tallinn,Europe,7.58
3596,2025-12,Tallinn,Europe,7.53
3597,2026-01,Tallinn,Europe,7.59
3598,2026-02,Tallinn,Europe,7.65
3599,2026-03,Tallinn,Europe,7.68
3600,2025-10,Tallinn,Europe,7.48
3601,2025-11,Tallinn,Europe,7.58
3602,2025-12,Tallinn,Europe,7.53
3603,2026-01,Tallinn,Europe,7.59
3604,2026-02,Tallinn,Europe,7.65
3605,2026-03,Tallinn,Europe,7.68
3606,2025-10,Tallinn,Europe,7.48
3607,2025-11,Tallinn,Europe,7.58
3608,2025-12,Tallinn,Europe,7.53
3609,2026-01,Tallinn,Europe,7.59
3610,2026-02,Tallinn,Europe,7.65
3611,2026-03,Tallinn,Europe,7.68
3612,2025-10,Moscow,Europe,5.39
3613,2025-11,Moscow,Europe,5.51
3614,2025-12,Moscow,Europe,5.64
3615,2026-01,Moscow,Europe,5.64
3616,2026-02,Moscow,Europe,5.72
3617,2026-03,Moscow,Europe,5.72
3618,2025-10,Moscow,Europe,5.39
3619,2025-11,Moscow,Europe,5.51
3620,2025-12,Moscow,Europe,5.64
3621,2026-01,Moscow,Europe,5.64
3622,2026-02,Moscow,Europe,5.72
3623,2026-03,Moscow,Europe,5.72
3624,2025-10,Moscow,Europe,5.39
3625,2025-11,Moscow,Europe,5.51
3626,2025-12,Moscow,Europe,5.64
3627,2026-01,Moscow,Europe,5.64
3628,2026-02,Moscow,Europe,5.72
3629,2026-03,Moscow,Europe,5.72
3630,2025-10,Moscow,Europe,5.39
3631,2025-11,Moscow,Europe,5.51
3632,2025-12,Moscow,Europe,5.64
3633,2026-01,Moscow,Europe,5.64
3634,2026-02,Moscow,Europe,5.72
3635,2026-03,Moscow,Europe,5.72
3636,2025-10,Moscow,Europe,5.39
3637,2025-11,Moscow,Europe,5.51
3638,2025-12,Moscow,Europe,5.64
3639,2026-01,Moscow,Europe,5.64
3640,2026-02,Moscow,Europe,5.72
3641,2026-03,Moscow,Europe,5.72
3642,2025-10,Moscow,Europe,5.39
3643,2025-11,Moscow,Europe,5.51
3644,2025-12,Moscow,Europe,5.64
3645,2026-01,Moscow,Europe,5.64
3646,2026-02,Moscow,Europe,5.72
3647,2026-03,Moscow,Europe,5.72
3648,2025-10,Moscow,Europe,5.39
3649,2025-11,Moscow,Europe,5.51
3650,2025-12,Moscow,Europe,5.64
3651,2026-01,Moscow,Europe,5.64
3652,2026-02,Moscow,Europe,5.72
3653,2026-03,Moscow,Europe,5.72
3654,2025-10,Moscow,Europe,5.39
3655,2025-11,Moscow,Europe,5.51
3656,2025-12,Moscow,Europe,5.64
3657,2026-01,Moscow,Europe,5.64
3658,2026-02,Moscow,Europe,5.72
3659,2026-03,Moscow,Europe,5.72
3660,2025-10,Moscow,Europe,5.39
3661,2025-11,Moscow,Europe,5.51
3662,2025-12,Moscow,Europe,5.64
3663,2026-01,Moscow,Europe,5.64
3664,2026-02,Moscow,Europe,5.72
3665,2026-03,Moscow,Europe,5.72
3666,2025-10,Moscow,Europe,5.39
3667,2025-11,Moscow,Europe,5.51
3668,2025-12,Moscow,Europe,5.64
3669,2026-01,Moscow,Europe,5.64
3670,2026-02,Moscow,Europe,5.72
3671,2026-03,Moscow,Europe,5.72
3672,2025-10,Moscow,Europe,5.39
3673,2025-11,Moscow,Europe,5.51
3674,2025-12,Moscow,Europe,5.64
3675,2026-01,Moscow,Europe,5.64
3676,2026-02,Moscow,Europe,5.72
3677,2026-03,Moscow,Europe,5.72
3678,2025-10,Moscow,Europe,5.39
3679,2025-11,Moscow,Europe,5.51
3680,2025-12,Moscow,Europe,5.64
3681,2026-01,Moscow,Europe,5.64
3682,2026-02,Moscow,Europe,5.72
3683,2026-03,Moscow,Europe,5.72
3684,2025-10,Moscow,Europe,5.39
3685,2025-11,Moscow,Europe,5.51
3686,2025-12,Moscow,Europe,5.64
3687,2026-01,Moscow,Europe,5.64
3688,2026-02,Moscow,Europe,5.72
3689,2026-03,Moscow,Europe,5.72
3690,2025-10,Moscow,Europe,5.39
3691,2025-11,Moscow,Europe,5.51
3692,2025-12,Moscow,Europe,5.64
3693,2026-01,Moscow,Europe,5.64
3694,2026-02,Moscow,Europe,5.72
3695,2026-03,Moscow,Europe,5.72
3696,2025-10,Kyiv,Europe,5.7
3697,2025-11,Kyiv,Europe,5.81
3698,2025-12,Kyiv,Europe,5.84
3699,2026-01,Kyiv,Europe,5.79
3700,2026-02,Kyiv,Europe,5.98
3701,2026-03,Kyiv,Europe,5.92
3702,2025-10,Kyiv,Europe,5.7
3703,2025-11,Kyiv,Europe,5.81
3704,2025-12,Kyiv,Europe,5.84
3705,2026-01,Kyiv,Europe,5.79
3706,2026-02,Kyiv,Europe,5.98
3707,2026-03,Kyiv,Europe,5.92
3708,2025-10,Kyiv,Europe,5.7
3709,2025-11,Kyiv,Europe,5.81
3710,2025-12,Kyiv,Europe,5.84
3711,2026-01,Kyiv,Europe,5.79
3712,2026-02,Kyiv,Europe,5.98
3713,2026-03,Kyiv,Europe,5.92
3714,2025-10,Kyiv,Europe,5.7
3715,2025-11,Kyiv,Europe,5.81
3716,2025-12,Kyiv,Europe,5.84
3717,2026-01,Kyiv,Europe,5.79
3718,2026-02,Kyiv,Europe,5.98
3719,2026-03,Kyiv,Europe,5.92
3720,2025-10,Kyiv,Europe,5.7
3721,2025-11,Kyiv,Europe,5.81
3722,2025-12,Kyiv,Europe,5.84
3723,2026-01,Kyiv,Europe,5.79
3724,2026-02,Kyiv,Europe,5.98
3725,2026-03,Kyiv,Europe,5.92
3726,2025-10,Kyiv,Europe,5.7
3727,2025-11,Kyiv,Europe,5.81
3728,2025-12,Kyiv,Europe,5.84
3729,2026-01,Kyiv,Europe,5.79
3730,2026-02,Kyiv,Europe,5.98
3731,2026-03,Kyiv,Europe,5.92
3732,2025-10,Kyiv,Europe,5.7
3733,2025-11,Kyiv,Europe,5.81
3734,2025-12,Kyiv,Europe,5.84
3735,2026-01,Kyiv,Europe,5.79
3736,2026-02,Kyiv,Europe,5.98
3737,2026-03,Kyiv,Europe,5.92
3738,2025-10,Kyiv,Europe,5.7
3739,2025-11,Kyiv,Europe,5.81
3740,2025-12,Kyiv,Europe,5.84
3741,2026-01,Kyiv,Europe,5.79
3742,2026-02,Kyiv,Europe,5.98
3743,2026-03,Kyiv,Europe,5.92
3744,2025-10,Kyiv,Europe,5.7
3745,2025-11,Kyiv,Europe,5.81
3746,2025-12,Kyiv,Europe,5.84
3747,2026-01,Kyiv,Europe,5.79
3748,2026-02,Kyiv,Europe,5.98
3749,2026-03,Kyiv,Europe,5.92
3750,2025-10,Kyiv,Europe,5.7
3751,2025-11,Kyiv,Europe,5.81
3752,2025-12,Kyiv,Europe,5.84
3753,2026-01,Kyiv,Europe,5.79
3754,2026-02,Kyiv,Europe,5.98
3755,2026-03,Kyiv,Europe,5.92
3756,2025-10,Kyiv,Europe,5.7
3757,2025-11,Kyiv,Europe,5.81
3758,2025-12,Kyiv,Europe,5.84
3759,2026-01,Kyiv,Europe,5.79
3760,2026-02,Kyiv,Europe,5.98
3761,2026-03,Kyiv,Europe,5.92
3762,2025-10,Kyiv,Europe,5.7
3763,2025-11,Kyiv,Europe,5.81
3764,2025-12,Kyiv,Europe,5.84
3765,2026-01,Kyiv,Europe,5.79
3766,2026-02,Kyiv,Europe,5.98
3767,2026-03,Kyiv,Europe,5.92
3768,2025-10,Kyiv,Europe,5.7
3769,2025-11,Kyiv,Europe,5.81
3770,2025-12,Kyiv,Europe,5.84
3771,2026-01,Kyiv,Europe,5.79
3772,2026-02,Kyiv,Europe,5.98
3773,2026-03,Kyiv,Europe,5.92
3774,2025-10,Kyiv,Europe,5.7
3775,2025-11,Kyiv,Europe,5.81
3776,2025-12,Kyiv,Europe,5.84
3777,2026-01,Kyiv,Europe,5.79
3778,2026-02,Kyiv,Europe,5.98
3779,2026-03,Kyiv,Europe,5.92
3780,2025-10,Dubai,Asia,9.62
3781,2025-11,Dubai,Asia,9.75
3782,2025-12,Dubai,Asia,9.75
3783,2026-01,Dubai,Asia,9.75
3784,2026-02,Dubai,Asia,9.98
3785,2026-03,Dubai,Asia,10.09
3786,2025-10,Dubai,Asia,9.62
3787,2025-11,Dubai,Asia,9.75
3788,2025-12,Dubai,Asia,9.75
3789,2026-01,Dubai,Asia,9.75
3790,2026-02,Dubai,Asia,9.98
3791,2026-03,Dubai,Asia,10.09
3792,2025-10,Dubai,Asia,9.62
3793,2025-11,Dubai,Asia,9.75
3794,2025-12,Dubai,Asia,9.75
3795,2026-01,Dubai,Asia,9.75
3796,2026-02,Dubai,Asia,9.98
3797,2026-03,Dubai,Asia,10.09
3798,2025-10,Dubai,Asia,9.62
3799,2025-11,Dubai,Asia,9.75
3800,2025-12,Dubai,Asia,9.75
3801,2026-01,Dubai,Asia,9.75
3802,2026-02,Dubai,Asia,9.98
3803,2026-03,Dubai,Asia,10.09
3804,2025-10,Dubai,Asia,9.62
3805,2025-11,Dubai,Asia,9.75
3806,2025-12,Dubai,Asia,9.75
3807,2026-01,Dubai,Asia,9.75
3808,2026-02,Dubai,Asia,9.98
3809,2026-03,Dubai,Asia,10.09
3810,2025-10,Dubai,Asia,9.62
3811,2025-11,Dubai,Asia,9.75
3812,2025-12,Dubai,Asia,9.75
3813,2026-01,Dubai,Asia,9.75
3814,2026-02,Dubai,Asia,9.98
3815,2026-03,Dubai,Asia,10.09
3816,2025-10,Dubai,Asia,9.62
3817,2025-11,Dubai,Asia,9.75
3818,2025-12,Dubai,Asia,9.75
3819,2026-01,Dubai,Asia,9.75
3820,2026-02,Dubai,Asia,9.98
3821,2026-03,Dubai,Asia,10.09
3822,2025-10,Dubai,Asia,9.62
3823,2025-11,Dubai,Asia,9.75
3824,2025-12,Dubai,Asia,9.75
3825,2026-01,Dubai,Asia,9.75
3826,2026-02,Dubai,Asia,9.98
3827,2026-03,Dubai,Asia,10.09
3828,2025-10,Dubai,Asia,9.62
3829,2025-11,Dubai,Asia,9.75
3830,2025-12,Dubai,Asia,9.75
3831,2026-01,Dubai,Asia,9.75
3832,2026-02,Dubai,Asia,9.98
3833,2026-03,Dubai,Asia,10.09
3834,2025-10,Dubai,Asia,9.62
3835,2025-11,Dubai,Asia,9.75
3836,2025-12,Dubai,Asia,9.75
3837,2026-01,Dubai,Asia,9.75
3838,2026-02,Dubai,Asia,9.98
3839,2026-03,Dubai,Asia,10.09
3840,2025-10,Dubai,Asia,9.62
3841,2025-11,Dubai,Asia,9.75
3842,2025-12,Dubai,Asia,9.75
3843,2026-01,Dubai,Asia,9.75
3844,2026-02,Dubai,Asia,9.98
3845,2026-03,Dubai,Asia,10.09
3846,2025-10,Dubai,Asia,9.62
3847,2025-11,Dubai,Asia,9.75
3848,2025-12,Dubai,Asia,9.75
3849,2026-01,Dubai,Asia,9.75
3850,2026-02,Dubai,Asia,9.98
3851,2026-03,Dubai,Asia,10.09
3852,2025-10,Dubai,Asia,9.62
3853,2025-11,Dubai,Asia,9.75
3854,2025-12,Dubai,Asia,9.75
3855,2026-01,Dubai,Asia,9.75
3856,2026-02,Dubai,Asia,9.98
3857,2026-03,Dubai,Asia,10.09
3858,2025-10,Dubai,Asia,9.62
3859,2025-11,Dubai,Asia,9.75
3860,2025-12,Dubai,Asia,9.75
3861,2026-01,Dubai,Asia,9.75
3862,2026-02,Dubai,Asia,9.98
3863,2026-03,Dubai,Asia,10.09
3864,2025-10,Abu Dhabi,Asia,9.18
3865,2025-11,Abu Dhabi,Asia,9.34
3866,2025-12,Abu Dhabi,Asia,9.51
3867,2026-01,Abu Dhabi,Asia,9.3
3868,2026-02,Abu Dhabi,Asia,9.53
3869,2026-03,Abu Dhabi,Asia,9.61
3870,2025-10,Abu Dhabi,Asia,9.18
3871,2025-11,Abu Dhabi,Asia,9.34
3872,2025-12,Abu Dhabi,Asia,9.51
3873,2026-01,Abu Dhabi,Asia,9.3
3874,2026-02,Abu Dhabi,Asia,9.53
3875,2026-03,Abu Dhabi,Asia,9.61
3876,2025-10,Abu Dhabi,Asia,9.18
3877,2025-11,Abu Dhabi,Asia,9.34
3878,2025-12,Abu Dhabi,Asia,9.51
3879,2026-01,Abu Dhabi,Asia,9.3
3880,2026-02,Abu Dhabi,Asia,9.53
3881,2026-03,Abu Dhabi,Asia,9.61
3882,2025-10,Abu Dhabi,Asia,9.18
3883,2025-11,Abu Dhabi,Asia,9.34
3884,2025-12,Abu Dhabi,Asia,9.51
3885,2026-01,Abu Dhabi,Asia,9.3
3886,2026-02,Abu Dhabi,Asia,9.53
3887,2026-03,Abu Dhabi,Asia,9.61
3888,2025-10,Abu Dhabi,Asia,9.18
3889,2025-11,Abu Dhabi,Asia,9.34
3890,2025-12,Abu Dhabi,Asia,9.51
3891,2026-01,Abu Dhabi,Asia,9.3
3892,2026-02,Abu Dhabi,Asia,9.53
3893,2026-03,Abu Dhabi,Asia,9.61
3894,2025-10,Abu Dhabi,Asia,9.18
3895,2025-11,Abu Dhabi,Asia,9.34
3896,2025-12,Abu Dhabi,Asia,9.51
3897,2026-01,Abu Dhabi,Asia,9.3
3898,2026-02,Abu Dhabi,Asia,9.53
3899,2026-03,Abu Dhabi,Asia,9.61
3900,2025-10,Abu Dhabi,Asia,9.18
3901,2025-11,Abu Dhabi,Asia,9.34
3902,2025-12,Abu Dhabi,Asia,9.51
3903,2026-01,Abu Dhabi,Asia,9.3
3904,2026-02,Abu Dhabi,Asia,9.53
3905,2026-03,Abu Dhabi,Asia,9.61
3906,2025-10,Abu Dhabi,Asia,9.18
3907,2025-11,Abu Dhabi,Asia,9.34
3908,2025-12,Abu Dhabi,Asia,9.51
3909,2026-01,Abu Dhabi,Asia,9.3
3910,2026-02,Abu Dhabi,Asia,9.53
3911,2026-03,Abu Dhabi,Asia,9.61
3912,2025-10,Abu Dhabi,Asia,9.18
3913,2025-11,Abu Dhabi,Asia,9.34
3914,2025-12,Abu Dhabi,Asia,9.51
3915,2026-01,Abu Dhabi,Asia,9.3
3916,2026-02,Abu Dhabi,Asia,9.53
3917,2026-03,Abu Dhabi,Asia,9.61
3918,2025-10,Abu Dhabi,Asia,9.18
3919,2025-11,Abu Dhabi,Asia,9.34
3920,2025-12,Abu Dhabi,Asia,9.51
3921,2026-01,Abu Dhabi,Asia,9.3
3922,2026-02,Abu Dhabi,Asia,9.53
3923,2026-03,Abu Dhabi,Asia,9.61
3924,2025-10,Abu Dhabi,Asia,9.18
3925,2025-11,Abu Dhabi,Asia,9.34
3926,2025-12,Abu Dhabi,Asia,9.51
3927,2026-01,Abu Dhabi,Asia,9.3
3928,2026-02,Abu Dhabi,Asia,9.53
3929,2026-03,Abu Dhabi,Asia,9.61
3930,2025-10,Abu Dhabi,Asia,9.18
3931,2025-11,Abu Dhabi,Asia,9.34
3932,2025-12,Abu Dhabi,Asia,9.51
3933,2026-01,Abu Dhabi,Asia,9.3
3934,2026-02,Abu Dhabi,Asia,9.53
3935,2026-03,Abu Dhabi,Asia,9.61
3936,2025-10,Abu Dhabi,Asia,9.18
3937,2025-11,Abu Dhabi,Asia,9.34
3938,2025-12,Abu Dhabi,Asia,9.51
3939,2026-01,Abu Dhabi,Asia,9.3
3940,2026-02,Abu Dhabi,Asia,9.53
3941,2026-03,Abu Dhabi,Asia,9.61
3942,2025-10,Abu Dhabi,Asia,9.18
3943,2025-11,Abu Dhabi,Asia,9.34
3944,2025-12,Abu Dhabi,Asia,9.51
3945,2026-01,Abu Dhabi,Asia,9.3
3946,2026-02,Abu Dhabi,Asia,9.53
3947,2026-03,Abu Dhabi,Asia,9.61
3948,2025-10,Cairo,Africa,4.78
3949,2025-11,Cairo,Africa,4.87
3950,2025-12,Cairo,Africa,4.84
3951,2026-01,Cairo,Africa,4.91
3952,2026-02,Cairo,Africa,5.02
3953,2026-03,Cairo,Africa,5.03
3954,2025-10,Cairo,Africa,4.78
3955,2025-11,Cairo,Africa,4.87
3956,2025-12,Cairo,Africa,4.84
3957,2026-01,Cairo,Africa,4.91
3958,2026-02,Cairo,Africa,5.02
3959,2026-03,Cairo,Africa,5.03
3960,2025-10,Cairo,Africa,4.78
3961,2025-11,Cairo,Africa,4.87
3962,2025-12,Cairo,Africa,4.84
3963,2026-01,Cairo,Africa,4.91
3964,2026-02,Cairo,Africa,5.02
3965,2026-03,Cairo,Africa,5.03
3966,2025-10,Cairo,Africa,4.78
3967,2025-11,Cairo,Africa,4.87
3968,2025-12,Cairo,Africa,4.84
3969,2026-01,Cairo,Africa,4.91
3970,2026-02,Cairo,Africa,5.02
3971,2026-03,Cairo,Africa,5.03
3972,2025-10,Cairo,Africa,4.78
3973,2025-11,Cairo,Africa,4.87
3974,2025-12,Cairo,Africa,4.84
3975,2026-01,Cairo,Africa,4.91
3976,2026-02,Cairo,Africa,5.02
3977,2026-03,Cairo,Africa,5.03
3978,2025-10,Cairo,Africa,4.78
3979,2025-11,Cairo,Africa,4.87
3980,2025-12,Cairo,Africa,4.84
3981,2026-01,Cairo,Africa,4.91
3982,2026-02,Cairo,Africa,5.02
3983,2026-03,Cairo,Africa,5.03
3984,2025-10,Cairo,Africa,4.78
3985,2025-11,Cairo,Africa,4.87
3986,2025-12,Cairo,Africa,4.84
3987,2026-01,Cairo,Africa,4.91
3988,2026-02,Cairo,Africa,5.02
3989,2026-03,Cairo,Africa,5.03
3990,2025-10,Cairo,Africa,4.78
3991,2025-11,Cairo,Africa,4.87
3992,2025-12,Cairo,Africa,4.84
3993,2026-01,Cairo,Africa,4.91
3994,2026-02,Cairo,Africa,5.02
3995,2026-03,Cairo,Africa,5.03
3996,2025-10,Cairo,Africa,4.78
3997,2025-11,Cairo,Africa,4.87
3998,2025-12,Cairo,Africa,4.84
3999,2026-01,Cairo,Africa,4.91
4000,2026-02,Cairo,Africa,5.02
4001,2026-03,Cairo,Africa,5.03
4002,2025-10,Cairo,Africa,4.78
4003,2025-11,Cairo,Africa,4.87
4004,2025-12,Cairo,Africa,4.84
4005,2026-01,Cairo,Africa,4.91
4006,2026-02,Cairo,Africa,5.02
4007,2026-03,Cairo,Africa,5.03
4008,2025-10,Cairo,Africa,4.78
4009,2025-11,Cairo,Africa,4.87
4010,2025-12,Cairo,Africa,4.84
4011,2026-01,Cairo,Africa,4.91
4012,2026-02,Cairo,Africa,5.02
4013,2026-03,Cairo,Africa,5.03
4014,2025-10,Cairo,Africa,4.78
4015,2025-11,Cairo,Africa,4.87
4016,2025-12,Cairo,Africa,4.84
4017,2026-01,Cairo,Africa,4.91
4018,2026-02,Cairo,Africa,5.02
4019,2026-03,Cairo,Africa,5.03
4020,2025-10,Cairo,Africa,4.78
4021,2025-11,Cairo,Africa,4.87
4022,2025-12,Cairo,Africa,4.84
4023,2026-01,Cairo,Africa,4.91
4024,2026-02,Cairo,Africa,5.02
4025,2026-03,Cairo,Africa,5.03
4026,2025-10,Cairo,Africa,4.78
4027,2025-11,Cairo,Africa,4.87
4028,2025-12,Cairo,Africa,4.84
4029,2026-01,Cairo,Africa,4.91
4030,2026-02,Cairo,Africa,5.02
4031,2026-03,Cairo,Africa,5.03
4032,2025-10,Istanbul,Europe,6.28
4033,2025-11,Istanbul,Europe,6.22
4034,2025-12,Istanbul,Europe,6.51
4035,2026-01,Istanbul,Europe,6.44
4036,2026-02,Istanbul,Europe,6.46
4037,2026-03,Istanbul,Europe,6.55
4038,2025-10,Istanbul,Europe,6.28
4039,2025-11,Istanbul,Europe,6.22
4040,2025-12,Istanbul,Europe,6.51
4041,2026-01,Istanbul,Europe,6.44
4042,2026-02,Istanbul,Europe,6.46
4043,2026-03,Istanbul,Europe,6.55
4044,2025-10,Istanbul,Europe,6.28
4045,2025-11,Istanbul,Europe,6.22
4046,2025-12,Istanbul,Europe,6.51
4047,2026-01,Istanbul,Europe,6.44
4048,2026-02,Istanbul,Europe,6.46
4049,2026-03,Istanbul,Europe,6.55
4050,2025-10,Istanbul,Europe,6.28
4051,2025-11,Istanbul,Europe,6.22
4052,2025-12,Istanbul,Europe,6.51
4053,2026-01,Istanbul,Europe,6.44
4054,2026-02,Istanbul,Europe,6.46
4055,2026-03,Istanbul,Europe,6.55
4056,2025-10,Istanbul,Europe,6.28
4057,2025-11,Istanbul,Europe,6.22
4058,2025-12,Istanbul,Europe,6.51
4059,2026-01,Istanbul,Europe,6.44
4060,2026-02,Istanbul,Europe,6.46
4061,2026-03,Istanbul,Europe,6.55
4062,2025-10,Istanbul,Europe,6.28
4063,2025-11,Istanbul,Europe,6.22
4064,2025-12,Istanbul,Europe,6.51
4065,2026-01,Istanbul,Europe,6.44
4066,2026-02,Istanbul,Europe,6.46
4067,2026-03,Istanbul,Europe,6.55
4068,2025-10,Istanbul,Europe,6.28
4069,2025-11,Istanbul,Europe,6.22
4070,2025-12,Istanbul,Europe,6.51
4071,2026-01,Istanbul,Europe,6.44
4072,2026-02,Istanbul,Europe,6.46
4073,2026-03,Istanbul,Europe,6.55
4074,2025-10,Istanbul,Europe,6.28
4075,2025-11,Istanbul,Europe,6.22
4076,2025-12,Istanbul,Europe,6.51
4077,2026-01,Istanbul,Europe,6.44
4078,2026-02,Istanbul,Europe,6.46
4079,2026-03,Istanbul,Europe,6.55
4080,2025-10,Istanbul,Europe,6.28
4081,2025-11,Istanbul,Europe,6.22
4082,2025-12,Istanbul,Europe,6.51
4083,2026-01,Istanbul,Europe,6.44
4084,2026-02,Istanbul,Europe,6.46
4085,2026-03,Istanbul,Europe,6.55
4086,2025-10,Istanbul,Europe,6.28
4087,2025-11,Istanbul,Europe,6.22
4088,2025-12,Istanbul,Europe,6.51
4089,2026-01,Istanbul,Europe,6.44
4090,2026-02,Istanbul,Europe,6.46
4091,2026-03,Istanbul,Europe,6.55
4092,2025-10,Istanbul,Europe,6.28
4093,2025-11,Istanbul,Europe,6.22
4094,2025-12,Istanbul,Europe,6.51
4095,2026-01,Istanbul,Europe,6.44
4096,2026-02,Istanbul,Europe,6.46
4097,2026-03,Istanbul,Europe,6.55
4098,2025-10,Istanbul,Europe,6.28
4099,2025-11,Istanbul,Europe,6.22
4100,2025-12,Istanbul,Europe,6.51
4101,2026-01,Istanbul,Europe,6.44
4102,2026-02,Istanbul,Europe,6.46
4103,2026-03,Istanbul,Europe,6.55
4104,2025-10,Istanbul,Europe,6.28
4105,2025-11,Istanbul,Europe,6.22
4106,2025-12,Istanbul,Europe,6.51
4107,2026-01,Istanbul,Europe,6.44
4108,2026-02,Istanbul,Europe,6.46
4109,2026-03,Istanbul,Europe,6.55
4110,2025-10,Istanbul,Europe,6.28
4111,2025-11,Istanbul,Europe,6.22
4112,2025-12,Istanbul,Europe,6.51
4113,2026-01,Istanbul,Europe,6.44
4114,2026-02,Istanbul,Europe,6.46
4115,2026-03,Istanbul,Europe,6.55
4116,2025-10,Ankara,Europe,5.8
4117,2025-11,Ankara,Europe,5.93
4118,2025-12,Ankara,Europe,6.06
4119,2026-01,Ankara,Europe,6.05
4120,2026-02,Ankara,Europe,6.17
4121,2026-03,Ankara,Europe,6.15
4122,2025-10,Ankara,Europe,5.8
4123,2025-11,Ankara,Europe,5.93
4124,2025-12,Ankara,Europe,6.06
4125,2026-01,Ankara,Europe,6.05
4126,2026-02,Ankara,Europe,6.17
4127,2026-03,Ankara,Europe,6.15
4128,2025-10,Ankara,Europe,5.8
4129,2025-11,Ankara,Europe,5.93
4130,2025-12,Ankara,Europe,6.06
4131,2026-01,Ankara,Europe,6.05
4132,2026-02,Ankara,Europe,6.17
4133,2026-03,Ankara,Europe,6.15
4134,2025-10,Ankara,Europe,5.8
4135,2025-11,Ankara,Europe,5.93
4136,2025-12,Ankara,Europe,6.06
4137,2026-01,Ankara,Europe,6.05
4138,2026-02,Ankara,Europe,6.17
4139,2026-03,Ankara,Europe,6.15
4140,2025-10,Ankara,Europe,5.8
4141,2025-11,Ankara,Europe,5.93
4142,2025-12,Ankara,Europe,6.06
4143,2026-01,Ankara,Europe,6.05
4144,2026-02,Ankara,Europe,6.17
4145,2026-03,Ankara,Europe,6.15
4146,2025-10,Ankara,Europe,5.8
4147,2025-11,Ankara,Europe,5.93
4148,2025-12,Ankara,Europe,6.06
4149,2026-01,Ankara,Europe,6.05
4150,2026-02,Ankara,Europe,6.17
4151,2026-03,Ankara,Europe,6.15
4152,2025-10,Ankara,Europe,5.8
4153,2025-11,Ankara,Europe,5.93
4154,2025-12,Ankara,Europe,6.06
4155,2026-01,Ankara,Europe,6.05
4156,2026-02,Ankara,Europe,6.17
4157,2026-03,Ankara,Europe,6.15
4158,2025-10,Ankara,Europe,5.8
4159,2025-11,Ankara,Europe,5.93
4160,2025-12,Ankara,Europe,6.06
4161,2026-01,Ankara,Europe,6.05
4162,2026-02,Ankara,Europe,6.17
4163,2026-03,Ankara,Europe,6.15
4164,2025-10,Ankara,Europe,5.8
4165,2025-11,Ankara,Europe,5.93
4166,2025-12,Ankara,Europe,6.06
4167,2026-01,Ankara,Europe,6.05
4168,2026-02,Ankara,Europe,6.17
4169,2026-03,Ankara,Europe,6.15
4170,2025-10,Ankara,Europe,5.8
4171,2025-11,Ankara,Europe,5.93
4172,2025-12,Ankara,Europe,6.06
4173,2026-01,Ankara,Europe,6.05
4174,2026-02,Ankara,Europe,6.17
4175,2026-03,Ankara,Europe,6.15
4176,2025-10,Ankara,Europe,5.8
4177,2025-11,Ankara,Europe,5.93
4178,2025-12,Ankara,Europe,6.06
4179,2026-01,Ankara,Europe,6.05
4180,2026-02,Ankara,Europe,6.17
4181,2026-03,Ankara,Europe,6.15
4182,2025-10,Ankara,Europe,5.8
4183,2025-11,Ankara,Europe,5.93
4184,2025-12,Ankara,Europe,6.06
4185,2026-01,Ankara,Europe,6.05
4186,2026-02,Ankara,Europe,6.17
4187,2026-03,Ankara,Europe,6.15
4188,2025-10,Ankara,Europe,5.8
4189,2025-11,Ankara,Europe,5.93
4190,2025-12,Ankara,Europe,6.06
4191,2026-01,Ankara,Europe,6.05
4192,2026-02,Ankara,Europe,6.17
4193,2026-03,Ankara,Europe,6.15
4194,2025-10,Ankara,Europe,5.8
4195,2025-11,Ankara,Europe,5.93
4196,2025-12,Ankara,Europe,6.06
4197,2026-01,Ankara,Europe,6.05
4198,2026-02,Ankara,Europe,6.17
4199,2026-03,Ankara,Europe,6.15
4200,2025-10,Riyadh,Asia,8.28
4201,2025-11,Riyadh,Asia,8.4
4202,2025-12,Riyadh,Asia,8.62
4203,2026-01,Riyadh,Asia,8.5
4204,2026-02,Riyadh,Asia,8.72
4205,2026-03,Riyadh,Asia,8.77
4206,2025-10,Riyadh,Asia,8.28
4207,2025-11,Riyadh,Asia,8.4
4208,2025-12,Riyadh,Asia,8.62
4209,2026-01,Riyadh,Asia,8.5
4210,2026-02,Riyadh,Asia,8.72
4211,2026-03,Riyadh,Asia,8.77
4212,2025-10,Riyadh,Asia,8.28
4213,2025-11,Riyadh,Asia,8.4
4214,2025-12,Riyadh,Asia,8.62
4215,2026-01,Riyadh,Asia,8.5
4216,2026-02,Riyadh,Asia,8.72
4217,2026-03,Riyadh,Asia,8.77
4218,2025-10,Riyadh,Asia,8.28
4219,2025-11,Riyadh,Asia,8.4
4220,2025-12,Riyadh,Asia,8.62
4221,2026-01,Riyadh,Asia,8.5
4222,2026-02,Riyadh,Asia,8.72
4223,2026-03,Riyadh,Asia,8.77
4224,2025-10,Riyadh,Asia,8.28
4225,2025-11,Riyadh,Asia,8.4
4226,2025-12,Riyadh,Asia,8.62
4227,2026-01,Riyadh,Asia,8.5
4228,2026-02,Riyadh,Asia,8.72
4229,2026-03,Riyadh,Asia,8.77
4230,2025-10,Riyadh,Asia,8.28
4231,2025-11,Riyadh,Asia,8.4
4232,2025-12,Riyadh,Asia,8.62
4233,2026-01,Riyadh,Asia,8.5
4234,2026-02,Riyadh,Asia,8.72
4235,2026-03,Riyadh,Asia,8.77
4236,2025-10,Riyadh,Asia,8.28
4237,2025-11,Riyadh,Asia,8.4
4238,2025-12,Riyadh,Asia,8.62
4239,2026-01,Riyadh,Asia,8.5
4240,2026-02,Riyadh,Asia,8.72
4241,2026-03,Riyadh,Asia,8.77
4242,2025-10,Riyadh,Asia,8.28
4243,2025-11,Riyadh,Asia,8.4
4244,2025-12,Riyadh,Asia,8.62
4245,2026-01,Riyadh,Asia,8.5
4246,2026-02,Riyadh,Asia,8.72
4247,2026-03,Riyadh,Asia,8.77
4248,2025-10,Riyadh,Asia,8.28
4249,2025-11,Riyadh,Asia,8.4
4250,2025-12,Riyadh,Asia,8.62
4251,2026-01,Riyadh,Asia,8.5
4252,2026-02,Riyadh,Asia,8.72
4253,2026-03,Riyadh,Asia,8.77
4254,2025-10,Riyadh,Asia,8.28
4255,2025-11,Riyadh,Asia,8.4
4256,2025-12,Riyadh,Asia,8.62
4257,2026-01,Riyadh,Asia,8.5
4258,2026-02,Riyadh,Asia,8.72
4259,2026-03,Riyadh,Asia,8.77
4260,2025-10,Riyadh,Asia,8.28
4261,2025-11,Riyadh,Asia,8.4
4262,2025-12,Riyadh,Asia,8.62
4263,2026-01,Riyadh,Asia,8.5
4264,2026-02,Riyadh,Asia,8.72
4265,2026-03,Riyadh,Asia,8.77
4266,2025-10,Riyadh,Asia,8.28
4267,2025-11,Riyadh,Asia,8.4
4268,2025-12,Riyadh,Asia,8.62
4269,2026-01,Riyadh,Asia,8.5
4270,2026-02,Riyadh,Asia,8.72
4271,2026-03,Riyadh,Asia,8.77
4272,2025-10,Riyadh,Asia,8.28
4273,2025-11,Riyadh,Asia,8.4
4274,2025-12,Riyadh,Asia,8.62
4275,2026-01,Riyadh,Asia,8.5
4276,2026-02,Riyadh,Asia,8.72
4277,2026-03,Riyadh,Asia,8.77
4278,2025-10,Riyadh,Asia,8.28
4279,2025-11,Riyadh,Asia,8.4
4280,2025-12,Riyadh,Asia,8.62
4281,2026-01,Riyadh,Asia,8.5
4282,2026-02,Riyadh,Asia,8.72
4283,2026-03,Riyadh,Asia,8.77
4284,2025-10,Jeddah,Asia,8.23
4285,2025-11,Jeddah,Asia,8.35
4286,2025-12,Jeddah,Asia,8.45
4287,2026-01,Jeddah,Asia,8.47
4288,2026-02,Jeddah,Asia,8.41
4289,2026-03,Jeddah,Asia,8.61
4290,2025-10,Jeddah,Asia,8.23
4291,2025-11,Jeddah,Asia,8.35
4292,2025-12,Jeddah,Asia,8.45
4293,2026-01,Jeddah,Asia,8.47
4294,2026-02,Jeddah,Asia,8.41
4295,2026-03,Jeddah,Asia,8.61
4296,2025-10,Jeddah,Asia,8.23
4297,2025-11,Jeddah,Asia,8.35
4298,2025-12,Jeddah,Asia,8.45
4299,2026-01,Jeddah,Asia,8.47
4300,2026-02,Jeddah,Asia,8.41
4301,2026-03,Jeddah,Asia,8.61
4302,2025-10,Jeddah,Asia,8.23
4303,2025-11,Jeddah,Asia,8.35
4304,2025-12,Jeddah,Asia,8.45
4305,2026-01,Jeddah,Asia,8.47
4306,2026-02,Jeddah,Asia,8.41
4307,2026-03,Jeddah,Asia,8.61
4308,2025-10,Jeddah,Asia,8.23
4309,2025-11,Jeddah,Asia,8.35
4310,2025-12,Jeddah,Asia,8.45
4311,2026-01,Jeddah,Asia,8.47
4312,2026-02,Jeddah,Asia,8.41
4313,2026-03,Jeddah,Asia,8.61
4314,2025-10,Jeddah,Asia,8.23
4315,2025-11,Jeddah,Asia,8.35
4316,2025-12,Jeddah,Asia,8.45
4317,2026-01,Jeddah,Asia,8.47
4318,2026-02,Jeddah,Asia,8.41
4319,2026-03,Jeddah,Asia,8.61
4320,2025-10,Jeddah,Asia,8.23
4321,2025-11,Jeddah,Asia,8.35
4322,2025-12,Jeddah,Asia,8.45
4323,2026-01,Jeddah,Asia,8.47
4324,2026-02,Jeddah,Asia,8.41
4325,2026-03,Jeddah,Asia,8.61
4326,2025-10,Jeddah,Asia,8.23
4327,2025-11,Jeddah,Asia,8.35
4328,2025-12,Jeddah,Asia,8.45
4329,2026-01,Jeddah,Asia,8.47
4330,2026-02,Jeddah,Asia,8.41
4331,2026-03,Jeddah,Asia,8.61
4332,2025-10,Jeddah,Asia,8.23
4333,2025-11,Jeddah,Asia,8.35
4334,2025-12,Jeddah,Asia,8.45
4335,2026-01,Jeddah,Asia,8.47
4336,2026-02,Jeddah,Asia,8.41
4337,2026-03,Jeddah,Asia,8.61
4338,2025-10,Jeddah,Asia,8.23
4339,2025-11,Jeddah,Asia,8.35
4340,2025-12,Jeddah,Asia,8.45
4341,2026-01,Jeddah,Asia,8.47
4342,2026-02,Jeddah,Asia,8.41
4343,2026-03,Jeddah,Asia,8.61
4344,2025-10,Jeddah,Asia,8.23
4345,2025-11,Jeddah,Asia,8.35
4346,2025-12,Jeddah,Asia,8.45
4347,2026-01,Jeddah,Asia,8.47
4348,2026-02,Jeddah,Asia,8.41
4349,2026-03,Jeddah,Asia,8.61
4350,2025-10,Jeddah,Asia,8.23
4351,2025-11,Jeddah,Asia,8.35
4352,2025-12,Jeddah,Asia,8.45
4353,2026-01,Jeddah,Asia,8.47
4354,2026-02,Jeddah,Asia,8.41
4355,2026-03,Jeddah,Asia,8.61
4356,2025-10,Jeddah,Asia,8.23
4357,2025-11,Jeddah,Asia,8.35
4358,2025-12,Jeddah,Asia,8.45
4359,2026-01,Jeddah,Asia,8.47
4360,2026-02,Jeddah,Asia,8.41
4361,2026-03,Jeddah,Asia,8.61
4362,2025-10,Jeddah,Asia,8.23
4363,2025-11,Jeddah,Asia,8.35
4364,2025-12,Jeddah,Asia,8.45
4365,2026-01,Jeddah,Asia,8.47
4366,2026-02,Jeddah,Asia,8.41
4367,2026-03,Jeddah,Asia,8.61
4368,2025-10,Tel Aviv,Asia,14.77
4369,2025-11,Tel Aviv,Asia,14.91
4370,2025-12,Tel Aviv,Asia,15.44
4371,2026-01,Tel Aviv,Asia,14.93
4372,2026-02,Tel Aviv,Asia,15.37
4373,2026-03,Tel Aviv,Asia,15.57
4374,2025-10,Tel Aviv,Asia,14.77
4375,2025-11,Tel Aviv,Asia,14.91
4376,2025-12,Tel Aviv,Asia,15.44
4377,2026-01,Tel Aviv,Asia,14.93
4378,2026-02,Tel Aviv,Asia,15.37
4379,2026-03,Tel Aviv,Asia,15.57
4380,2025-10,Tel Aviv,Asia,14.77
4381,2025-11,Tel Aviv,Asia,14.91
4382,2025-12,Tel Aviv,Asia,15.44
4383,2026-01,Tel Aviv,Asia,14.93
4384,2026-02,Tel Aviv,Asia,15.37
4385,2026-03,Tel Aviv,Asia,15.57
4386,2025-10,Tel Aviv,Asia,14.77
4387,2025-11,Tel Aviv,Asia,14.91
4388,2025-12,Tel Aviv,Asia,15.44
4389,2026-01,Tel Aviv,Asia,14.93
4390,2026-02,Tel Aviv,Asia,15.37
4391,2026-03,Tel Aviv,Asia,15.57
4392,2025-10,Tel Aviv,Asia,14.77
4393,2025-11,Tel Aviv,Asia,14.91
4394,2025-12,Tel Aviv,Asia,15.44
4395,2026-01,Tel Aviv,Asia,14.93
4396,2026-02,Tel Aviv,Asia,15.37
4397,2026-03,Tel Aviv,Asia,15.57
4398,2025-10,Tel Aviv,Asia,14.77
4399,2025-11,Tel Aviv,Asia,14.91
4400,2025-12,Tel Aviv,Asia,15.44
4401,2026-01,Tel Aviv,Asia,14.93
4402,2026-02,Tel Aviv,Asia,15.37
4403,2026-03,Tel Aviv,Asia,15.57
4404,2025-10,Tel Aviv,Asia,14.77
4405,2025-11,Tel Aviv,Asia,14.91
4406,2025-12,Tel Aviv,Asia,15.44
4407,2026-01,Tel Aviv,Asia,14.93
4408,2026-02,Tel Aviv,Asia,15.37
4409,2026-03,Tel Aviv,Asia,15.57
4410,2025-10,Tel Aviv,Asia,14.77
4411,2025-11,Tel Aviv,Asia,14.91
4412,2025-12,Tel Aviv,Asia,15.44
4413,2026-01,Tel Aviv,Asia,14.93
4414,2026-02,Tel Aviv,Asia,15.37
4415,2026-03,Tel Aviv,Asia,15.57
4416,2025-10,Tel Aviv,Asia,14.77
4417,2025-11,Tel Aviv,Asia,14.91
4418,2025-12,Tel Aviv,Asia,15.44
4419,2026-01,Tel Aviv,Asia,14.93
4420,2026-02,Tel Aviv,Asia,15.37
4421,2026-03,Tel Aviv,Asia,15.57
4422,2025-10,Tel Aviv,Asia,14.77
4423,2025-11,Tel Aviv,Asia,14.91
4424,2025-12,Tel Aviv,Asia,15.44
4425,2026-01,Tel Aviv,Asia,14.93
4426,2026-02,Tel Aviv,Asia,15.37
4427,2026-03,Tel Aviv,Asia,15.57
4428,2025-10,Tel Aviv,Asia,14.77
4429,2025-11,Tel Aviv,Asia,14.91
4430,2025-12,Tel Aviv,Asia,15.44
4431,2026-01,Tel Aviv,Asia,14.93
4432,2026-02,Tel Aviv,Asia,15.37
4433,2026-03,Tel Aviv,Asia,15.57
4434,2025-10,Tel Aviv,Asia,14.77
4435,2025-11,Tel Aviv,Asia,14.91
4436,2025-12,Tel Aviv,Asia,15.44
4437,2026-01,Tel Aviv,Asia,14.93
4438,2026-02,Tel Aviv,Asia,15.37
4439,2026-03,Tel Aviv,Asia,15.57
4440,2025-10,Tel Aviv,Asia,14.77
4441,2025-11,Tel Aviv,Asia,14.91
4442,2025-12,Tel Aviv,Asia,15.44
4443,2026-01,Tel Aviv,Asia,14.93
4444,2026-02,Tel Aviv,Asia,15.37
4445,2026-03,Tel Aviv,Asia,15.57
4446,2025-10,Tel Aviv,Asia,14.77
4447,2025-11,Tel Aviv,Asia,14.91
4448,2025-12,Tel Aviv,Asia,15.44
4449,2026-01,Tel Aviv,Asia,14.93
4450,2026-02,Tel Aviv,Asia,15.37
4451,2026-03,Tel Aviv,Asia,15.57
4452,2025-10,Amman,Asia,6.76
4453,2025-11,Amman,Asia,6.81
4454,2025-12,Amman,Asia,6.91
4455,2026-01,Amman,Asia,6.94
4456,2026-02,Amman,Asia,7.2
4457,2026-03,Amman,Asia,7.14
4458,2025-10,Amman,Asia,6.76
4459,2025-11,Amman,Asia,6.81
4460,2025-12,Amman,Asia,6.91
4461,2026-01,Amman,Asia,6.94
4462,2026-02,Amman,Asia,7.2
4463,2026-03,Amman,Asia,7.14
4464,2025-10,Amman,Asia,6.76
4465,2025-11,Amman,Asia,6.81
4466,2025-12,Amman,Asia,6.91
4467,2026-01,Amman,Asia,6.94
4468,2026-02,Amman,Asia,7.2
4469,2026-03,Amman,Asia,7.14
4470,2025-10,Amman,Asia,6.76
4471,2025-11,Amman,Asia,6.81
4472,2025-12,Amman,Asia,6.91
4473,2026-01,Amman,Asia,6.94
4474,2026-02,Amman,Asia,7.2
4475,2026-03,Amman,Asia,7.14
4476,2025-10,Amman,Asia,6.76
4477,2025-11,Amman,Asia,6.81
4478,2025-12,Amman,Asia,6.91
4479,2026-01,Amman,Asia,6.94
4480,2026-02,Amman,Asia,7.2
4481,2026-03,Amman,Asia,7.14
4482,2025-10,Amman,Asia,6.76
4483,2025-11,Amman,Asia,6.81
4484,2025-12,Amman,Asia,6.91
4485,2026-01,Amman,Asia,6.94
4486,2026-02,Amman,Asia,7.2
4487,2026-03,Amman,Asia,7.14
4488,2025-10,Amman,Asia,6.76
4489,2025-11,Amman,Asia,6.81
4490,2025-12,Amman,Asia,6.91
4491,2026-01,Amman,Asia,6.94
4492,2026-02,Amman,Asia,7.2
4493,2026-03,Amman,Asia,7.14
4494,2025-10,Amman,Asia,6.76
4495,2025-11,Amman,Asia,6.81
4496,2025-12,Amman,Asia,6.91
4497,2026-01,Amman,Asia,6.94
4498,2026-02,Amman,Asia,7.2
4499,2026-03,Amman,Asia,7.14
4500,2025-10,Amman,Asia,6.76
4501,2025-11,Amman,Asia,6.81
4502,2025-12,Amman,Asia,6.91
4503,2026-01,Amman,Asia,6.94
4504,2026-02,Amman,Asia,7.2
4505,2026-03,Amman,Asia,7.14
4506,2025-10,Amman,Asia,6.76
4507,2025-11,Amman,Asia,6.81
4508,2025-12,Amman,Asia,6.91
4509,2026-01,Amman,Asia,6.94
4510,2026-02,Amman,Asia,7.2
4511,2026-03,Amman,Asia,7.14
4512,2025-10,Amman,Asia,6.76
4513,2025-11,Amman,Asia,6.81
4514,2025-12,Amman,Asia,6.91
4515,2026-01,Amman,Asia,6.94
4516,2026-02,Amman,Asia,7.2
4517,2026-03,Amman,Asia,7.14
4518,2025-10,Amman,Asia,6.76
4519,2025-11,Amman,Asia,6.81
4520,2025-12,Amman,Asia,6.91
4521,2026-01,Amman,Asia,6.94
4522,2026-02,Amman,Asia,7.2
4523,2026-03,Amman,Asia,7.14
4524,2025-10,Amman,Asia,6.76
4525,2025-11,Amman,Asia,6.81
4526,2025-12,Amman,Asia,6.91
4527,2026-01,Amman,Asia,6.94
4528,2026-02,Amman,Asia,7.2
4529,2026-03,Amman,Asia,7.14
4530,2025-10,Amman,Asia,6.76
4531,2025-11,Amman,Asia,6.81
4532,2025-12,Amman,Asia,6.91
4533,2026-01,Amman,Asia,6.94
4534,2026-02,Amman,Asia,7.2
4535,2026-03,Amman,Asia,7.14
4536,2025-10,Doha,Asia,10.21
4537,2025-11,Doha,Asia,10.38
4538,2025-12,Doha,Asia,10.71
4539,2026-01,Doha,Asia,10.51
4540,2026-02,Doha,Asia,10.79
4541,2026-03,Doha,Asia,10.82
4542,2025-10,Doha,Asia,10.21
4543,2025-11,Doha,Asia,10.38
4544,2025-12,Doha,Asia,10.71
4545,2026-01,Doha,Asia,10.51
4546,2026-02,Doha,Asia,10.79
4547,2026-03,Doha,Asia,10.82
4548,2025-10,Doha,Asia,10.21
4549,2025-11,Doha,Asia,10.38
4550,2025-12,Doha,Asia,10.71
4551,2026-01,Doha,Asia,10.51
4552,2026-02,Doha,Asia,10.79
4553,2026-03,Doha,Asia,10.82
4554,2025-10,Doha,Asia,10.21
4555,2025-11,Doha,Asia,10.38
4556,2025-12,Doha,Asia,10.71
4557,2026-01,Doha,Asia,10.51
4558,2026-02,Doha,Asia,10.79
4559,2026-03,Doha,Asia,10.82
4560,2025-10,Doha,Asia,10.21
4561,2025-11,Doha,Asia,10.38
4562,2025-12,Doha,Asia,10.71
4563,2026-01,Doha,Asia,10.51
4564,2026-02,Doha,Asia,10.79
4565,2026-03,Doha,Asia,10.82
4566,2025-10,Doha,Asia,10.21
4567,2025-11,Doha,Asia,10.38
4568,2025-12,Doha,Asia,10.71
4569,2026-01,Doha,Asia,10.51
4570,2026-02,Doha,Asia,10.79
4571,2026-03,Doha,Asia,10.82
4572,2025-10,Doha,Asia,10.21
4573,2025-11,Doha,Asia,10.38
4574,2025-12,Doha,Asia,10.71
4575,2026-01,Doha,Asia,10.51
4576,2026-02,Doha,Asia,10.79
4577,2026-03,Doha,Asia,10.82
4578,2025-10,Doha,Asia,10.21
4579,2025-11,Doha,Asia,10.38
4580,2025-12,Doha,Asia,10.71
4581,2026-01,Doha,Asia,10.51
4582,2026-02,Doha,Asia,10.79
4583,2026-03,Doha,Asia,10.82
4584,2025-10,Doha,Asia,10.21
4585,2025-11,Doha,Asia,10.38
4586,2025-12,Doha,Asia,10.71
4587,2026-01,Doha,Asia,10.51
4588,2026-02,Doha,Asia,10.79
4589,2026-03,Doha,Asia,10.82
4590,2025-10,Doha,Asia,10.21
4591,2025-11,Doha,Asia,10.38
4592,2025-12,Doha,Asia,10.71
4593,2026-01,Doha,Asia,10.51
4594,2026-02,Doha,Asia,10.79
4595,2026-03,Doha,Asia,10.82
4596,2025-10,Doha,Asia,10.21
4597,2025-11,Doha,Asia,10.38
4598,2025-12,Doha,Asia,10.71
4599,2026-01,Doha,Asia,10.51
4600,2026-02,Doha,Asia,10.79
4601,2026-03,Doha,Asia,10.82
4602,2025-10,Doha,Asia,10.21
4603,2025-11,Doha,Asia,10.38
4604,2025-12,Doha,Asia,10.71
4605,2026-01,Doha,Asia,10.51
4606,2026-02,Doha,Asia,10.79
4607,2026-03,Doha,Asia,10.82
4608,2025-10,Doha,Asia,10.21
4609,2025-11,Doha,Asia,10.38
4610,2025-12,Doha,Asia,10.71
4611,2026-01,Doha,Asia,10.51
4612,2026-02,Doha,Asia,10.79
4613,2026-03,Doha,Asia,10.82
4614,2025-10,Doha,Asia,10.21
4615,2025-11,Doha,Asia,10.38
4616,2025-12,Doha,Asia,10.71
4617,2026-01,Doha,Asia,10.51
4618,2026-02,Doha,Asia,10.79
4619,2026-03,Doha,Asia,10.82
4620,2025-10,Kuwait City,Asia,7.38
4621,2025-11,Kuwait City,Asia,7.49
4622,2025-12,Kuwait City,Asia,7.77
4623,2026-01,Kuwait City,Asia,7.47
4624,2026-02,Kuwait City,Asia,7.81
4625,2026-03,Kuwait City,Asia,7.81
4626,2025-10,Kuwait City,Asia,7.38
4627,2025-11,Kuwait City,Asia,7.49
4628,2025-12,Kuwait City,Asia,7.77
4629,2026-01,Kuwait City,Asia,7.47
4630,2026-02,Kuwait City,Asia,7.81
4631,2026-03,Kuwait City,Asia,7.81
4632,2025-10,Kuwait City,Asia,7.38
4633,2025-11,Kuwait City,Asia,7.49
4634,2025-12,Kuwait City,Asia,7.77
4635,2026-01,Kuwait City,Asia,7.47
4636,2026-02,Kuwait City,Asia,7.81
4637,2026-03,Kuwait City,Asia,7.81
4638,2025-10,Kuwait City,Asia,7.38
4639,2025-11,Kuwait City,Asia,7.49
4640,2025-12,Kuwait City,Asia,7.77
4641,2026-01,Kuwait City,Asia,7.47
4642,2026-02,Kuwait City,Asia,7.81
4643,2026-03,Kuwait City,Asia,7.81
4644,2025-10,Kuwait City,Asia,7.38
4645,2025-11,Kuwait City,Asia,7.49
4646,2025-12,Kuwait City,Asia,7.77
4647,2026-01,Kuwait City,Asia,7.47
4648,2026-02,Kuwait City,Asia,7.81
4649,2026-03,Kuwait City,Asia,7.81
4650,2025-10,Kuwait City,Asia,7.38
4651,2025-11,Kuwait City,Asia,7.49
4652,2025-12,Kuwait City,Asia,7.77
4653,2026-01,Kuwait City,Asia,7.47
4654,2026-02,Kuwait City,Asia,7.81
4655,2026-03,Kuwait City,Asia,7.81
4656,2025-10,Kuwait City,Asia,7.38
4657,2025-11,Kuwait City,Asia,7.49
4658,2025-12,Kuwait City,Asia,7.77
4659,2026-01,Kuwait City,Asia,7.47
4660,2026-02,Kuwait City,Asia,7.81
4661,2026-03,Kuwait City,Asia,7.81
4662,2025-10,Kuwait City,Asia,7.38
4663,2025-11,Kuwait City,Asia,7.49
4664,2025-12,Kuwait City,Asia,7.77
4665,2026-01,Kuwait City,Asia,7.47
4666,2026-02,Kuwait City,Asia,7.81
4667,2026-03,Kuwait City,Asia,7.81
4668,2025-10,Kuwait City,Asia,7.38
4669,2025-11,Kuwait City,Asia,7.49
4670,2025-12,Kuwait City,Asia,7.77
4671,2026-01,Kuwait City,Asia,7.47
4672,2026-02,Kuwait City,Asia,7.81
4673,2026-03,Kuwait City,Asia,7.81
4674,2025-10,Kuwait City,Asia,7.38
4675,2025-11,Kuwait City,Asia,7.49
4676,2025-12,Kuwait City,Asia,7.77
4677,2026-01,Kuwait City,Asia,7.47
4678,2026-02,Kuwait City,Asia,7.81
4679,2026-03,Kuwait City,Asia,7.81
4680,2025-10,Kuwait City,Asia,7.38
4681,2025-11,Kuwait City,Asia,7.49
4682,2025-12,Kuwait City,Asia,7.77
4683,2026-01,Kuwait City,Asia,7.47
4684,2026-02,Kuwait City,Asia,7.81
4685,2026-03,Kuwait City,Asia,7.81
4686,2025-10,Kuwait City,Asia,7.38
4687,2025-11,Kuwait City,Asia,7.49
4688,2025-12,Kuwait City,Asia,7.77
4689,2026-01,Kuwait City,Asia,7.47
4690,2026-02,Kuwait City,Asia,7.81
4691,2026-03,Kuwait City,Asia,7.81
4692,2025-10,Kuwait City,Asia,7.38
4693,2025-11,Kuwait City,Asia,7.49
4694,2025-12,Kuwait City,Asia,7.77
4695,2026-01,Kuwait City,Asia,7.47
4696,2026-02,Kuwait City,Asia,7.81
4697,2026-03,Kuwait City,Asia,7.81
4698,2025-10,Kuwait City,Asia,7.38
4699,2025-11,Kuwait City,Asia,7.49
4700,2025-12,Kuwait City,Asia,7.77
4701,2026-01,Kuwait City,Asia,7.47
4702,2026-02,Kuwait City,Asia,7.81
4703,2026-03,Kuwait City,Asia,7.81
4704,2025-10,Manama,Asia,8.18
4705,2025-11,Manama,Asia,8.34
4706,2025-12,Manama,Asia,8.47
4707,2026-01,Manama,Asia,8.41
4708,2026-02,Manama,Asia,8.62
4709,2026-03,Manama,Asia,8.6
4710,2025-10,Manama,Asia,8.18
4711,2025-11,Manama,Asia,8.34
4712,2025-12,Manama,Asia,8.47
4713,2026-01,Manama,Asia,8.41
4714,2026-02,Manama,Asia,8.62
4715,2026-03,Manama,Asia,8.6
4716,2025-10,Manama,Asia,8.18
4717,2025-11,Manama,Asia,8.34
4718,2025-12,Manama,Asia,8.47
4719,2026-01,Manama,Asia,8.41
4720,2026-02,Manama,Asia,8.62
4721,2026-03,Manama,Asia,8.6
4722,2025-10,Manama,Asia,8.18
4723,2025-11,Manama,Asia,8.34
4724,2025-12,Manama,Asia,8.47
4725,2026-01,Manama,Asia,8.41
4726,2026-02,Manama,Asia,8.62
4727,2026-03,Manama,Asia,8.6
4728,2025-10,Manama,Asia,8.18
4729,2025-11,Manama,Asia,8.34
4730,2025-12,Manama,Asia,8.47
4731,2026-01,Manama,Asia,8.41
4732,2026-02,Manama,Asia,8.62
4733,2026-03,Manama,Asia,8.6
4734,2025-10,Manama,Asia,8.18
4735,2025-11,Manama,Asia,8.34
4736,2025-12,Manama,Asia,8.47
4737,2026-01,Manama,Asia,8.41
4738,2026-02,Manama,Asia,8.62
4739,2026-03,Manama,Asia,8.6
4740,2025-10,Manama,Asia,8.18
4741,2025-11,Manama,Asia,8.34
4742,2025-12,Manama,Asia,8.47
4743,2026-01,Manama,Asia,8.41
4744,2026-02,Manama,Asia,8.62
4745,2026-03,Manama,Asia,8.6
4746,2025-10,Manama,Asia,8.18
4747,2025-11,Manama,Asia,8.34
4748,2025-12,Manama,Asia,8.47
4749,2026-01,Manama,Asia,8.41
4750,2026-02,Manama,Asia,8.62
4751,2026-03,Manama,Asia,8.6
4752,2025-10,Manama,Asia,8.18
4753,2025-11,Manama,Asia,8.34
4754,2025-12,Manama,Asia,8.47
4755,2026-01,Manama,Asia,8.41
4756,2026-02,Manama,Asia,8.62
4757,2026-03,Manama,Asia,8.6
4758,2025-10,Manama,Asia,8.18
4759,2025-11,Manama,Asia,8.34
4760,2025-12,Manama,Asia,8.47
4761,2026-01,Manama,Asia,8.41
4762,2026-02,Manama,Asia,8.62
4763,2026-03,Manama,Asia,8.6
4764,2025-10,Manama,Asia,8.18
4765,2025-11,Manama,Asia,8.34
4766,2025-12,Manama,Asia,8.47
4767,2026-01,Manama,Asia,8.41
4768,2026-02,Manama,Asia,8.62
4769,2026-03,Manama,Asia,8.6
4770,2025-10,Manama,Asia,8.18
4771,2025-11,Manama,Asia,8.34
4772,2025-12,Manama,Asia,8.47
4773,2026-01,Manama,Asia,8.41
4774,2026-02,Manama,Asia,8.62
4775,2026-03,Manama,Asia,8.6
4776,2025-10,Manama,Asia,8.18
4777,2025-11,Manama,Asia,8.34
4778,2025-12,Manama,Asia,8.47
4779,2026-01,Manama,Asia,8.41
4780,2026-02,Manama,Asia,8.62
4781,2026-03,Manama,Asia,8.6
4782,2025-10,Manama,Asia,8.18
4783,2025-11,Manama,Asia,8.34
4784,2025-12,Manama,Asia,8.47
4785,2026-01,Manama,Asia,8.41
4786,2026-02,Manama,Asia,8.62
4787,2026-03,Manama,Asia,8.6
4788,2025-10,Muscat,Asia,9.38
4789,2025-11,Muscat,Asia,9.67
4790,2025-12,Muscat,Asia,9.9
4791,2026-01,Muscat,Asia,9.98
4792,2026-02,Muscat,Asia,10.21
4793,2026-03,Muscat,Asia,10.09
4794,2025-10,Muscat,Asia,9.38
4795,2025-11,Muscat,Asia,9.67
4796,2025-12,Muscat,Asia,9.9
4797,2026-01,Muscat,Asia,9.98
4798,2026-02,Muscat,Asia,10.21
4799,2026-03,Muscat,Asia,10.09
4800,2025-10,Muscat,Asia,9.38
4801,2025-11,Muscat,Asia,9.67
4802,2025-12,Muscat,Asia,9.9
4803,2026-01,Muscat,Asia,9.98
4804,2026-02,Muscat,Asia,10.21
4805,2026-03,Muscat,Asia,10.09
4806,2025-10,Muscat,Asia,9.38
4807,2025-11,Muscat,Asia,9.67
4808,2025-12,Muscat,Asia,9.9
4809,2026-01,Muscat,Asia,9.98
4810,2026-02,Muscat,Asia,10.21
4811,2026-03,Muscat,Asia,10.09
4812,2025-10,Muscat,Asia,9.38
4813,2025-11,Muscat,Asia,9.67
4814,2025-12,Muscat,Asia,9.9
4815,2026-01,Muscat,Asia,9.98
4816,2026-02,Muscat,Asia,10.21
4817,2026-03,Muscat,Asia,10.09
4818,2025-10,Muscat,Asia,9.38
4819,2025-11,Muscat,Asia,9.67
4820,2025-12,Muscat,Asia,9.9
4821,2026-01,Muscat,Asia,9.98
4822,2026-02,Muscat,Asia,10.21
4823,2026-03,Muscat,Asia,10.09
4824,2025-10,Muscat,Asia,9.38
4825,2025-11,Muscat,Asia,9.67
4826,2025-12,Muscat,Asia,9.9
4827,2026-01,Muscat,Asia,9.98
4828,2026-02,Muscat,Asia,10.21
4829,2026-03,Muscat,Asia,10.09
4830,2025-10,Muscat,Asia,9.38
4831,2025-11,Muscat,Asia,9.67
4832,2025-12,Muscat,Asia,9.9
4833,2026-01,Muscat,Asia,9.98
4834,2026-02,Muscat,Asia,10.21
4835,2026-03,Muscat,Asia,10.09
4836,2025-10,Muscat,Asia,9.38
4837,2025-11,Muscat,Asia,9.67
4838,2025-12,Muscat,Asia,9.9
4839,2026-01,Muscat,Asia,9.98
4840,2026-02,Muscat,Asia,10.21
4841,2026-03,Muscat,Asia,10.09
4842,2025-10,Muscat,Asia,9.38
4843,2025-11,Muscat,Asia,9.67
4844,2025-12,Muscat,Asia,9.9
4845,2026-01,Muscat,Asia,9.98
4846,2026-02,Muscat,Asia,10.21
4847,2026-03,Muscat,Asia,10.09
4848,2025-10,Muscat,Asia,9.38
4849,2025-11,Muscat,Asia,9.67
4850,2025-12,Muscat,Asia,9.9
4851,2026-01,Muscat,Asia,9.98
4852,2026-02,Muscat,Asia,10.21
4853,2026-03,Muscat,Asia,10.09
4854,2025-10,Muscat,Asia,9.38
4855,2025-11,Muscat,Asia,9.67
4856,2025-12,Muscat,Asia,9.9
4857,2026-01,Muscat,Asia,9.98
4858,2026-02,Muscat,Asia,10.21
4859,2026-03,Muscat,Asia,10.09
4860,2025-10,Muscat,Asia,9.38
4861,2025-11,Muscat,Asia,9.67
4862,2025-12,Muscat,Asia,9.9
4863,2026-01,Muscat,Asia,9.98
4864,2026-02,Muscat,Asia,10.21
4865,2026-03,Muscat,Asia,10.09
4866,2025-10,Muscat,Asia,9.38
4867,2025-11,Muscat,Asia,9.67
4868,2025-12,Muscat,Asia,9.9
4869,2026-01,Muscat,Asia,9.98
4870,2026-02,Muscat,Asia,10.21
4871,2026-03,Muscat,Asia,10.09
4872,2025-10,Beirut,Asia,9.04
4873,2025-11,Beirut,Asia,9.04
4874,2025-12,Beirut,Asia,9.32
4875,2026-01,Beirut,Asia,9.3
4876,2026-02,Beirut,Asia,9.52
4877,2026-03,Beirut,Asia,9.54
4878,2025-10,Beirut,Asia,9.04
4879,2025-11,Beirut,Asia,9.04
4880,2025-12,Beirut,Asia,9.32
4881,2026-01,Beirut,Asia,9.3
4882,2026-02,Beirut,Asia,9.52
4883,2026-03,Beirut,Asia,9.54
4884,2025-10,Beirut,Asia,9.04
4885,2025-11,Beirut,Asia,9.04
4886,2025-12,Beirut,Asia,9.32
4887,2026-01,Beirut,Asia,9.3
4888,2026-02,Beirut,Asia,9.52
4889,2026-03,Beirut,Asia,9.54
4890,2025-10,Beirut,Asia,9.04
4891,2025-11,Beirut,Asia,9.04
4892,2025-12,Beirut,Asia,9.32
4893,2026-01,Beirut,Asia,9.3
4894,2026-02,Beirut,Asia,9.52
4895,2026-03,Beirut,Asia,9.54
4896,2025-10,Beirut,Asia,9.04
4897,2025-11,Beirut,Asia,9.04
4898,2025-12,Beirut,Asia,9.32
4899,2026-01,Beirut,Asia,9.3
4900,2026-02,Beirut,Asia,9.52
4901,2026-03,Beirut,Asia,9.54
4902,2025-10,Beirut,Asia,9.04
4903,2025-11,Beirut,Asia,9.04
4904,2025-12,Beirut,Asia,9.32
4905,2026-01,Beirut,Asia,9.3
4906,2026-02,Beirut,Asia,9.52
4907,2026-03,Beirut,Asia,9.54
4908,2025-10,Beirut,Asia,9.04
4909,2025-11,Beirut,Asia,9.04
4910,2025-12,Beirut,Asia,9.32
4911,2026-01,Beirut,Asia,9.3
4912,2026-02,Beirut,Asia,9.52
4913,2026-03,Beirut,Asia,9.54
4914,2025-10,Beirut,Asia,9.04
4915,2025-11,Beirut,Asia,9.04
4916,2025-12,Beirut,Asia,9.32
4917,2026-01,Beirut,Asia,9.3
4918,2026-02,Beirut,Asia,9.52
4919,2026-03,Beirut,Asia,9.54
4920,2025-10,Beirut,Asia,9.04
4921,2025-11,Beirut,Asia,9.04
4922,2025-12,Beirut,Asia,9.32
4923,2026-01,Beirut,Asia,9.3
4924,2026-02,Beirut,Asia,9.52
4925,2026-03,Beirut,Asia,9.54
4926,2025-10,Beirut,Asia,9.04
4927,2025-11,Beirut,Asia,9.04
4928,2025-12,Beirut,Asia,9.32
4929,2026-01,Beirut,Asia,9.3
4930,2026-02,Beirut,Asia,9.52
4931,2026-03,Beirut,Asia,9.54
4932,2025-10,Beirut,Asia,9.04
4933,2025-11,Beirut,Asia,9.04
4934,2025-12,Beirut,Asia,9.32
4935,2026-01,Beirut,Asia,9.3
4936,2026-02,Beirut,Asia,9.52
4937,2026-03,Beirut,Asia,9.54
4938,2025-10,Beirut,Asia,9.04
4939,2025-11,Beirut,Asia,9.04
4940,2025-12,Beirut,Asia,9.32
4941,2026-01,Beirut,Asia,9.3
4942,2026-02,Beirut,Asia,9.52
4943,2026-03,Beirut,Asia,9.54
4944,2025-10,Beirut,Asia,9.04
4945,2025-11,Beirut,Asia,9.04
4946,2025-12,Beirut,Asia,9.32
4947,2026-01,Beirut,Asia,9.3
4948,2026-02,Beirut,Asia,9.52
4949,2026-03,Beirut,Asia,9.54
4950,2025-10,Beirut,Asia,9.04
4951,2025-11,Beirut,Asia,9.04
4952,2025-12,Beirut,Asia,9.32
4953,2026-01,Beirut,Asia,9.3
4954,2026-02,Beirut,Asia,9.52
4955,2026-03,Beirut,Asia,9.54
4956,2025-10,Tehran,Asia,3.54
4957,2025-11,Tehran,Asia,3.64
4958,2025-12,Tehran,Asia,3.61
4959,2026-01,Tehran,Asia,3.65
4960,2026-02,Tehran,Asia,3.78
4961,2026-03,Tehran,Asia,3.77
4962,2025-10,Tehran,Asia,3.54
4963,2025-11,Tehran,Asia,3.64
4964,2025-12,Tehran,Asia,3.61
4965,2026-01,Tehran,Asia,3.65
4966,2026-02,Tehran,Asia,3.78
4967,2026-03,Tehran,Asia,3.77
4968,2025-10,Tehran,Asia,3.54
4969,2025-11,Tehran,Asia,3.64
4970,2025-12,Tehran,Asia,3.61
4971,2026-01,Tehran,Asia,3.65
4972,2026-02,Tehran,Asia,3.78
4973,2026-03,Tehran,Asia,3.77
4974,2025-10,Tehran,Asia,3.54
4975,2025-11,Tehran,Asia,3.64
4976,2025-12,Tehran,Asia,3.61
4977,2026-01,Tehran,Asia,3.65
4978,2026-02,Tehran,Asia,3.78
4979,2026-03,Tehran,Asia,3.77
4980,2025-10,Tehran,Asia,3.54
4981,2025-11,Tehran,Asia,3.64
4982,2025-12,Tehran,Asia,3.61
4983,2026-01,Tehran,Asia,3.65
4984,2026-02,Tehran,Asia,3.78
4985,2026-03,Tehran,Asia,3.77
4986,2025-10,Tehran,Asia,3.54
4987,2025-11,Tehran,Asia,3.64
4988,2025-12,Tehran,Asia,3.61
4989,2026-01,Tehran,Asia,3.65
4990,2026-02,Tehran,Asia,3.78
4991,2026-03,Tehran,Asia,3.77
4992,2025-10,Tehran,Asia,3.54
4993,2025-11,Tehran,Asia,3.64
4994,2025-12,Tehran,Asia,3.61
4995,2026-01,Tehran,Asia,3.65
4996,2026-02,Tehran,Asia,3.78
4997,2026-03,Tehran,Asia,3.77
4998,2025-10,Tehran,Asia,3.54
4999,2025-11,Tehran,Asia,3.64
5000,2025-12,Tehran,Asia,3.61
5001,2026-01,Tehran,Asia,3.65
5002,2026-02,Tehran,Asia,3.78
5003,2026-03,Tehran,Asia,3.77
5004,2025-10,Tehran,Asia,3.54
5005,2025-11,Tehran,Asia,3.64
5006,2025-12,Tehran,Asia,3.61
5007,2026-01,Tehran,Asia,3.65
5008,2026-02,Tehran,Asia,3.78
5009,2026-03,Tehran,Asia,3.77
5010,2025-10,Tehran,Asia,3.54
5011,2025-11,Tehran,Asia,3.64
5012,2025-12,Tehran,Asia,3.61
5013,2026-01,Tehran,Asia,3.65
5014,2026-02,Tehran,Asia,3.78
5015,2026-03,Tehran,Asia,3.77
5016,2025-10,Tehran,Asia,3.54
5017,2025-11,Tehran,Asia,3.64
5018,2025-12,Tehran,Asia,3.61
5019,2026-01,Tehran,Asia,3.65
5020,2026-02,Tehran,Asia,3.78
5021,2026-03,Tehran,Asia,3.77
5022,2025-10,Tehran,Asia,3.54
5023,2025-11,Tehran,Asia,3.64
5024,2025-12,Tehran,Asia,3.61
5025,2026-01,Tehran,Asia,3.65
5026,2026-02,Tehran,Asia,3.78
5027,2026-03,Tehran,Asia,3.77
5028,2025-10,Tehran,Asia,3.54
5029,2025-11,Tehran,Asia,3.64
5030,2025-12,Tehran,Asia,3.61
5031,2026-01,Tehran,Asia,3.65
5032,2026-02,Tehran,Asia,3.78
5033,2026-03,Tehran,Asia,3.77
5034,2025-10,Tehran,Asia,3.54
5035,2025-11,Tehran,Asia,3.64
5036,2025-12,Tehran,Asia,3.61
5037,2026-01,Tehran,Asia,3.65
5038,2026-02,Tehran,Asia,3.78
5039,2026-03,Tehran,Asia,3.77
5040,2025-10,Baghdad,Asia,6.06
5041,2025-11,Baghdad,Asia,6.27
5042,2025-12,Baghdad,Asia,6.25
5043,2026-01,Baghdad,Asia,6.33
5044,2026-02,Baghdad,Asia,6.28
5045,2026-03,Baghdad,Asia,6.41
5046,2025-10,Baghdad,Asia,6.06
5047,2025-11,Baghdad,Asia,6.27
5048,2025-12,Baghdad,Asia,6.25
5049,2026-01,Baghdad,Asia,6.33
5050,2026-02,Baghdad,Asia,6.28
5051,2026-03,Baghdad,Asia,6.41
5052,2025-10,Baghdad,Asia,6.06
5053,2025-11,Baghdad,Asia,6.27
5054,2025-12,Baghdad,Asia,6.25
5055,2026-01,Baghdad,Asia,6.33
5056,2026-02,Baghdad,Asia,6.28
5057,2026-03,Baghdad,Asia,6.41
5058,2025-10,Baghdad,Asia,6.06
5059,2025-11,Baghdad,Asia,6.27
5060,2025-12,Baghdad,Asia,6.25
5061,2026-01,Baghdad,Asia,6.33
5062,2026-02,Baghdad,Asia,6.28
5063,2026-03,Baghdad,Asia,6.41
5064,2025-10,Baghdad,Asia,6.06
5065,2025-11,Baghdad,Asia,6.27
5066,2025-12,Baghdad,Asia,6.25
5067,2026-01,Baghdad,Asia,6.33
5068,2026-02,Baghdad,Asia,6.28
5069,2026-03,Baghdad,Asia,6.41
5070,2025-10,Baghdad,Asia,6.06
5071,2025-11,Baghdad,Asia,6.27
5072,2025-12,Baghdad,Asia,6.25
5073,2026-01,Baghdad,Asia,6.33
5074,2026-02,Baghdad,Asia,6.28
5075,2026-03,Baghdad,Asia,6.41
5076,2025-10,Baghdad,Asia,6.06
5077,2025-11,Baghdad,Asia,6.27
5078,2025-12,Baghdad,Asia,6.25
5079,2026-01,Baghdad,Asia,6.33
5080,2026-02,Baghdad,Asia,6.28
5081,2026-03,Baghdad,Asia,6.41
5082,2025-10,Baghdad,Asia,6.06
5083,2025-11,Baghdad,Asia,6.27
5084,2025-12,Baghdad,Asia,6.25
5085,2026-01,Baghdad,Asia,6.33
5086,2026-02,Baghdad,Asia,6.28
5087,2026-03,Baghdad,Asia,6.41
5088,2025-10,Baghdad,Asia,6.06
5089,2025-11,Baghdad,Asia,6.27
5090,2025-12,Baghdad,Asia,6.25
5091,2026-01,Baghdad,Asia,6.33
5092,2026-02,Baghdad,Asia,6.28
5093,2026-03,Baghdad,Asia,6.41
5094,2025-10,Baghdad,Asia,6.06
5095,2025-11,Baghdad,Asia,6.27
5096,2025-12,Baghdad,Asia,6.25
5097,2026-01,Baghdad,Asia,6.33
5098,2026-02,Baghdad,Asia,6.28
5099,2026-03,Baghdad,Asia,6.41
5100,2025-10,Baghdad,Asia,6.06
5101,2025-11,Baghdad,Asia,6.27
5102,2025-12,Baghdad,Asia,6.25
5103,2026-01,Baghdad,Asia,6.33
5104,2026-02,Baghdad,Asia,6.28
5105,2026-03,Baghdad,Asia,6.41
5106,2025-10,Baghdad,Asia,6.06
5107,2025-11,Baghdad,Asia,6.27
5108,2025-12,Baghdad,Asia,6.25
5109,2026-01,Baghdad,Asia,6.33
5110,2026-02,Baghdad,Asia,6.28
5111,2026-03,Baghdad,Asia,6.41
5112,2025-10,Baghdad,Asia,6.06
5113,2025-11,Baghdad,Asia,6.27
5114,2025-12,Baghdad,Asia,6.25
5115,2026-01,Baghdad,Asia,6.33
5116,2026-02,Baghdad,Asia,6.28
5117,2026-03,Baghdad,Asia,6.41
5118,2025-10,Baghdad,Asia,6.06
5119,2025-11,Baghdad,Asia,6.27
5120,2025-12,Baghdad,Asia,6.25
5121,2026-01,Baghdad,Asia,6.33
5122,2026-02,Baghdad,Asia,6.28
5123,2026-03,Baghdad,Asia,6.41
5124,2025-10,Casablanca,Africa,4.74
5125,2025-11,Casablanca,Africa,4.8
5126,2025-12,Casablanca,Africa,4.95
5127,2026-01,Casablanca,Africa,4.9
5128,2026-02,Casablanca,Africa,5.12
5129,2026-03,Casablanca,Africa,5.02
5130,2025-10,Casablanca,Africa,4.74
5131,2025-11,Casablanca,Africa,4.8
5132,2025-12,Casablanca,Africa,4.95
5133,2026-01,Casablanca,Africa,4.9
5134,2026-02,Casablanca,Africa,5.12
5135,2026-03,Casablanca,Africa,5.02
5136,2025-10,Casablanca,Africa,4.74
5137,2025-11,Casablanca,Africa,4.8
5138,2025-12,Casablanca,Africa,4.95
5139,2026-01,Casablanca,Africa,4.9
5140,2026-02,Casablanca,Africa,5.12
5141,2026-03,Casablanca,Africa,5.02
5142,2025-10,Casablanca,Africa,4.74
5143,2025-11,Casablanca,Africa,4.8
5144,2025-12,Casablanca,Africa,4.95
5145,2026-01,Casablanca,Africa,4.9
5146,2026-02,Casablanca,Africa,5.12
5147,2026-03,Casablanca,Africa,5.02
5148,2025-10,Casablanca,Africa,4.74
5149,2025-11,Casablanca,Africa,4.8
5150,2025-12,Casablanca,Africa,4.95
5151,2026-01,Casablanca,Africa,4.9
5152,2026-02,Casablanca,Africa,5.12
5153,2026-03,Casablanca,Africa,5.02
5154,2025-10,Casablanca,Africa,4.74
5155,2025-11,Casablanca,Africa,4.8
5156,2025-12,Casablanca,Africa,4.95
5157,2026-01,Casablanca,Africa,4.9
5158,2026-02,Casablanca,Africa,5.12
5159,2026-03,Casablanca,Africa,5.02
5160,2025-10,Casablanca,Africa,4.74
5161,2025-11,Casablanca,Africa,4.8
5162,2025-12,Casablanca,Africa,4.95
5163,2026-01,Casablanca,Africa,4.9
5164,2026-02,Casablanca,Africa,5.12
5165,2026-03,Casablanca,Africa,5.02
5166,2025-10,Casablanca,Africa,4.74
5167,2025-11,Casablanca,Africa,4.8
5168,2025-12,Casablanca,Africa,4.95
5169,2026-01,Casablanca,Africa,4.9
5170,2026-02,Casablanca,Africa,5.12
5171,2026-03,Casablanca,Africa,5.02
5172,2025-10,Casablanca,Africa,4.74
5173,2025-11,Casablanca,Africa,4.8
5174,2025-12,Casablanca,Africa,4.95
5175,2026-01,Casablanca,Africa,4.9
5176,2026-02,Casablanca,Africa,5.12
5177,2026-03,Casablanca,Africa,5.02
5178,2025-10,Casablanca,Africa,4.74
5179,2025-11,Casablanca,Africa,4.8
5180,2025-12,Casablanca,Africa,4.95
5181,2026-01,Casablanca,Africa,4.9
5182,2026-02,Casablanca,Africa,5.12
5183,2026-03,Casablanca,Africa,5.02
5184,2025-10,Casablanca,Africa,4.74
5185,2025-11,Casablanca,Africa,4.8
5186,2025-12,Casablanca,Africa,4.95
5187,2026-01,Casablanca,Africa,4.9
5188,2026-02,Casablanca,Africa,5.12
5189,2026-03,Casablanca,Africa,5.02
5190,2025-10,Casablanca,Africa,4.74
5191,2025-11,Casablanca,Africa,4.8
5192,2025-12,Casablanca,Africa,4.95
5193,2026-01,Casablanca,Africa,4.9
5194,2026-02,Casablanca,Africa,5.12
5195,2026-03,Casablanca,Africa,5.02
5196,2025-10,Casablanca,Africa,4.74
5197,2025-11,Casablanca,Africa,4.8
5198,2025-12,Casablanca,Africa,4.95
5199,2026-01,Casablanca,Africa,4.9
5200,2026-02,Casablanca,Africa,5.12
5201,2026-03,Casablanca,Africa,5.02
5202,2025-10,Casablanca,Africa,4.74
5203,2025-11,Casablanca,Africa,4.8
5204,2025-12,Casablanca,Africa,4.95
5205,2026-01,Casablanca,Africa,4.9
5206,2026-02,Casablanca,Africa,5.12
5207,2026-03,Casablanca,Africa,5.02
5208,2025-10,Algiers,Africa,4.23
5209,2025-11,Algiers,Africa,4.28
5210,2025-12,Algiers,Africa,4.35
5211,2026-01,Algiers,Africa,4.31
5212,2026-02,Algiers,Africa,4.44
5213,2026-03,Algiers,Africa,4.42
5214,2025-10,Algiers,Africa,4.23
5215,2025-11,Algiers,Africa,4.28
5216,2025-12,Algiers,Africa,4.35
5217,2026-01,Algiers,Africa,4.31
5218,2026-02,Algiers,Africa,4.44
5219,2026-03,Algiers,Africa,4.42
5220,2025-10,Algiers,Africa,4.23
5221,2025-11,Algiers,Africa,4.28
5222,2025-12,Algiers,Africa,4.35
5223,2026-01,Algiers,Africa,4.31
5224,2026-02,Algiers,Africa,4.44
5225,2026-03,Algiers,Africa,4.42
5226,2025-10,Algiers,Africa,4.23
5227,2025-11,Algiers,Africa,4.28
5228,2025-12,Algiers,Africa,4.35
5229,2026-01,Algiers,Africa,4.31
5230,2026-02,Algiers,Africa,4.44
5231,2026-03,Algiers,Africa,4.42
5232,2025-10,Algiers,Africa,4.23
5233,2025-11,Algiers,Africa,4.28
5234,2025-12,Algiers,Africa,4.35
5235,2026-01,Algiers,Africa,4.31
5236,2026-02,Algiers,Africa,4.44
5237,2026-03,Algiers,Africa,4.42
5238,2025-10,Algiers,Africa,4.23
5239,2025-11,Algiers,Africa,4.28
5240,2025-12,Algiers,Africa,4.35
5241,2026-01,Algiers,Africa,4.31
5242,2026-02,Algiers,Africa,4.44
5243,2026-03,Algiers,Africa,4.42
5244,2025-10,Algiers,Africa,4.23
5245,2025-11,Algiers,Africa,4.28
5246,2025-12,Algiers,Africa,4.35
5247,2026-01,Algiers,Africa,4.31
5248,2026-02,Algiers,Africa,4.44
5249,2026-03,Algiers,Africa,4.42
5250,2025-10,Algiers,Africa,4.23
5251,2025-11,Algiers,Africa,4.28
5252,2025-12,Algiers,Africa,4.35
5253,2026-01,Algiers,Africa,4.31
5254,2026-02,Algiers,Africa,4.44
5255,2026-03,Algiers,Africa,4.42
5256,2025-10,Algiers,Africa,4.23
5257,2025-11,Algiers,Africa,4.28
5258,2025-12,Algiers,Africa,4.35
5259,2026-01,Algiers,Africa,4.31
5260,2026-02,Algiers,Africa,4.44
5261,2026-03,Algiers,Africa,4.42
5262,2025-10,Algiers,Africa,4.23
5263,2025-11,Algiers,Africa,4.28
5264,2025-12,Algiers,Africa,4.35
5265,2026-01,Algiers,Africa,4.31
5266,2026-02,Algiers,Africa,4.44
5267,2026-03,Algiers,Africa,4.42
5268,2025-10,Algiers,Africa,4.23
5269,2025-11,Algiers,Africa,4.28
5270,2025-12,Algiers,Africa,4.35
5271,2026-01,Algiers,Africa,4.31
5272,2026-02,Algiers,Africa,4.44
5273,2026-03,Algiers,Africa,4.42
5274,2025-10,Algiers,Africa,4.23
5275,2025-11,Algiers,Africa,4.28
5276,2025-12,Algiers,Africa,4.35
5277,2026-01,Algiers,Africa,4.31
5278,2026-02,Algiers,Africa,4.44
5279,2026-03,Algiers,Africa,4.42
5280,2025-10,Algiers,Africa,4.23
5281,2025-11,Algiers,Africa,4.28
5282,2025-12,Algiers,Africa,4.35
5283,2026-01,Algiers,Africa,4.31
5284,2026-02,Algiers,Africa,4.44
5285,2026-03,Algiers,Africa,4.42
5286,2025-10,Algiers,Africa,4.23
5287,2025-11,Algiers,Africa,4.28
5288,2025-12,Algiers,Africa,4.35
5289,2026-01,Algiers,Africa,4.31
5290,2026-02,Algiers,Africa,4.44
5291,2026-03,Algiers,Africa,4.42
5292,2025-10,Tunis,Africa,3.04
5293,2025-11,Tunis,Africa,3.09
5294,2025-12,Tunis,Africa,3.25
5295,2026-01,Tunis,Africa,3.11
5296,2026-02,Tunis,Africa,3.21
5297,2026-03,Tunis,Africa,3.26
5298,2025-10,Tunis,Africa,3.04
5299,2025-11,Tunis,Africa,3.09
5300,2025-12,Tunis,Africa,3.25
5301,2026-01,Tunis,Africa,3.11
5302,2026-02,Tunis,Africa,3.21
5303,2026-03,Tunis,Africa,3.26
5304,2025-10,Tunis,Africa,3.04
5305,2025-11,Tunis,Africa,3.09
5306,2025-12,Tunis,Africa,3.25
5307,2026-01,Tunis,Africa,3.11
5308,2026-02,Tunis,Africa,3.21
5309,2026-03,Tunis,Africa,3.26
5310,2025-10,Tunis,Africa,3.04
5311,2025-11,Tunis,Africa,3.09
5312,2025-12,Tunis,Africa,3.25
5313,2026-01,Tunis,Africa,3.11
5314,2026-02,Tunis,Africa,3.21
5315,2026-03,Tunis,Africa,3.26
5316,2025-10,Tunis,Africa,3.04
5317,2025-11,Tunis,Africa,3.09
5318,2025-12,Tunis,Africa,3.25
5319,2026-01,Tunis,Africa,3.11
5320,2026-02,Tunis,Africa,3.21
5321,2026-03,Tunis,Africa,3.26
5322,2025-10,Tunis,Africa,3.04
5323,2025-11,Tunis,Africa,3.09
5324,2025-12,Tunis,Africa,3.25
5325,2026-01,Tunis,Africa,3.11
5326,2026-02,Tunis,Africa,3.21
5327,2026-03,Tunis,Africa,3.26
5328,2025-10,Tunis,Africa,3.04
5329,2025-11,Tunis,Africa,3.09
5330,2025-12,Tunis,Africa,3.25
5331,2026-01,Tunis,Africa,3.11
5332,2026-02,Tunis,Africa,3.21
5333,2026-03,Tunis,Africa,3.26
5334,2025-10,Tunis,Africa,3.04
5335,2025-11,Tunis,Africa,3.09
5336,2025-12,Tunis,Africa,3.25
5337,2026-01,Tunis,Africa,3.11
5338,2026-02,Tunis,Africa,3.21
5339,2026-03,Tunis,Africa,3.26
5340,2025-10,Tunis,Africa,3.04
5341,2025-11,Tunis,Africa,3.09
5342,2025-12,Tunis,Africa,3.25
5343,2026-01,Tunis,Africa,3.11
5344,2026-02,Tunis,Africa,3.21
5345,2026-03,Tunis,Africa,3.26
5346,2025-10,Tunis,Africa,3.04
5347,2025-11,Tunis,Africa,3.09
5348,2025-12,Tunis,Africa,3.25
5349,2026-01,Tunis,Africa,3.11
5350,2026-02,Tunis,Africa,3.21
5351,2026-03,Tunis,Africa,3.26
5352,2025-10,Tunis,Africa,3.04
5353,2025-11,Tunis,Africa,3.09
5354,2025-12,Tunis,Africa,3.25
5355,2026-01,Tunis,Africa,3.11
5356,2026-02,Tunis,Africa,3.21
5357,2026-03,Tunis,Africa,3.26
5358,2025-10,Tunis,Africa,3.04
5359,2025-11,Tunis,Africa,3.09
5360,2025-12,Tunis,Africa,3.25
5361,2026-01,Tunis,Africa,3.11
5362,2026-02,Tunis,Africa,3.21
5363,2026-03,Tunis,Africa,3.26
5364,2025-10,Tunis,Africa,3.04
5365,2025-11,Tunis,Africa,3.09
5366,2025-12,Tunis,Africa,3.25
5367,2026-01,Tunis,Africa,3.11
5368,2026-02,Tunis,Africa,3.21
5369,2026-03,Tunis,Africa,3.26
5370,2025-10,Tunis,Africa,3.04
5371,2025-11,Tunis,Africa,3.09
5372,2025-12,Tunis,Africa,3.25
5373,2026-01,Tunis,Africa,3.11
5374,2026-02,Tunis,Africa,3.21
5375,2026-03,Tunis,Africa,3.26
5376,2025-10,Lagos,Africa,12.01
5377,2025-11,Lagos,Africa,11.87
5378,2025-12,Lagos,Africa,12.32
5379,2026-01,Lagos,Africa,12.42
5380,2026-02,Lagos,Africa,12.41
5381,2026-03,Lagos,Africa,12.56
5382,2025-10,Lagos,Africa,12.01
5383,2025-11,Lagos,Africa,11.87
5384,2025-12,Lagos,Africa,12.32
5385,2026-01,Lagos,Africa,12.42
5386,2026-02,Lagos,Africa,12.41
5387,2026-03,Lagos,Africa,12.56
5388,2025-10,Lagos,Africa,12.01
5389,2025-11,Lagos,Africa,11.87
5390,2025-12,Lagos,Africa,12.32
5391,2026-01,Lagos,Africa,12.42
5392,2026-02,Lagos,Africa,12.41
5393,2026-03,Lagos,Africa,12.56
5394,2025-10,Lagos,Africa,12.01
5395,2025-11,Lagos,Africa,11.87
5396,2025-12,Lagos,Africa,12.32
5397,2026-01,Lagos,Africa,12.42
5398,2026-02,Lagos,Africa,12.41
5399,2026-03,Lagos,Africa,12.56
5400,2025-10,Lagos,Africa,12.01
5401,2025-11,Lagos,Africa,11.87
5402,2025-12,Lagos,Africa,12.32
5403,2026-01,Lagos,Africa,12.42
5404,2026-02,Lagos,Africa,12.41
5405,2026-03,Lagos,Africa,12.56
5406,2025-10,Lagos,Africa,12.01
5407,2025-11,Lagos,Africa,11.87
5408,2025-12,Lagos,Africa,12.32
5409,2026-01,Lagos,Africa,12.42
5410,2026-02,Lagos,Africa,12.41
5411,2026-03,Lagos,Africa,12.56
5412,2025-10,Lagos,Africa,12.01
5413,2025-11,Lagos,Africa,11.87
5414,2025-12,Lagos,Africa,12.32
5415,2026-01,Lagos,Africa,12.42
5416,2026-02,Lagos,Africa,12.41
5417,2026-03,Lagos,Africa,12.56
5418,2025-10,Lagos,Africa,12.01
5419,2025-11,Lagos,Africa,11.87
5420,2025-12,Lagos,Africa,12.32
5421,2026-01,Lagos,Africa,12.42
5422,2026-02,Lagos,Africa,12.41
5423,2026-03,Lagos,Africa,12.56
5424,2025-10,Lagos,Africa,12.01
5425,2025-11,Lagos,Africa,11.87
5426,2025-12,Lagos,Africa,12.32
5427,2026-01,Lagos,Africa,12.42
5428,2026-02,Lagos,Africa,12.41
5429,2026-03,Lagos,Africa,12.56
5430,2025-10,Lagos,Africa,12.01
5431,2025-11,Lagos,Africa,11.87
5432,2025-12,Lagos,Africa,12.32
5433,2026-01,Lagos,Africa,12.42
5434,2026-02,Lagos,Africa,12.41
5435,2026-03,Lagos,Africa,12.56
5436,2025-10,Lagos,Africa,12.01
5437,2025-11,Lagos,Africa,11.87
5438,2025-12,Lagos,Africa,12.32
5439,2026-01,Lagos,Africa,12.42
5440,2026-02,Lagos,Africa,12.41
5441,2026-03,Lagos,Africa,12.56
5442,2025-10,Lagos,Africa,12.01
5443,2025-11,Lagos,Africa,11.87
5444,2025-12,Lagos,Africa,12.32
5445,2026-01,Lagos,Africa,12.42
5446,2026-02,Lagos,Africa,12.41
5447,2026-03,Lagos,Africa,12.56
5448,2025-10,Lagos,Africa,12.01
5449,2025-11,Lagos,Africa,11.87
5450,2025-12,Lagos,Africa,12.32
5451,2026-01,Lagos,Africa,12.42
5452,2026-02,Lagos,Africa,12.41
5453,2026-03,Lagos,Africa,12.56
5454,2025-10,Lagos,Africa,12.01
5455,2025-11,Lagos,Africa,11.87
5456,2025-12,Lagos,Africa,12.32
5457,2026-01,Lagos,Africa,12.42
5458,2026-02,Lagos,Africa,12.41
5459,2026-03,Lagos,Africa,12.56
5460,2025-10,Abuja,Africa,11.57
5461,2025-11,Abuja,Africa,11.89
5462,2025-12,Abuja,Africa,11.81
5463,2026-01,Abuja,Africa,12.05
5464,2026-02,Abuja,Africa,12.13
5465,2026-03,Abuja,Africa,12.21
5466,2025-10,Abuja,Africa,11.57
5467,2025-11,Abuja,Africa,11.89
5468,2025-12,Abuja,Africa,11.81
5469,2026-01,Abuja,Africa,12.05
5470,2026-02,Abuja,Africa,12.13
5471,2026-03,Abuja,Africa,12.21
5472,2025-10,Abuja,Africa,11.57
5473,2025-11,Abuja,Africa,11.89
5474,2025-12,Abuja,Africa,11.81
5475,2026-01,Abuja,Africa,12.05
5476,2026-02,Abuja,Africa,12.13
5477,2026-03,Abuja,Africa,12.21
5478,2025-10,Abuja,Africa,11.57
5479,2025-11,Abuja,Africa,11.89
5480,2025-12,Abuja,Africa,11.81
5481,2026-01,Abuja,Africa,12.05
5482,2026-02,Abuja,Africa,12.13
5483,2026-03,Abuja,Africa,12.21
5484,2025-10,Abuja,Africa,11.57
5485,2025-11,Abuja,Africa,11.89
5486,2025-12,Abuja,Africa,11.81
5487,2026-01,Abuja,Africa,12.05
5488,2026-02,Abuja,Africa,12.13
5489,2026-03,Abuja,Africa,12.21
5490,2025-10,Abuja,Africa,11.57
5491,2025-11,Abuja,Africa,11.89
5492,2025-12,Abuja,Africa,11.81
5493,2026-01,Abuja,Africa,12.05
5494,2026-02,Abuja,Africa,12.13
5495,2026-03,Abuja,Africa,12.21
5496,2025-10,Abuja,Africa,11.57
5497,2025-11,Abuja,Africa,11.89
5498,2025-12,Abuja,Africa,11.81
5499,2026-01,Abuja,Africa,12.05
5500,2026-02,Abuja,Africa,12.13
5501,2026-03,Abuja,Africa,12.21
5502,2025-10,Abuja,Africa,11.57
5503,2025-11,Abuja,Africa,11.89
5504,2025-12,Abuja,Africa,11.81
5505,2026-01,Abuja,Africa,12.05
5506,2026-02,Abuja,Africa,12.13
5507,2026-03,Abuja,Africa,12.21
5508,2025-10,Abuja,Africa,11.57
5509,2025-11,Abuja,Africa,11.89
5510,2025-12,Abuja,Africa,11.81
5511,2026-01,Abuja,Africa,12.05
5512,2026-02,Abuja,Africa,12.13
5513,2026-03,Abuja,Africa,12.21
5514,2025-10,Abuja,Africa,11.57
5515,2025-11,Abuja,Africa,11.89
5516,2025-12,Abuja,Africa,11.81
5517,2026-01,Abuja,Africa,12.05
5518,2026-02,Abuja,Africa,12.13
5519,2026-03,Abuja,Africa,12.21
5520,2025-10,Abuja,Africa,11.57
5521,2025-11,Abuja,Africa,11.89
5522,2025-12,Abuja,Africa,11.81
5523,2026-01,Abuja,Africa,12.05
5524,2026-02,Abuja,Africa,12.13
5525,2026-03,Abuja,Africa,12.21
5526,2025-10,Abuja,Africa,11.57
5527,2025-11,Abuja,Africa,11.89
5528,2025-12,Abuja,Africa,11.81
5529,2026-01,Abuja,Africa,12.05
5530,2026-02,Abuja,Africa,12.13
5531,2026-03,Abuja,Africa,12.21
5532,2025-10,Abuja,Africa,11.57
5533,2025-11,Abuja,Africa,11.89
5534,2025-12,Abuja,Africa,11.81
5535,2026-01,Abuja,Africa,12.05
5536,2026-02,Abuja,Africa,12.13
5537,2026-03,Abuja,Africa,12.21
5538,2025-10,Abuja,Africa,11.57
5539,2025-11,Abuja,Africa,11.89
5540,2025-12,Abuja,Africa,11.81
5541,2026-01,Abuja,Africa,12.05
5542,2026-02,Abuja,Africa,12.13
5543,2026-03,Abuja,Africa,12.21
5544,2025-10,Nairobi,Africa,4.57
5545,2025-11,Nairobi,Africa,4.63
5546,2025-12,Nairobi,Africa,4.7
5547,2026-01,Nairobi,Africa,4.72
5548,2026-02,Nairobi,Africa,4.83
5549,2026-03,Nairobi,Africa,4.87
5550,2025-10,Nairobi,Africa,4.57
5551,2025-11,Nairobi,Africa,4.63
5552,2025-12,Nairobi,Africa,4.7
5553,2026-01,Nairobi,Africa,4.72
5554,2026-02,Nairobi,Africa,4.83
5555,2026-03,Nairobi,Africa,4.87
5556,2025-10,Nairobi,Africa,4.57
5557,2025-11,Nairobi,Africa,4.63
5558,2025-12,Nairobi,Africa,4.7
5559,2026-01,Nairobi,Africa,4.72
5560,2026-02,Nairobi,Africa,4.83
5561,2026-03,Nairobi,Africa,4.87
5562,2025-10,Nairobi,Africa,4.57
5563,2025-11,Nairobi,Africa,4.63
5564,2025-12,Nairobi,Africa,4.7
5565,2026-01,Nairobi,Africa,4.72
5566,2026-02,Nairobi,Africa,4.83
5567,2026-03,Nairobi,Africa,4.87
5568,2025-10,Nairobi,Africa,4.57
5569,2025-11,Nairobi,Africa,4.63
5570,2025-12,Nairobi,Africa,4.7
5571,2026-01,Nairobi,Africa,4.72
5572,2026-02,Nairobi,Africa,4.83
5573,2026-03,Nairobi,Africa,4.87
5574,2025-10,Nairobi,Africa,4.57
5575,2025-11,Nairobi,Africa,4.63
5576,2025-12,Nairobi,Africa,4.7
5577,2026-01,Nairobi,Africa,4.72
5578,2026-02,Nairobi,Africa,4.83
5579,2026-03,Nairobi,Africa,4.87
5580,2025-10,Nairobi,Africa,4.57
5581,2025-11,Nairobi,Africa,4.63
5582,2025-12,Nairobi,Africa,4.7
5583,2026-01,Nairobi,Africa,4.72
5584,2026-02,Nairobi,Africa,4.83
5585,2026-03,Nairobi,Africa,4.87
5586,2025-10,Nairobi,Africa,4.57
5587,2025-11,Nairobi,Africa,4.63
5588,2025-12,Nairobi,Africa,4.7
5589,2026-01,Nairobi,Africa,4.72
5590,2026-02,Nairobi,Africa,4.83
5591,2026-03,Nairobi,Africa,4.87
5592,2025-10,Nairobi,Africa,4.57
5593,2025-11,Nairobi,Africa,4.63
5594,2025-12,Nairobi,Africa,4.7
5595,2026-01,Nairobi,Africa,4.72
5596,2026-02,Nairobi,Africa,4.83
5597,2026-03,Nairobi,Africa,4.87
5598,2025-10,Nairobi,Africa,4.57
5599,2025-11,Nairobi,Africa,4.63
5600,2025-12,Nairobi,Africa,4.7
5601,2026-01,Nairobi,Africa,4.72
5602,2026-02,Nairobi,Africa,4.83
5603,2026-03,Nairobi,Africa,4.87
5604,2025-10,Nairobi,Africa,4.57
5605,2025-11,Nairobi,Africa,4.63
5606,2025-12,Nairobi,Africa,4.7
5607,2026-01,Nairobi,Africa,4.72
5608,2026-02,Nairobi,Africa,4.83
5609,2026-03,Nairobi,Africa,4.87
5610,2025-10,Nairobi,Africa,4.57
5611,2025-11,Nairobi,Africa,4.63
5612,2025-12,Nairobi,Africa,4.7
5613,2026-01,Nairobi,Africa,4.72
5614,2026-02,Nairobi,Africa,4.83
5615,2026-03,Nairobi,Africa,4.87
5616,2025-10,Nairobi,Africa,4.57
5617,2025-11,Nairobi,Africa,4.63
5618,2025-12,Nairobi,Africa,4.7
5619,2026-01,Nairobi,Africa,4.72
5620,2026-02,Nairobi,Africa,4.83
5621,2026-03,Nairobi,Africa,4.87
5622,2025-10,Nairobi,Africa,4.57
5623,2025-11,Nairobi,Africa,4.63
5624,2025-12,Nairobi,Africa,4.7
5625,2026-01,Nairobi,Africa,4.72
5626,2026-02,Nairobi,Africa,4.83
5627,2026-03,Nairobi,Africa,4.87
5628,2025-10,Johannesburg,Africa,7.06
5629,2025-11,Johannesburg,Africa,7.35
5630,2025-12,Johannesburg,Africa,7.26
5631,2026-01,Johannesburg,Africa,7.29
5632,2026-02,Johannesburg,Africa,7.6
5633,2026-03,Johannesburg,Africa,7.56
5634,2025-10,Johannesburg,Africa,7.06
5635,2025-11,Johannesburg,Africa,7.35
5636,2025-12,Johannesburg,Africa,7.26
5637,2026-01,Johannesburg,Africa,7.29
5638,2026-02,Johannesburg,Africa,7.6
5639,2026-03,Johannesburg,Africa,7.56
5640,2025-10,Johannesburg,Africa,7.06
5641,2025-11,Johannesburg,Africa,7.35
5642,2025-12,Johannesburg,Africa,7.26
5643,2026-01,Johannesburg,Africa,7.29
5644,2026-02,Johannesburg,Africa,7.6
5645,2026-03,Johannesburg,Africa,7.56
5646,2025-10,Johannesburg,Africa,7.06
5647,2025-11,Johannesburg,Africa,7.35
5648,2025-12,Johannesburg,Africa,7.26
5649,2026-01,Johannesburg,Africa,7.29
5650,2026-02,Johannesburg,Africa,7.6
5651,2026-03,Johannesburg,Africa,7.56
5652,2025-10,Johannesburg,Africa,7.06
5653,2025-11,Johannesburg,Africa,7.35
5654,2025-12,Johannesburg,Africa,7.26
5655,2026-01,Johannesburg,Africa,7.29
5656,2026-02,Johannesburg,Africa,7.6
5657,2026-03,Johannesburg,Africa,7.56
5658,2025-10,Johannesburg,Africa,7.06
5659,2025-11,Johannesburg,Africa,7.35
5660,2025-12,Johannesburg,Africa,7.26
5661,2026-01,Johannesburg,Africa,7.29
5662,2026-02,Johannesburg,Africa,7.6
5663,2026-03,Johannesburg,Africa,7.56
5664,2025-10,Johannesburg,Africa,7.06
5665,2025-11,Johannesburg,Africa,7.35
5666,2025-12,Johannesburg,Africa,7.26
5667,2026-01,Johannesburg,Africa,7.29
5668,2026-02,Johannesburg,Africa,7.6
5669,2026-03,Johannesburg,Africa,7.56
5670,2025-10,Johannesburg,Africa,7.06
5671,2025-11,Johannesburg,Africa,7.35
5672,2025-12,Johannesburg,Africa,7.26
5673,2026-01,Johannesburg,Africa,7.29
5674,2026-02,Johannesburg,Africa,7.6
5675,2026-03,Johannesburg,Africa,7.56
5676,2025-10,Johannesburg,Africa,7.06
5677,2025-11,Johannesburg,Africa,7.35
5678,2025-12,Johannesburg,Africa,7.26
5679,2026-01,Johannesburg,Africa,7.29
5680,2026-02,Johannesburg,Africa,7.6
5681,2026-03,Johannesburg,Africa,7.56
5682,2025-10,Johannesburg,Africa,7.06
5683,2025-11,Johannesburg,Africa,7.35
5684,2025-12,Johannesburg,Africa,7.26
5685,2026-01,Johannesburg,Africa,7.29
5686,2026-02,Johannesburg,Africa,7.6
5687,2026-03,Johannesburg,Africa,7.56
5688,2025-10,Johannesburg,Africa,7.06
5689,2025-11,Johannesburg,Africa,7.35
5690,2025-12,Johannesburg,Africa,7.26
5691,2026-01,Johannesburg,Africa,7.29
5692,2026-02,Johannesburg,Africa,7.6
5693,2026-03,Johannesburg,Africa,7.56
5694,2025-10,Johannesburg,Africa,7.06
5695,2025-11,Johannesburg,Africa,7.35
5696,2025-12,Johannesburg,Africa,7.26
5697,2026-01,Johannesburg,Africa,7.29
5698,2026-02,Johannesburg,Africa,7.6
5699,2026-03,Johannesburg,Africa,7.56
5700,2025-10,Johannesburg,Africa,7.06
5701,2025-11,Johannesburg,Africa,7.35
5702,2025-12,Johannesburg,Africa,7.26
5703,2026-01,Johannesburg,Africa,7.29
5704,2026-02,Johannesburg,Africa,7.6
5705,2026-03,Johannesburg,Africa,7.56
5706,2025-10,Johannesburg,Africa,7.06
5707,2025-11,Johannesburg,Africa,7.35
5708,2025-12,Johannesburg,Africa,7.26
5709,2026-01,Johannesburg,Africa,7.29
5710,2026-02,Johannesburg,Africa,7.6
5711,2026-03,Johannesburg,Africa,7.56
5712,2025-10,Cape Town,Africa,6.95
5713,2025-11,Cape Town,Africa,7.25
5714,2025-12,Cape Town,Africa,7.18
5715,2026-01,Cape Town,Africa,7.19
5716,2026-02,Cape Town,Africa,7.48
5717,2026-03,Cape Town,Africa,7.42
5718,2025-10,Cape Town,Africa,6.95
5719,2025-11,Cape Town,Africa,7.25
5720,2025-12,Cape Town,Africa,7.18
5721,2026-01,Cape Town,Africa,7.19
5722,2026-02,Cape Town,Africa,7.48
5723,2026-03,Cape Town,Africa,7.42
5724,2025-10,Cape Town,Africa,6.95
5725,2025-11,Cape Town,Africa,7.25
5726,2025-12,Cape Town,Africa,7.18
5727,2026-01,Cape Town,Africa,7.19
5728,2026-02,Cape Town,Africa,7.48
5729,2026-03,Cape Town,Africa,7.42
5730,2025-10,Cape Town,Africa,6.95
5731,2025-11,Cape Town,Africa,7.25
5732,2025-12,Cape Town,Africa,7.18
5733,2026-01,Cape Town,Africa,7.19
5734,2026-02,Cape Town,Africa,7.48
5735,2026-03,Cape Town,Africa,7.42
5736,2025-10,Cape Town,Africa,6.95
5737,2025-11,Cape Town,Africa,7.25
5738,2025-12,Cape Town,Africa,7.18
5739,2026-01,Cape Town,Africa,7.19
5740,2026-02,Cape Town,Africa,7.48
5741,2026-03,Cape Town,Africa,7.42
5742,2025-10,Cape Town,Africa,6.95
5743,2025-11,Cape Town,Africa,7.25
5744,2025-12,Cape Town,Africa,7.18
5745,2026-01,Cape Town,Africa,7.19
5746,2026-02,Cape Town,Africa,7.48
5747,2026-03,Cape Town,Africa,7.42
5748,2025-10,Cape Town,Africa,6.95
5749,2025-11,Cape Town,Africa,7.25
5750,2025-12,Cape Town,Africa,7.18
5751,2026-01,Cape Town,Africa,7.19
5752,2026-02,Cape Town,Africa,7.48
5753,2026-03,Cape Town,Africa,7.42
5754,2025-10,Cape Town,Africa,6.95
5755,2025-11,Cape Town,Africa,7.25
5756,2025-12,Cape Town,Africa,7.18
5757,2026-01,Cape Town,Africa,7.19
5758,2026-02,Cape Town,Africa,7.48
5759,2026-03,Cape Town,Africa,7.42
5760,2025-10,Cape Town,Africa,6.95
5761,2025-11,Cape Town,Africa,7.25
5762,2025-12,Cape Town,Africa,7.18
5763,2026-01,Cape Town,Africa,7.19
5764,2026-02,Cape Town,Africa,7.48
5765,2026-03,Cape Town,Africa,7.42
5766,2025-10,Cape Town,Africa,6.95
5767,2025-11,Cape Town,Africa,7.25
5768,2025-12,Cape Town,Africa,7.18
5769,2026-01,Cape Town,Africa,7.19
5770,2026-02,Cape Town,Africa,7.48
5771,2026-03,Cape Town,Africa,7.42
5772,2025-10,Cape Town,Africa,6.95
5773,2025-11,Cape Town,Africa,7.25
5774,2025-12,Cape Town,Africa,7.18
5775,2026-01,Cape Town,Africa,7.19
5776,2026-02,Cape Town,Africa,7.48
5777,2026-03,Cape Town,Africa,7.42
5778,2025-10,Cape Town,Africa,6.95
5779,2025-11,Cape Town,Africa,7.25
5780,2025-12,Cape Town,Africa,7.18
5781,2026-01,Cape Town,Africa,7.19
5782,2026-02,Cape Town,Africa,7.48
5783,2026-03,Cape Town,Africa,7.42
5784,2025-10,Cape Town,Africa,6.95
5785,2025-11,Cape Town,Africa,7.25
5786,2025-12,Cape Town,Africa,7.18
5787,2026-01,Cape Town,Africa,7.19
5788,2026-02,Cape Town,Africa,7.48
5789,2026-03,Cape Town,Africa,7.42
5790,2025-10,Cape Town,Africa,6.95
5791,2025-11,Cape Town,Africa,7.25
5792,2025-12,Cape Town,Africa,7.18
5793,2026-01,Cape Town,Africa,7.19
5794,2026-02,Cape Town,Africa,7.48
5795,2026-03,Cape Town,Africa,7.42
5796,2025-10,Harare,Africa,7.75
5797,2025-11,Harare,Africa,7.89
5798,2025-12,Harare,Africa,7.99
5799,2026-01,Harare,Africa,7.91
5800,2026-02,Harare,Africa,8.26
5801,2026-03,Harare,Africa,8.19
5802,2025-10,Harare,Africa,7.75
5803,2025-11,Harare,Africa,7.89
5804,2025-12,Harare,Africa,7.99
5805,2026-01,Harare,Africa,7.91
5806,2026-02,Harare,Africa,8.26
5807,2026-03,Harare,Africa,8.19
5808,2025-10,Harare,Africa,7.75
5809,2025-11,Harare,Africa,7.89
5810,2025-12,Harare,Africa,7.99
5811,2026-01,Harare,Africa,7.91
5812,2026-02,Harare,Africa,8.26
5813,2026-03,Harare,Africa,8.19
5814,2025-10,Harare,Africa,7.75
5815,2025-11,Harare,Africa,7.89
5816,2025-12,Harare,Africa,7.99
5817,2026-01,Harare,Africa,7.91
5818,2026-02,Harare,Africa,8.26
5819,2026-03,Harare,Africa,8.19
5820,2025-10,Harare,Africa,7.75
5821,2025-11,Harare,Africa,7.89
5822,2025-12,Harare,Africa,7.99
5823,2026-01,Harare,Africa,7.91
5824,2026-02,Harare,Africa,8.26
5825,2026-03,Harare,Africa,8.19
5826,2025-10,Harare,Africa,7.75
5827,2025-11,Harare,Africa,7.89
5828,2025-12,Harare,Africa,7.99
5829,2026-01,Harare,Africa,7.91
5830,2026-02,Harare,Africa,8.26
5831,2026-03,Harare,Africa,8.19
5832,2025-10,Harare,Africa,7.75
5833,2025-11,Harare,Africa,7.89
5834,2025-12,Harare,Africa,7.99
5835,2026-01,Harare,Africa,7.91
5836,2026-02,Harare,Africa,8.26
5837,2026-03,Harare,Africa,8.19
5838,2025-10,Harare,Africa,7.75
5839,2025-11,Harare,Africa,7.89
5840,2025-12,Harare,Africa,7.99
5841,2026-01,Harare,Africa,7.91
5842,2026-02,Harare,Africa,8.26
5843,2026-03,Harare,Africa,8.19
5844,2025-10,Harare,Africa,7.75
5845,2025-11,Harare,Africa,7.89
5846,2025-12,Harare,Africa,7.99
5847,2026-01,Harare,Africa,7.91
5848,2026-02,Harare,Africa,8.26
5849,2026-03,Harare,Africa,8.19
5850,2025-10,Harare,Africa,7.75
5851,2025-11,Harare,Africa,7.89
5852,2025-12,Harare,Africa,7.99
5853,2026-01,Harare,Africa,7.91
5854,2026-02,Harare,Africa,8.26
5855,2026-03,Harare,Africa,8.19
5856,2025-10,Harare,Africa,7.75
5857,2025-11,Harare,Africa,7.89
5858,2025-12,Harare,Africa,7.99
5859,2026-01,Harare,Africa,7.91
5860,2026-02,Harare,Africa,8.26
5861,2026-03,Harare,Africa,8.19
5862,2025-10,Harare,Africa,7.75
5863,2025-11,Harare,Africa,7.89
5864,2025-12,Harare,Africa,7.99
5865,2026-01,Harare,Africa,7.91
5866,2026-02,Harare,Africa,8.26
5867,2026-03,Harare,Africa,8.19
5868,2025-10,Harare,Africa,7.75
5869,2025-11,Harare,Africa,7.89
5870,2025-12,Harare,Africa,7.99
5871,2026-01,Harare,Africa,7.91
5872,2026-02,Harare,Africa,8.26
5873,2026-03,Harare,Africa,8.19
5874,2025-10,Harare,Africa,7.75
5875,2025-11,Harare,Africa,7.89
5876,2025-12,Harare,Africa,7.99
5877,2026-01,Harare,Africa,7.91
5878,2026-02,Harare,Africa,8.26
5879,2026-03,Harare,Africa,8.19
5880,2025-10,Mumbai,Asia,3.17
5881,2025-11,Mumbai,Asia,3.21
5882,2025-12,Mumbai,Asia,3.28
5883,2026-01,Mumbai,Asia,3.25
5884,2026-02,Mumbai,Asia,3.35
5885,2026-03,Mumbai,Asia,3.3
5886,2025-10,Mumbai,Asia,3.17
5887,2025-11,Mumbai,Asia,3.21
5888,2025-12,Mumbai,Asia,3.28
5889,2026-01,Mumbai,Asia,3.25
5890,2026-02,Mumbai,Asia,3.35
5891,2026-03,Mumbai,Asia,3.3
5892,2025-10,Mumbai,Asia,3.17
5893,2025-11,Mumbai,Asia,3.21
5894,2025-12,Mumbai,Asia,3.28
5895,2026-01,Mumbai,Asia,3.25
5896,2026-02,Mumbai,Asia,3.35
5897,2026-03,Mumbai,Asia,3.3
5898,2025-10,Mumbai,Asia,3.17
5899,2025-11,Mumbai,Asia,3.21
5900,2025-12,Mumbai,Asia,3.28
5901,2026-01,Mumbai,Asia,3.25
5902,2026-02,Mumbai,Asia,3.35
5903,2026-03,Mumbai,Asia,3.3
5904,2025-10,Mumbai,Asia,3.17
5905,2025-11,Mumbai,Asia,3.21
5906,2025-12,Mumbai,Asia,3.28
5907,2026-01,Mumbai,Asia,3.25
5908,2026-02,Mumbai,Asia,3.35
5909,2026-03,Mumbai,Asia,3.3
5910,2025-10,Mumbai,Asia,3.17
5911,2025-11,Mumbai,Asia,3.21
5912,2025-12,Mumbai,Asia,3.28
5913,2026-01,Mumbai,Asia,3.25
5914,2026-02,Mumbai,Asia,3.35
5915,2026-03,Mumbai,Asia,3.3
5916,2025-10,Mumbai,Asia,3.17
5917,2025-11,Mumbai,Asia,3.21
5918,2025-12,Mumbai,Asia,3.28
5919,2026-01,Mumbai,Asia,3.25
5920,2026-02,Mumbai,Asia,3.35
5921,2026-03,Mumbai,Asia,3.3
5922,2025-10,Mumbai,Asia,3.17
5923,2025-11,Mumbai,Asia,3.21
5924,2025-12,Mumbai,Asia,3.28
5925,2026-01,Mumbai,Asia,3.25
5926,2026-02,Mumbai,Asia,3.35
5927,2026-03,Mumbai,Asia,3.3
5928,2025-10,Mumbai,Asia,3.17
5929,2025-11,Mumbai,Asia,3.21
5930,2025-12,Mumbai,Asia,3.28
5931,2026-01,Mumbai,Asia,3.25
5932,2026-02,Mumbai,Asia,3.35
5933,2026-03,Mumbai,Asia,3.3
5934,2025-10,Mumbai,Asia,3.17
5935,2025-11,Mumbai,Asia,3.21
5936,2025-12,Mumbai,Asia,3.28
5937,2026-01,Mumbai,Asia,3.25
5938,2026-02,Mumbai,Asia,3.35
5939,2026-03,Mumbai,Asia,3.3
5940,2025-10,Mumbai,Asia,3.17
5941,2025-11,Mumbai,Asia,3.21
5942,2025-12,Mumbai,Asia,3.28
5943,2026-01,Mumbai,Asia,3.25
5944,2026-02,Mumbai,Asia,3.35
5945,2026-03,Mumbai,Asia,3.3
5946,2025-10,Mumbai,Asia,3.17
5947,2025-11,Mumbai,Asia,3.21
5948,2025-12,Mumbai,Asia,3.28
5949,2026-01,Mumbai,Asia,3.25
5950,2026-02,Mumbai,Asia,3.35
5951,2026-03,Mumbai,Asia,3.3
5952,2025-10,Mumbai,Asia,3.17
5953,2025-11,Mumbai,Asia,3.21
5954,2025-12,Mumbai,Asia,3.28
5955,2026-01,Mumbai,Asia,3.25
5956,2026-02,Mumbai,Asia,3.35
5957,2026-03,Mumbai,Asia,3.3
5958,2025-10,Mumbai,Asia,3.17
5959,2025-11,Mumbai,Asia,3.21
5960,2025-12,Mumbai,Asia,3.28
5961,2026-01,Mumbai,Asia,3.25
5962,2026-02,Mumbai,Asia,3.35
5963,2026-03,Mumbai,Asia,3.3
5964,2025-10,Delhi,Asia,2.93
5965,2025-11,Delhi,Asia,2.98
5966,2025-12,Delhi,Asia,3.03
5967,2026-01,Delhi,Asia,3.0
5968,2026-02,Delhi,Asia,3.07
5969,2026-03,Delhi,Asia,3.09
5970,2025-10,Delhi,Asia,2.93
5971,2025-11,Delhi,Asia,2.98
5972,2025-12,Delhi,Asia,3.03
5973,2026-01,Delhi,Asia,3.0
5974,2026-02,Delhi,Asia,3.07
5975,2026-03,Delhi,Asia,3.09
5976,2025-10,Delhi,Asia,2.93
5977,2025-11,Delhi,Asia,2.98
5978,2025-12,Delhi,Asia,3.03
5979,2026-01,Delhi,Asia,3.0
5980,2026-02,Delhi,Asia,3.07
5981,2026-03,Delhi,Asia,3.09
5982,2025-10,Delhi,Asia,2.93
5983,2025-11,Delhi,Asia,2.98
5984,2025-12,Delhi,Asia,3.03
5985,2026-01,Delhi,Asia,3.0
5986,2026-02,Delhi,Asia,3.07
5987,2026-03,Delhi,Asia,3.09
5988,2025-10,Delhi,Asia,2.93
5989,2025-11,Delhi,Asia,2.98
5990,2025-12,Delhi,Asia,3.03
5991,2026-01,Delhi,Asia,3.0
5992,2026-02,Delhi,Asia,3.07
5993,2026-03,Delhi,Asia,3.09
5994,2025-10,Delhi,Asia,2.93
5995,2025-11,Delhi,Asia,2.98
5996,2025-12,Delhi,Asia,3.03
5997,2026-01,Delhi,Asia,3.0
5998,2026-02,Delhi,Asia,3.07
5999,2026-03,Delhi,Asia,3.09
6000,2025-10,Delhi,Asia,2.93
6001,2025-11,Delhi,Asia,2.98
6002,2025-12,Delhi,Asia,3.03
6003,2026-01,Delhi,Asia,3.0
6004,2026-02,Delhi,Asia,3.07
6005,2026-03,Delhi,Asia,3.09
6006,2025-10,Delhi,Asia,2.93
6007,2025-11,Delhi,Asia,2.98
6008,2025-12,Delhi,Asia,3.03
6009,2026-01,Delhi,Asia,3.0
6010,2026-02,Delhi,Asia,3.07
6011,2026-03,Delhi,Asia,3.09
6012,2025-10,Delhi,Asia,2.93
6013,2025-11,Delhi,Asia,2.98
6014,2025-12,Delhi,Asia,3.03
6015,2026-01,Delhi,Asia,3.0
6016,2026-02,Delhi,Asia,3.07
6017,2026-03,Delhi,Asia,3.09
6018,2025-10,Delhi,Asia,2.93
6019,2025-11,Delhi,Asia,2.98
6020,2025-12,Delhi,Asia,3.03
6021,2026-01,Delhi,Asia,3.0
6022,2026-02,Delhi,Asia,3.07
6023,2026-03,Delhi,Asia,3.09
6024,2025-10,Delhi,Asia,2.93
6025,2025-11,Delhi,Asia,2.98
6026,2025-12,Delhi,Asia,3.03
6027,2026-01,Delhi,Asia,3.0
6028,2026-02,Delhi,Asia,3.07
6029,2026-03,Delhi,Asia,3.09
6030,2025-10,Delhi,Asia,2.93
6031,2025-11,Delhi,Asia,2.98
6032,2025-12,Delhi,Asia,3.03
6033,2026-01,Delhi,Asia,3.0
6034,2026-02,Delhi,Asia,3.07
6035,2026-03,Delhi,Asia,3.09
6036,2025-10,Delhi,Asia,2.93
6037,2025-11,Delhi,Asia,2.98
6038,2025-12,Delhi,Asia,3.03
6039,2026-01,Delhi,Asia,3.0
6040,2026-02,Delhi,Asia,3.07
6041,2026-03,Delhi,Asia,3.09
6042,2025-10,Delhi,Asia,2.93
6043,2025-11,Delhi,Asia,2.98
6044,2025-12,Delhi,Asia,3.03
6045,2026-01,Delhi,Asia,3.0
6046,2026-02,Delhi,Asia,3.07
6047,2026-03,Delhi,Asia,3.09
6048,2025-10,Bangalore,Asia,2.98
6049,2025-11,Bangalore,Asia,3.06
6050,2025-12,Bangalore,Asia,3.09
6051,2026-01,Bangalore,Asia,3.07
6052,2026-02,Bangalore,Asia,3.16
6053,2026-03,Bangalore,Asia,3.14
6054,2025-10,Bangalore,Asia,2.98
6055,2025-11,Bangalore,Asia,3.06
6056,2025-12,Bangalore,Asia,3.09
6057,2026-01,Bangalore,Asia,3.07
6058,2026-02,Bangalore,Asia,3.16
6059,2026-03,Bangalore,Asia,3.14
6060,2025-10,Bangalore,Asia,2.98
6061,2025-11,Bangalore,Asia,3.06
6062,2025-12,Bangalore,Asia,3.09
6063,2026-01,Bangalore,Asia,3.07
6064,2026-02,Bangalore,Asia,3.16
6065,2026-03,Bangalore,Asia,3.14
6066,2025-10,Bangalore,Asia,2.98
6067,2025-11,Bangalore,Asia,3.06
6068,2025-12,Bangalore,Asia,3.09
6069,2026-01,Bangalore,Asia,3.07
6070,2026-02,Bangalore,Asia,3.16
6071,2026-03,Bangalore,Asia,3.14
6072,2025-10,Bangalore,Asia,2.98
6073,2025-11,Bangalore,Asia,3.06
6074,2025-12,Bangalore,Asia,3.09
6075,2026-01,Bangalore,Asia,3.07
6076,2026-02,Bangalore,Asia,3.16
6077,2026-03,Bangalore,Asia,3.14
6078,2025-10,Bangalore,Asia,2.98
6079,2025-11,Bangalore,Asia,3.06
6080,2025-12,Bangalore,Asia,3.09
6081,2026-01,Bangalore,Asia,3.07
6082,2026-02,Bangalore,Asia,3.16
6083,2026-03,Bangalore,Asia,3.14
6084,2025-10,Bangalore,Asia,2.98
6085,2025-11,Bangalore,Asia,3.06
6086,2025-12,Bangalore,Asia,3.09
6087,2026-01,Bangalore,Asia,3.07
6088,2026-02,Bangalore,Asia,3.16
6089,2026-03,Bangalore,Asia,3.14
6090,2025-10,Bangalore,Asia,2.98
6091,2025-11,Bangalore,Asia,3.06
6092,2025-12,Bangalore,Asia,3.09
6093,2026-01,Bangalore,Asia,3.07
6094,2026-02,Bangalore,Asia,3.16
6095,2026-03,Bangalore,Asia,3.14
6096,2025-10,Bangalore,Asia,2.98
6097,2025-11,Bangalore,Asia,3.06
6098,2025-12,Bangalore,Asia,3.09
6099,2026-01,Bangalore,Asia,3.07
6100,2026-02,Bangalore,Asia,3.16
6101,2026-03,Bangalore,Asia,3.14
6102,2025-10,Bangalore,Asia,2.98
6103,2025-11,Bangalore,Asia,3.06
6104,2025-12,Bangalore,Asia,3.09
6105,2026-01,Bangalore,Asia,3.07
6106,2026-02,Bangalore,Asia,3.16
6107,2026-03,Bangalore,Asia,3.14
6108,2025-10,Bangalore,Asia,2.98
6109,2025-11,Bangalore,Asia,3.06
6110,2025-12,Bangalore,Asia,3.09
6111,2026-01,Bangalore,Asia,3.07
6112,2026-02,Bangalore,Asia,3.16
6113,2026-03,Bangalore,Asia,3.14
6114,2025-10,Bangalore,Asia,2.98
6115,2025-11,Bangalore,Asia,3.06
6116,2025-12,Bangalore,Asia,3.09
6117,2026-01,Bangalore,Asia,3.07
6118,2026-02,Bangalore,Asia,3.16
6119,2026-03,Bangalore,Asia,3.14
6120,2025-10,Bangalore,Asia,2.98
6121,2025-11,Bangalore,Asia,3.06
6122,2025-12,Bangalore,Asia,3.09
6123,2026-01,Bangalore,Asia,3.07
6124,2026-02,Bangalore,Asia,3.16
6125,2026-03,Bangalore,Asia,3.14
6126,2025-10,Bangalore,Asia,2.98
6127,2025-11,Bangalore,Asia,3.06
6128,2025-12,Bangalore,Asia,3.09
6129,2026-01,Bangalore,Asia,3.07
6130,2026-02,Bangalore,Asia,3.16
6131,2026-03,Bangalore,Asia,3.14
6132,2025-10,Dhaka,Asia,3.49
6133,2025-11,Dhaka,Asia,3.52
6134,2025-12,Dhaka,Asia,3.58
6135,2026-01,Dhaka,Asia,3.59
6136,2026-02,Dhaka,Asia,3.64
6137,2026-03,Dhaka,Asia,3.66
6138,2025-10,Dhaka,Asia,3.49
6139,2025-11,Dhaka,Asia,3.52
6140,2025-12,Dhaka,Asia,3.58
6141,2026-01,Dhaka,Asia,3.59
6142,2026-02,Dhaka,Asia,3.64
6143,2026-03,Dhaka,Asia,3.66
6144,2025-10,Dhaka,Asia,3.49
6145,2025-11,Dhaka,Asia,3.52
6146,2025-12,Dhaka,Asia,3.58
6147,2026-01,Dhaka,Asia,3.59
6148,2026-02,Dhaka,Asia,3.64
6149,2026-03,Dhaka,Asia,3.66
6150,2025-10,Dhaka,Asia,3.49
6151,2025-11,Dhaka,Asia,3.52
6152,2025-12,Dhaka,Asia,3.58
6153,2026-01,Dhaka,Asia,3.59
6154,2026-02,Dhaka,Asia,3.64
6155,2026-03,Dhaka,Asia,3.66
6156,2025-10,Dhaka,Asia,3.49
6157,2025-11,Dhaka,Asia,3.52
6158,2025-12,Dhaka,Asia,3.58
6159,2026-01,Dhaka,Asia,3.59
6160,2026-02,Dhaka,Asia,3.64
6161,2026-03,Dhaka,Asia,3.66
6162,2025-10,Dhaka,Asia,3.49
6163,2025-11,Dhaka,Asia,3.52
6164,2025-12,Dhaka,Asia,3.58
6165,2026-01,Dhaka,Asia,3.59
6166,2026-02,Dhaka,Asia,3.64
6167,2026-03,Dhaka,Asia,3.66
6168,2025-10,Dhaka,Asia,3.49
6169,2025-11,Dhaka,Asia,3.52
6170,2025-12,Dhaka,Asia,3.58
6171,2026-01,Dhaka,Asia,3.59
6172,2026-02,Dhaka,Asia,3.64
6173,2026-03,Dhaka,Asia,3.66
6174,2025-10,Dhaka,Asia,3.49
6175,2025-11,Dhaka,Asia,3.52
6176,2025-12,Dhaka,Asia,3.58
6177,2026-01,Dhaka,Asia,3.59
6178,2026-02,Dhaka,Asia,3.64
6179,2026-03,Dhaka,Asia,3.66
6180,2025-10,Dhaka,Asia,3.49
6181,2025-11,Dhaka,Asia,3.52
6182,2025-12,Dhaka,Asia,3.58
6183,2026-01,Dhaka,Asia,3.59
6184,2026-02,Dhaka,Asia,3.64
6185,2026-03,Dhaka,Asia,3.66
6186,2025-10,Dhaka,Asia,3.49
6187,2025-11,Dhaka,Asia,3.52
6188,2025-12,Dhaka,Asia,3.58
6189,2026-01,Dhaka,Asia,3.59
6190,2026-02,Dhaka,Asia,3.64
6191,2026-03,Dhaka,Asia,3.66
6192,2025-10,Dhaka,Asia,3.49
6193,2025-11,Dhaka,Asia,3.52
6194,2025-12,Dhaka,Asia,3.58
6195,2026-01,Dhaka,Asia,3.59
6196,2026-02,Dhaka,Asia,3.64
6197,2026-03,Dhaka,Asia,3.66
6198,2025-10,Dhaka,Asia,3.49
6199,2025-11,Dhaka,Asia,3.52
6200,2025-12,Dhaka,Asia,3.58
6201,2026-01,Dhaka,Asia,3.59
6202,2026-02,Dhaka,Asia,3.64
6203,2026-03,Dhaka,Asia,3.66
6204,2025-10,Dhaka,Asia,3.49
6205,2025-11,Dhaka,Asia,3.52
6206,2025-12,Dhaka,Asia,3.58
6207,2026-01,Dhaka,Asia,3.59
6208,2026-02,Dhaka,Asia,3.64
6209,2026-03,Dhaka,Asia,3.66
6210,2025-10,Dhaka,Asia,3.49
6211,2025-11,Dhaka,Asia,3.52
6212,2025-12,Dhaka,Asia,3.58
6213,2026-01,Dhaka,Asia,3.59
6214,2026-02,Dhaka,Asia,3.64
6215,2026-03,Dhaka,Asia,3.66
6216,2025-10,Karachi,Asia,3.71
6217,2025-11,Karachi,Asia,3.77
6218,2025-12,Karachi,Asia,3.89
6219,2026-01,Karachi,Asia,3.84
6220,2026-02,Karachi,Asia,3.87
6221,2026-03,Karachi,Asia,3.91
6222,2025-10,Karachi,Asia,3.71
6223,2025-11,Karachi,Asia,3.77
6224,2025-12,Karachi,Asia,3.89
6225,2026-01,Karachi,Asia,3.84
6226,2026-02,Karachi,Asia,3.87
6227,2026-03,Karachi,Asia,3.91
6228,2025-10,Karachi,Asia,3.71
6229,2025-11,Karachi,Asia,3.77
6230,2025-12,Karachi,Asia,3.89
6231,2026-01,Karachi,Asia,3.84
6232,2026-02,Karachi,Asia,3.87
6233,2026-03,Karachi,Asia,3.91
6234,2025-10,Karachi,Asia,3.71
6235,2025-11,Karachi,Asia,3.77
6236,2025-12,Karachi,Asia,3.89
6237,2026-01,Karachi,Asia,3.84
6238,2026-02,Karachi,Asia,3.87
6239,2026-03,Karachi,Asia,3.91
6240,2025-10,Karachi,Asia,3.71
6241,2025-11,Karachi,Asia,3.77
6242,2025-12,Karachi,Asia,3.89
6243,2026-01,Karachi,Asia,3.84
6244,2026-02,Karachi,Asia,3.87
6245,2026-03,Karachi,Asia,3.91
6246,2025-10,Karachi,Asia,3.71
6247,2025-11,Karachi,Asia,3.77
6248,2025-12,Karachi,Asia,3.89
6249,2026-01,Karachi,Asia,3.84
6250,2026-02,Karachi,Asia,3.87
6251,2026-03,Karachi,Asia,3.91
6252,2025-10,Karachi,Asia,3.71
6253,2025-11,Karachi,Asia,3.77
6254,2025-12,Karachi,Asia,3.89
6255,2026-01,Karachi,Asia,3.84
6256,2026-02,Karachi,Asia,3.87
6257,2026-03,Karachi,Asia,3.91
6258,2025-10,Karachi,Asia,3.71
6259,2025-11,Karachi,Asia,3.77
6260,2025-12,Karachi,Asia,3.89
6261,2026-01,Karachi,Asia,3.84
6262,2026-02,Karachi,Asia,3.87
6263,2026-03,Karachi,Asia,3.91
6264,2025-10,Karachi,Asia,3.71
6265,2025-11,Karachi,Asia,3.77
6266,2025-12,Karachi,Asia,3.89
6267,2026-01,Karachi,Asia,3.84
6268,2026-02,Karachi,Asia,3.87
6269,2026-03,Karachi,Asia,3.91
6270,2025-10,Karachi,Asia,3.71
6271,2025-11,Karachi,Asia,3.77
6272,2025-12,Karachi,Asia,3.89
6273,2026-01,Karachi,Asia,3.84
6274,2026-02,Karachi,Asia,3.87
6275,2026-03,Karachi,Asia,3.91
6276,2025-10,Karachi,Asia,3.71
6277,2025-11,Karachi,Asia,3.77
6278,2025-12,Karachi,Asia,3.89
6279,2026-01,Karachi,Asia,3.84
6280,2026-02,Karachi,Asia,3.87
6281,2026-03,Karachi,Asia,3.91
6282,2025-10,Karachi,Asia,3.71
6283,2025-11,Karachi,Asia,3.77
6284,2025-12,Karachi,Asia,3.89
6285,2026-01,Karachi,Asia,3.84
6286,2026-02,Karachi,Asia,3.87
6287,2026-03,Karachi,Asia,3.91
6288,2025-10,Karachi,Asia,3.71
6289,2025-11,Karachi,Asia,3.77
6290,2025-12,Karachi,Asia,3.89
6291,2026-01,Karachi,Asia,3.84
6292,2026-02,Karachi,Asia,3.87
6293,2026-03,Karachi,Asia,3.91
6294,2025-10,Karachi,Asia,3.71
6295,2025-11,Karachi,Asia,3.77
6296,2025-12,Karachi,Asia,3.89
6297,2026-01,Karachi,Asia,3.84
6298,2026-02,Karachi,Asia,3.87
6299,2026-03,Karachi,Asia,3.91
6300,2025-10,Lahore,Asia,3.62
6301,2025-11,Lahore,Asia,3.68
6302,2025-12,Lahore,Asia,3.71
6303,2026-01,Lahore,Asia,3.65
6304,2026-02,Lahore,Asia,3.78
6305,2026-03,Lahore,Asia,3.77
6306,2025-10,Lahore,Asia,3.62
6307,2025-11,Lahore,Asia,3.68
6308,2025-12,Lahore,Asia,3.71
6309,2026-01,Lahore,Asia,3.65
6310,2026-02,Lahore,Asia,3.78
6311,2026-03,Lahore,Asia,3.77
6312,2025-10,Lahore,Asia,3.62
6313,2025-11,Lahore,Asia,3.68
6314,2025-12,Lahore,Asia,3.71
6315,2026-01,Lahore,Asia,3.65
6316,2026-02,Lahore,Asia,3.78
6317,2026-03,Lahore,Asia,3.77
6318,2025-10,Lahore,Asia,3.62
6319,2025-11,Lahore,Asia,3.68
6320,2025-12,Lahore,Asia,3.71
6321,2026-01,Lahore,Asia,3.65
6322,2026-02,Lahore,Asia,3.78
6323,2026-03,Lahore,Asia,3.77
6324,2025-10,Lahore,Asia,3.62
6325,2025-11,Lahore,Asia,3.68
6326,2025-12,Lahore,Asia,3.71
6327,2026-01,Lahore,Asia,3.65
6328,2026-02,Lahore,Asia,3.78
6329,2026-03,Lahore,Asia,3.77
6330,2025-10,Lahore,Asia,3.62
6331,2025-11,Lahore,Asia,3.68
6332,2025-12,Lahore,Asia,3.71
6333,2026-01,Lahore,Asia,3.65
6334,2026-02,Lahore,Asia,3.78
6335,2026-03,Lahore,Asia,3.77
6336,2025-10,Lahore,Asia,3.62
6337,2025-11,Lahore,Asia,3.68
6338,2025-12,Lahore,Asia,3.71
6339,2026-01,Lahore,Asia,3.65
6340,2026-02,Lahore,Asia,3.78
6341,2026-03,Lahore,Asia,3.77
6342,2025-10,Lahore,Asia,3.62
6343,2025-11,Lahore,Asia,3.68
6344,2025-12,Lahore,Asia,3.71
6345,2026-01,Lahore,Asia,3.65
6346,2026-02,Lahore,Asia,3.78
6347,2026-03,Lahore,Asia,3.77
6348,2025-10,Lahore,Asia,3.62
6349,2025-11,Lahore,Asia,3.68
6350,2025-12,Lahore,Asia,3.71
6351,2026-01,Lahore,Asia,3.65
6352,2026-02,Lahore,Asia,3.78
6353,2026-03,Lahore,Asia,3.77
6354,2025-10,Lahore,Asia,3.62
6355,2025-11,Lahore,Asia,3.68
6356,2025-12,Lahore,Asia,3.71
6357,2026-01,Lahore,Asia,3.65
6358,2026-02,Lahore,Asia,3.78
6359,2026-03,Lahore,Asia,3.77
6360,2025-10,Lahore,Asia,3.62
6361,2025-11,Lahore,Asia,3.68
6362,2025-12,Lahore,Asia,3.71
6363,2026-01,Lahore,Asia,3.65
6364,2026-02,Lahore,Asia,3.78
6365,2026-03,Lahore,Asia,3.77
6366,2025-10,Lahore,Asia,3.62
6367,2025-11,Lahore,Asia,3.68
6368,2025-12,Lahore,Asia,3.71
6369,2026-01,Lahore,Asia,3.65
6370,2026-02,Lahore,Asia,3.78
6371,2026-03,Lahore,Asia,3.77
6372,2025-10,Lahore,Asia,3.62
6373,2025-11,Lahore,Asia,3.68
6374,2025-12,Lahore,Asia,3.71
6375,2026-01,Lahore,Asia,3.65
6376,2026-02,Lahore,Asia,3.78
6377,2026-03,Lahore,Asia,3.77
6378,2025-10,Lahore,Asia,3.62
6379,2025-11,Lahore,Asia,3.68
6380,2025-12,Lahore,Asia,3.71
6381,2026-01,Lahore,Asia,3.65
6382,2026-02,Lahore,Asia,3.78
6383,2026-03,Lahore,Asia,3.77
6384,2025-10,Colombo,Asia,6.25
6385,2025-11,Colombo,Asia,6.43
6386,2025-12,Colombo,Asia,6.51
6387,2026-01,Colombo,Asia,6.45
6388,2026-02,Colombo,Asia,6.62
6389,2026-03,Colombo,Asia,6.58
6390,2025-10,Colombo,Asia,6.25
6391,2025-11,Colombo,Asia,6.43
6392,2025-12,Colombo,Asia,6.51
6393,2026-01,Colombo,Asia,6.45
6394,2026-02,Colombo,Asia,6.62
6395,2026-03,Colombo,Asia,6.58
6396,2025-10,Colombo,Asia,6.25
6397,2025-11,Colombo,Asia,6.43
6398,2025-12,Colombo,Asia,6.51
6399,2026-01,Colombo,Asia,6.45
6400,2026-02,Colombo,Asia,6.62
6401,2026-03,Colombo,Asia,6.58
6402,2025-10,Colombo,Asia,6.25
6403,2025-11,Colombo,Asia,6.43
6404,2025-12,Colombo,Asia,6.51
6405,2026-01,Colombo,Asia,6.45
6406,2026-02,Colombo,Asia,6.62
6407,2026-03,Colombo,Asia,6.58
6408,2025-10,Colombo,Asia,6.25
6409,2025-11,Colombo,Asia,6.43
6410,2025-12,Colombo,Asia,6.51
6411,2026-01,Colombo,Asia,6.45
6412,2026-02,Colombo,Asia,6.62
6413,2026-03,Colombo,Asia,6.58
6414,2025-10,Colombo,Asia,6.25
6415,2025-11,Colombo,Asia,6.43
6416,2025-12,Colombo,Asia,6.51
6417,2026-01,Colombo,Asia,6.45
6418,2026-02,Colombo,Asia,6.62
6419,2026-03,Colombo,Asia,6.58
6420,2025-10,Colombo,Asia,6.25
6421,2025-11,Colombo,Asia,6.43
6422,2025-12,Colombo,Asia,6.51
6423,2026-01,Colombo,Asia,6.45
6424,2026-02,Colombo,Asia,6.62
6425,2026-03,Colombo,Asia,6.58
6426,2025-10,Colombo,Asia,6.25
6427,2025-11,Colombo,Asia,6.43
6428,2025-12,Colombo,Asia,6.51
6429,2026-01,Colombo,Asia,6.45
6430,2026-02,Colombo,Asia,6.62
6431,2026-03,Colombo,Asia,6.58
6432,2025-10,Colombo,Asia,6.25
6433,2025-11,Colombo,Asia,6.43
6434,2025-12,Colombo,Asia,6.51
6435,2026-01,Colombo,Asia,6.45
6436,2026-02,Colombo,Asia,6.62
6437,2026-03,Colombo,Asia,6.58
6438,2025-10,Colombo,Asia,6.25
6439,2025-11,Colombo,Asia,6.43
6440,2025-12,Colombo,Asia,6.51
6441,2026-01,Colombo,Asia,6.45
6442,2026-02,Colombo,Asia,6.62
6443,2026-03,Colombo,Asia,6.58
6444,2025-10,Colombo,Asia,6.25
6445,2025-11,Colombo,Asia,6.43
6446,2025-12,Colombo,Asia,6.51
6447,2026-01,Colombo,Asia,6.45
6448,2026-02,Colombo,Asia,6.62
6449,2026-03,Colombo,Asia,6.58
6450,2025-10,Colombo,Asia,6.25
6451,2025-11,Colombo,Asia,6.43
6452,2025-12,Colombo,Asia,6.51
6453,2026-01,Colombo,Asia,6.45
6454,2026-02,Colombo,Asia,6.62
6455,2026-03,Colombo,Asia,6.58
6456,2025-10,Colombo,Asia,6.25
6457,2025-11,Colombo,Asia,6.43
6458,2025-12,Colombo,Asia,6.51
6459,2026-01,Colombo,Asia,6.45
6460,2026-02,Colombo,Asia,6.62
6461,2026-03,Colombo,Asia,6.58
6462,2025-10,Colombo,Asia,6.25
6463,2025-11,Colombo,Asia,6.43
6464,2025-12,Colombo,Asia,6.51
6465,2026-01,Colombo,Asia,6.45
6466,2026-02,Colombo,Asia,6.62
6467,2026-03,Colombo,Asia,6.58
6468,2025-10,Kathmandu,Asia,3.5
6469,2025-11,Kathmandu,Asia,3.59
6470,2025-12,Kathmandu,Asia,3.63
6471,2026-01,Kathmandu,Asia,3.67
6472,2026-02,Kathmandu,Asia,3.72
6473,2026-03,Kathmandu,Asia,3.73
6474,2025-10,Kathmandu,Asia,3.5
6475,2025-11,Kathmandu,Asia,3.59
6476,2025-12,Kathmandu,Asia,3.63
6477,2026-01,Kathmandu,Asia,3.67
6478,2026-02,Kathmandu,Asia,3.72
6479,2026-03,Kathmandu,Asia,3.73
6480,2025-10,Kathmandu,Asia,3.5
6481,2025-11,Kathmandu,Asia,3.59
6482,2025-12,Kathmandu,Asia,3.63
6483,2026-01,Kathmandu,Asia,3.67
6484,2026-02,Kathmandu,Asia,3.72
6485,2026-03,Kathmandu,Asia,3.73
6486,2025-10,Kathmandu,Asia,3.5
6487,2025-11,Kathmandu,Asia,3.59
6488,2025-12,Kathmandu,Asia,3.63
6489,2026-01,Kathmandu,Asia,3.67
6490,2026-02,Kathmandu,Asia,3.72
6491,2026-03,Kathmandu,Asia,3.73
6492,2025-10,Kathmandu,Asia,3.5
6493,2025-11,Kathmandu,Asia,3.59
6494,2025-12,Kathmandu,Asia,3.63
6495,2026-01,Kathmandu,Asia,3.67
6496,2026-02,Kathmandu,Asia,3.72
6497,2026-03,Kathmandu,Asia,3.73
6498,2025-10,Kathmandu,Asia,3.5
6499,2025-11,Kathmandu,Asia,3.59
6500,2025-12,Kathmandu,Asia,3.63
6501,2026-01,Kathmandu,Asia,3.67
6502,2026-02,Kathmandu,Asia,3.72
6503,2026-03,Kathmandu,Asia,3.73
6504,2025-10,Kathmandu,Asia,3.5
6505,2025-11,Kathmandu,Asia,3.59
6506,2025-12,Kathmandu,Asia,3.63
6507,2026-01,Kathmandu,Asia,3.67
6508,2026-02,Kathmandu,Asia,3.72
6509,2026-03,Kathmandu,Asia,3.73
6510,2025-10,Kathmandu,Asia,3.5
6511,2025-11,Kathmandu,Asia,3.59
6512,2025-12,Kathmandu,Asia,3.63
6513,2026-01,Kathmandu,Asia,3.67
6514,2026-02,Kathmandu,Asia,3.72
6515,2026-03,Kathmandu,Asia,3.73
6516,2025-10,Kathmandu,Asia,3.5
6517,2025-11,Kathmandu,Asia,3.59
6518,2025-12,Kathmandu,Asia,3.63
6519,2026-01,Kathmandu,Asia,3.67
6520,2026-02,Kathmandu,Asia,3.72
6521,2026-03,Kathmandu,Asia,3.73
6522,2025-10,Kathmandu,Asia,3.5
6523,2025-11,Kathmandu,Asia,3.59
6524,2025-12,Kathmandu,Asia,3.63
6525,2026-01,Kathmandu,Asia,3.67
6526,2026-02,Kathmandu,Asia,3.72
6527,2026-03,Kathmandu,Asia,3.73
6528,2025-10,Kathmandu,Asia,3.5
6529,2025-11,Kathmandu,Asia,3.59
6530,2025-12,Kathmandu,Asia,3.63
6531,2026-01,Kathmandu,Asia,3.67
6532,2026-02,Kathmandu,Asia,3.72
6533,2026-03,Kathmandu,Asia,3.73
6534,2025-10,Kathmandu,Asia,3.5
6535,2025-11,Kathmandu,Asia,3.59
6536,2025-12,Kathmandu,Asia,3.63
6537,2026-01,Kathmandu,Asia,3.67
6538,2026-02,Kathmandu,Asia,3.72
6539,2026-03,Kathmandu,Asia,3.73
6540,2025-10,Kathmandu,Asia,3.5
6541,2025-11,Kathmandu,Asia,3.59
6542,2025-12,Kathmandu,Asia,3.63
6543,2026-01,Kathmandu,Asia,3.67
6544,2026-02,Kathmandu,Asia,3.72
6545,2026-03,Kathmandu,Asia,3.73
6546,2025-10,Kathmandu,Asia,3.5
6547,2025-11,Kathmandu,Asia,3.59
6548,2025-12,Kathmandu,Asia,3.63
6549,2026-01,Kathmandu,Asia,3.67
6550,2026-02,Kathmandu,Asia,3.72
6551,2026-03,Kathmandu,Asia,3.73
6552,2025-10,Tokyo,Asia,10.19
6553,2025-11,Tokyo,Asia,10.49
6554,2025-12,Tokyo,Asia,10.66
6555,2026-01,Tokyo,Asia,10.36
6556,2026-02,Tokyo,Asia,10.86
6557,2026-03,Tokyo,Asia,10.65
6558,2025-10,Tokyo,Asia,10.19
6559,2025-11,Tokyo,Asia,10.49
6560,2025-12,Tokyo,Asia,10.66
6561,2026-01,Tokyo,Asia,10.36
6562,2026-02,Tokyo,Asia,10.86
6563,2026-03,Tokyo,Asia,10.65
6564,2025-10,Tokyo,Asia,10.19
6565,2025-11,Tokyo,Asia,10.49
6566,2025-12,Tokyo,Asia,10.66
6567,2026-01,Tokyo,Asia,10.36
6568,2026-02,Tokyo,Asia,10.86
6569,2026-03,Tokyo,Asia,10.65
6570,2025-10,Tokyo,Asia,10.19
6571,2025-11,Tokyo,Asia,10.49
6572,2025-12,Tokyo,Asia,10.66
6573,2026-01,Tokyo,Asia,10.36
6574,2026-02,Tokyo,Asia,10.86
6575,2026-03,Tokyo,Asia,10.65
6576,2025-10,Tokyo,Asia,10.19
6577,2025-11,Tokyo,Asia,10.49
6578,2025-12,Tokyo,Asia,10.66
6579,2026-01,Tokyo,Asia,10.36
6580,2026-02,Tokyo,Asia,10.86
6581,2026-03,Tokyo,Asia,10.65
6582,2025-10,Tokyo,Asia,10.19
6583,2025-11,Tokyo,Asia,10.49
6584,2025-12,Tokyo,Asia,10.66
6585,2026-01,Tokyo,Asia,10.36
6586,2026-02,Tokyo,Asia,10.86
6587,2026-03,Tokyo,Asia,10.65
6588,2025-10,Tokyo,Asia,10.19
6589,2025-11,Tokyo,Asia,10.49
6590,2025-12,Tokyo,Asia,10.66
6591,2026-01,Tokyo,Asia,10.36
6592,2026-02,Tokyo,Asia,10.86
6593,2026-03,Tokyo,Asia,10.65
6594,2025-10,Tokyo,Asia,10.19
6595,2025-11,Tokyo,Asia,10.49
6596,2025-12,Tokyo,Asia,10.66
6597,2026-01,Tokyo,Asia,10.36
6598,2026-02,Tokyo,Asia,10.86
6599,2026-03,Tokyo,Asia,10.65
6600,2025-10,Tokyo,Asia,10.19
6601,2025-11,Tokyo,Asia,10.49
6602,2025-12,Tokyo,Asia,10.66
6603,2026-01,Tokyo,Asia,10.36
6604,2026-02,Tokyo,Asia,10.86
6605,2026-03,Tokyo,Asia,10.65
6606,2025-10,Tokyo,Asia,10.19
6607,2025-11,Tokyo,Asia,10.49
6608,2025-12,Tokyo,Asia,10.66
6609,2026-01,Tokyo,Asia,10.36
6610,2026-02,Tokyo,Asia,10.86
6611,2026-03,Tokyo,Asia,10.65
6612,2025-10,Tokyo,Asia,10.19
6613,2025-11,Tokyo,Asia,10.49
6614,2025-12,Tokyo,Asia,10.66
6615,2026-01,Tokyo,Asia,10.36
6616,2026-02,Tokyo,Asia,10.86
6617,2026-03,Tokyo,Asia,10.65
6618,2025-10,Tokyo,Asia,10.19
6619,2025-11,Tokyo,Asia,10.49
6620,2025-12,Tokyo,Asia,10.66
6621,2026-01,Tokyo,Asia,10.36
6622,2026-02,Tokyo,Asia,10.86
6623,2026-03,Tokyo,Asia,10.65
6624,2025-10,Tokyo,Asia,10.19
6625,2025-11,Tokyo,Asia,10.49
6626,2025-12,Tokyo,Asia,10.66
6627,2026-01,Tokyo,Asia,10.36
6628,2026-02,Tokyo,Asia,10.86
6629,2026-03,Tokyo,Asia,10.65
6630,2025-10,Tokyo,Asia,10.19
6631,2025-11,Tokyo,Asia,10.49
6632,2025-12,Tokyo,Asia,10.66
6633,2026-01,Tokyo,Asia,10.36
6634,2026-02,Tokyo,Asia,10.86
6635,2026-03,Tokyo,Asia,10.65
6636,2025-10,Osaka,Asia,10.01
6637,2025-11,Osaka,Asia,9.94
6638,2025-12,Osaka,Asia,10.1
6639,2026-01,Osaka,Asia,9.97
6640,2026-02,Osaka,Asia,10.33
6641,2026-03,Osaka,Asia,10.16
6642,2025-10,Osaka,Asia,10.01
6643,2025-11,Osaka,Asia,9.94
6644,2025-12,Osaka,Asia,10.1
6645,2026-01,Osaka,Asia,9.97
6646,2026-02,Osaka,Asia,10.33
6647,2026-03,Osaka,Asia,10.16
6648,2025-10,Osaka,Asia,10.01
6649,2025-11,Osaka,Asia,9.94
6650,2025-12,Osaka,Asia,10.1
6651,2026-01,Osaka,Asia,9.97
6652,2026-02,Osaka,Asia,10.33
6653,2026-03,Osaka,Asia,10.16
6654,2025-10,Osaka,Asia,10.01
6655,2025-11,Osaka,Asia,9.94
6656,2025-12,Osaka,Asia,10.1
6657,2026-01,Osaka,Asia,9.97
6658,2026-02,Osaka,Asia,10.33
6659,2026-03,Osaka,Asia,10.16
6660,2025-10,Osaka,Asia,10.01
6661,2025-11,Osaka,Asia,9.94
6662,2025-12,Osaka,Asia,10.1
6663,2026-01,Osaka,Asia,9.97
6664,2026-02,Osaka,Asia,10.33
6665,2026-03,Osaka,Asia,10.16
6666,2025-10,Osaka,Asia,10.01
6667,2025-11,Osaka,Asia,9.94
6668,2025-12,Osaka,Asia,10.1
6669,2026-01,Osaka,Asia,9.97
6670,2026-02,Osaka,Asia,10.33
6671,2026-03,Osaka,Asia,10.16
6672,2025-10,Osaka,Asia,10.01
6673,2025-11,Osaka,Asia,9.94
6674,2025-12,Osaka,Asia,10.1
6675,2026-01,Osaka,Asia,9.97
6676,2026-02,Osaka,Asia,10.33
6677,2026-03,Osaka,Asia,10.16
6678,2025-10,Osaka,Asia,10.01
6679,2025-11,Osaka,Asia,9.94
6680,2025-12,Osaka,Asia,10.1
6681,2026-01,Osaka,Asia,9.97
6682,2026-02,Osaka,Asia,10.33
6683,2026-03,Osaka,Asia,10.16
6684,2025-10,Osaka,Asia,10.01
6685,2025-11,Osaka,Asia,9.94
6686,2025-12,Osaka,Asia,10.1
6687,2026-01,Osaka,Asia,9.97
6688,2026-02,Osaka,Asia,10.33
6689,2026-03,Osaka,Asia,10.16
6690,2025-10,Osaka,Asia,10.01
6691,2025-11,Osaka,Asia,9.94
6692,2025-12,Osaka,Asia,10.1
6693,2026-01,Osaka,Asia,9.97
6694,2026-02,Osaka,Asia,10.33
6695,2026-03,Osaka,Asia,10.16
6696,2025-10,Osaka,Asia,10.01
6697,2025-11,Osaka,Asia,9.94
6698,2025-12,Osaka,Asia,10.1
6699,2026-01,Osaka,Asia,9.97
6700,2026-02,Osaka,Asia,10.33
6701,2026-03,Osaka,Asia,10.16
6702,2025-10,Osaka,Asia,10.01
6703,2025-11,Osaka,Asia,9.94
6704,2025-12,Osaka,Asia,10.1
6705,2026-01,Osaka,Asia,9.97
6706,2026-02,Osaka,Asia,10.33
6707,2026-03,Osaka,Asia,10.16
6708,2025-10,Osaka,Asia,10.01
6709,2025-11,Osaka,Asia,9.94
6710,2025-12,Osaka,Asia,10.1
6711,2026-01,Osaka,Asia,9.97
6712,2026-02,Osaka,Asia,10.33
6713,2026-03,Osaka,Asia,10.16
6714,2025-10,Osaka,Asia,10.01
6715,2025-11,Osaka,Asia,9.94
6716,2025-12,Osaka,Asia,10.1
6717,2026-01,Osaka,Asia,9.97
6718,2026-02,Osaka,Asia,10.33
6719,2026-03,Osaka,Asia,10.16
6720,2025-10,Seoul,Asia,15.3
6721,2025-11,Seoul,Asia,15.33
6722,2025-12,Seoul,Asia,15.27
6723,2026-01,Seoul,Asia,15.63
6724,2026-02,Seoul,Asia,15.54
6725,2026-03,Seoul,Asia,15.53
6726,2025-10,Seoul,Asia,15.3
6727,2025-11,Seoul,Asia,15.33
6728,2025-12,Seoul,Asia,15.27
6729,2026-01,Seoul,Asia,15.63
6730,2026-02,Seoul,Asia,15.54
6731,2026-03,Seoul,Asia,15.53
6732,2025-10,Seoul,Asia,15.3
6733,2025-11,Seoul,Asia,15.33
6734,2025-12,Seoul,Asia,15.27
6735,2026-01,Seoul,Asia,15.63
6736,2026-02,Seoul,Asia,15.54
6737,2026-03,Seoul,Asia,15.53
6738,2025-10,Seoul,Asia,15.3
6739,2025-11,Seoul,Asia,15.33
6740,2025-12,Seoul,Asia,15.27
6741,2026-01,Seoul,Asia,15.63
6742,2026-02,Seoul,Asia,15.54
6743,2026-03,Seoul,Asia,15.53
6744,2025-10,Seoul,Asia,15.3
6745,2025-11,Seoul,Asia,15.33
6746,2025-12,Seoul,Asia,15.27
6747,2026-01,Seoul,Asia,15.63
6748,2026-02,Seoul,Asia,15.54
6749,2026-03,Seoul,Asia,15.53
6750,2025-10,Seoul,Asia,15.3
6751,2025-11,Seoul,Asia,15.33
6752,2025-12,Seoul,Asia,15.27
6753,2026-01,Seoul,Asia,15.63
6754,2026-02,Seoul,Asia,15.54
6755,2026-03,Seoul,Asia,15.53
6756,2025-10,Seoul,Asia,15.3
6757,2025-11,Seoul,Asia,15.33
6758,2025-12,Seoul,Asia,15.27
6759,2026-01,Seoul,Asia,15.63
6760,2026-02,Seoul,Asia,15.54
6761,2026-03,Seoul,Asia,15.53
6762,2025-10,Seoul,Asia,15.3
6763,2025-11,Seoul,Asia,15.33
6764,2025-12,Seoul,Asia,15.27
6765,2026-01,Seoul,Asia,15.63
6766,2026-02,Seoul,Asia,15.54
6767,2026-03,Seoul,Asia,15.53
6768,2025-10,Seoul,Asia,15.3
6769,2025-11,Seoul,Asia,15.33
6770,2025-12,Seoul,Asia,15.27
6771,2026-01,Seoul,Asia,15.63
6772,2026-02,Seoul,Asia,15.54
6773,2026-03,Seoul,Asia,15.53
6774,2025-10,Seoul,Asia,15.3
6775,2025-11,Seoul,Asia,15.33
6776,2025-12,Seoul,Asia,15.27
6777,2026-01,Seoul,Asia,15.63
6778,2026-02,Seoul,Asia,15.54
6779,2026-03,Seoul,Asia,15.53
6780,2025-10,Seoul,Asia,15.3
6781,2025-11,Seoul,Asia,15.33
6782,2025-12,Seoul,Asia,15.27
6783,2026-01,Seoul,Asia,15.63
6784,2026-02,Seoul,Asia,15.54
6785,2026-03,Seoul,Asia,15.53
6786,2025-10,Seoul,Asia,15.3
6787,2025-11,Seoul,Asia,15.33
6788,2025-12,Seoul,Asia,15.27
6789,2026-01,Seoul,Asia,15.63
6790,2026-02,Seoul,Asia,15.54
6791,2026-03,Seoul,Asia,15.53
6792,2025-10,Seoul,Asia,15.3
6793,2025-11,Seoul,Asia,15.33
6794,2025-12,Seoul,Asia,15.27
6795,2026-01,Seoul,Asia,15.63
6796,2026-02,Seoul,Asia,15.54
6797,2026-03,Seoul,Asia,15.53
6798,2025-10,Seoul,Asia,15.3
6799,2025-11,Seoul,Asia,15.33
6800,2025-12,Seoul,Asia,15.27
6801,2026-01,Seoul,Asia,15.63
6802,2026-02,Seoul,Asia,15.54
6803,2026-03,Seoul,Asia,15.53
6804,2025-10,Beijing,Asia,12.12
6805,2025-11,Beijing,Asia,12.44
6806,2025-12,Beijing,Asia,12.28
6807,2026-01,Beijing,Asia,12.14
6808,2026-02,Beijing,Asia,12.63
6809,2026-03,Beijing,Asia,12.5
6810,2025-10,Beijing,Asia,12.12
6811,2025-11,Beijing,Asia,12.44
6812,2025-12,Beijing,Asia,12.28
6813,2026-01,Beijing,Asia,12.14
6814,2026-02,Beijing,Asia,12.63
6815,2026-03,Beijing,Asia,12.5
6816,2025-10,Beijing,Asia,12.12
6817,2025-11,Beijing,Asia,12.44
6818,2025-12,Beijing,Asia,12.28
6819,2026-01,Beijing,Asia,12.14
6820,2026-02,Beijing,Asia,12.63
6821,2026-03,Beijing,Asia,12.5
6822,2025-10,Beijing,Asia,12.12
6823,2025-11,Beijing,Asia,12.44
6824,2025-12,Beijing,Asia,12.28
6825,2026-01,Beijing,Asia,12.14
6826,2026-02,Beijing,Asia,12.63
6827,2026-03,Beijing,Asia,12.5
6828,2025-10,Beijing,Asia,12.12
6829,2025-11,Beijing,Asia,12.44
6830,2025-12,Beijing,Asia,12.28
6831,2026-01,Beijing,Asia,12.14
6832,2026-02,Beijing,Asia,12.63
6833,2026-03,Beijing,Asia,12.5
6834,2025-10,Beijing,Asia,12.12
6835,2025-11,Beijing,Asia,12.44
6836,2025-12,Beijing,Asia,12.28
6837,2026-01,Beijing,Asia,12.14
6838,2026-02,Beijing,Asia,12.63
6839,2026-03,Beijing,Asia,12.5
6840,2025-10,Beijing,Asia,12.12
6841,2025-11,Beijing,Asia,12.44
6842,2025-12,Beijing,Asia,12.28
6843,2026-01,Beijing,Asia,12.14
6844,2026-02,Beijing,Asia,12.63
6845,2026-03,Beijing,Asia,12.5
6846,2025-10,Beijing,Asia,12.12
6847,2025-11,Beijing,Asia,12.44
6848,2025-12,Beijing,Asia,12.28
6849,2026-01,Beijing,Asia,12.14
6850,2026-02,Beijing,Asia,12.63
6851,2026-03,Beijing,Asia,12.5
6852,2025-10,Beijing,Asia,12.12
6853,2025-11,Beijing,Asia,12.44
6854,2025-12,Beijing,Asia,12.28
6855,2026-01,Beijing,Asia,12.14
6856,2026-02,Beijing,Asia,12.63
6857,2026-03,Beijing,Asia,12.5
6858,2025-10,Beijing,Asia,12.12
6859,2025-11,Beijing,Asia,12.44
6860,2025-12,Beijing,Asia,12.28
6861,2026-01,Beijing,Asia,12.14
6862,2026-02,Beijing,Asia,12.63
6863,2026-03,Beijing,Asia,12.5
6864,2025-10,Beijing,Asia,12.12
6865,2025-11,Beijing,Asia,12.44
6866,2025-12,Beijing,Asia,12.28
6867,2026-01,Beijing,Asia,12.14
6868,2026-02,Beijing,Asia,12.63
6869,2026-03,Beijing,Asia,12.5
6870,2025-10,Beijing,Asia,12.12
6871,2025-11,Beijing,Asia,12.44
6872,2025-12,Beijing,Asia,12.28
6873,2026-01,Beijing,Asia,12.14
6874,2026-02,Beijing,Asia,12.63
6875,2026-03,Beijing,Asia,12.5
6876,2025-10,Beijing,Asia,12.12
6877,2025-11,Beijing,Asia,12.44
6878,2025-12,Beijing,Asia,12.28
6879,2026-01,Beijing,Asia,12.14
6880,2026-02,Beijing,Asia,12.63
6881,2026-03,Beijing,Asia,12.5
6882,2025-10,Beijing,Asia,12.12
6883,2025-11,Beijing,Asia,12.44
6884,2025-12,Beijing,Asia,12.28
6885,2026-01,Beijing,Asia,12.14
6886,2026-02,Beijing,Asia,12.63
6887,2026-03,Beijing,Asia,12.5
6888,2025-10,Shanghai,Asia,12.48
6889,2025-11,Shanghai,Asia,12.49
6890,2025-12,Shanghai,Asia,12.44
6891,2026-01,Shanghai,Asia,12.33
6892,2026-02,Shanghai,Asia,12.94
6893,2026-03,Shanghai,Asia,12.74
6894,2025-10,Shanghai,Asia,12.48
6895,2025-11,Shanghai,Asia,12.49
6896,2025-12,Shanghai,Asia,12.44
6897,2026-01,Shanghai,Asia,12.33
6898,2026-02,Shanghai,Asia,12.94
6899,2026-03,Shanghai,Asia,12.74
6900,2025-10,Shanghai,Asia,12.48
6901,2025-11,Shanghai,Asia,12.49
6902,2025-12,Shanghai,Asia,12.44
6903,2026-01,Shanghai,Asia,12.33
6904,2026-02,Shanghai,Asia,12.94
6905,2026-03,Shanghai,Asia,12.74
6906,2025-10,Shanghai,Asia,12.48
6907,2025-11,Shanghai,Asia,12.49
6908,2025-12,Shanghai,Asia,12.44
6909,2026-01,Shanghai,Asia,12.33
6910,2026-02,Shanghai,Asia,12.94
6911,2026-03,Shanghai,Asia,12.74
6912,2025-10,Shanghai,Asia,12.48
6913,2025-11,Shanghai,Asia,12.49
6914,2025-12,Shanghai,Asia,12.44
6915,2026-01,Shanghai,Asia,12.33
6916,2026-02,Shanghai,Asia,12.94
6917,2026-03,Shanghai,Asia,12.74
6918,2025-10,Shanghai,Asia,12.48
6919,2025-11,Shanghai,Asia,12.49
6920,2025-12,Shanghai,Asia,12.44
6921,2026-01,Shanghai,Asia,12.33
6922,2026-02,Shanghai,Asia,12.94
6923,2026-03,Shanghai,Asia,12.74
6924,2025-10,Shanghai,Asia,12.48
6925,2025-11,Shanghai,Asia,12.49
6926,2025-12,Shanghai,Asia,12.44
6927,2026-01,Shanghai,Asia,12.33
6928,2026-02,Shanghai,Asia,12.94
6929,2026-03,Shanghai,Asia,12.74
6930,2025-10,Shanghai,Asia,12.48
6931,2025-11,Shanghai,Asia,12.49
6932,2025-12,Shanghai,Asia,12.44
6933,2026-01,Shanghai,Asia,12.33
6934,2026-02,Shanghai,Asia,12.94
6935,2026-03,Shanghai,Asia,12.74
6936,2025-10,Shanghai,Asia,12.48
6937,2025-11,Shanghai,Asia,12.49
6938,2025-12,Shanghai,Asia,12.44
6939,2026-01,Shanghai,Asia,12.33
6940,2026-02,Shanghai,Asia,12.94
6941,2026-03,Shanghai,Asia,12.74
6942,2025-10,Shanghai,Asia,12.48
6943,2025-11,Shanghai,Asia,12.49
6944,2025-12,Shanghai,Asia,12.44
6945,2026-01,Shanghai,Asia,12.33
6946,2026-02,Shanghai,Asia,12.94
6947,2026-03,Shanghai,Asia,12.74
6948,2025-10,Shanghai,Asia,12.48
6949,2025-11,Shanghai,Asia,12.49
6950,2025-12,Shanghai,Asia,12.44
6951,2026-01,Shanghai,Asia,12.33
6952,2026-02,Shanghai,Asia,12.94
6953,2026-03,Shanghai,Asia,12.74
6954,2025-10,Shanghai,Asia,12.48
6955,2025-11,Shanghai,Asia,12.49
6956,2025-12,Shanghai,Asia,12.44
6957,2026-01,Shanghai,Asia,12.33
6958,2026-02,Shanghai,Asia,12.94
6959,2026-03,Shanghai,Asia,12.74
6960,2025-10,Shanghai,Asia,12.48
6961,2025-11,Shanghai,Asia,12.49
6962,2025-12,Shanghai,Asia,12.44
6963,2026-01,Shanghai,Asia,12.33
6964,2026-02,Shanghai,Asia,12.94
6965,2026-03,Shanghai,Asia,12.74
6966,2025-10,Shanghai,Asia,12.48
6967,2025-11,Shanghai,Asia,12.49
6968,2025-12,Shanghai,Asia,12.44
6969,2026-01,Shanghai,Asia,12.33
6970,2026-02,Shanghai,Asia,12.94
6971,2026-03,Shanghai,Asia,12.74
6972,2025-10,Guangzhou,Asia,11.79
6973,2025-11,Guangzhou,Asia,11.95
6974,2025-12,Guangzhou,Asia,12.27
6975,2026-01,Guangzhou,Asia,12.11
6976,2026-02,Guangzhou,Asia,12.24
6977,2026-03,Guangzhou,Asia,12.16
6978,2025-10,Guangzhou,Asia,11.79
6979,2025-11,Guangzhou,Asia,11.95
6980,2025-12,Guangzhou,Asia,12.27
6981,2026-01,Guangzhou,Asia,12.11
6982,2026-02,Guangzhou,Asia,12.24
6983,2026-03,Guangzhou,Asia,12.16
6984,2025-10,Guangzhou,Asia,11.79
6985,2025-11,Guangzhou,Asia,11.95
6986,2025-12,Guangzhou,Asia,12.27
6987,2026-01,Guangzhou,Asia,12.11
6988,2026-02,Guangzhou,Asia,12.24
6989,2026-03,Guangzhou,Asia,12.16
6990,2025-10,Guangzhou,Asia,11.79
6991,2025-11,Guangzhou,Asia,11.95
6992,2025-12,Guangzhou,Asia,12.27
6993,2026-01,Guangzhou,Asia,12.11
6994,2026-02,Guangzhou,Asia,12.24
6995,2026-03,Guangzhou,Asia,12.16
6996,2025-10,Guangzhou,Asia,11.79
6997,2025-11,Guangzhou,Asia,11.95
6998,2025-12,Guangzhou,Asia,12.27
6999,2026-01,Guangzhou,Asia,12.11
7000,2026-02,Guangzhou,Asia,12.24
7001,2026-03,Guangzhou,Asia,12.16
7002,2025-10,Guangzhou,Asia,11.79
7003,2025-11,Guangzhou,Asia,11.95
7004,2025-12,Guangzhou,Asia,12.27
7005,2026-01,Guangzhou,Asia,12.11
7006,2026-02,Guangzhou,Asia,12.24
7007,2026-03,Guangzhou,Asia,12.16
7008,2025-10,Guangzhou,Asia,11.79
7009,2025-11,Guangzhou,Asia,11.95
7010,2025-12,Guangzhou,Asia,12.27
7011,2026-01,Guangzhou,Asia,12.11
7012,2026-02,Guangzhou,Asia,12.24
7013,2026-03,Guangzhou,Asia,12.16
7014,2025-10,Guangzhou,Asia,11.79
7015,2025-11,Guangzhou,Asia,11.95
7016,2025-12,Guangzhou,Asia,12.27
7017,2026-01,Guangzhou,Asia,12.11
7018,2026-02,Guangzhou,Asia,12.24
7019,2026-03,Guangzhou,Asia,12.16
7020,2025-10,Guangzhou,Asia,11.79
7021,2025-11,Guangzhou,Asia,11.95
7022,2025-12,Guangzhou,Asia,12.27
7023,2026-01,Guangzhou,Asia,12.11
7024,2026-02,Guangzhou,Asia,12.24
7025,2026-03,Guangzhou,Asia,12.16
7026,2025-10,Guangzhou,Asia,11.79
7027,2025-11,Guangzhou,Asia,11.95
7028,2025-12,Guangzhou,Asia,12.27
7029,2026-01,Guangzhou,Asia,12.11
7030,2026-02,Guangzhou,Asia,12.24
7031,2026-03,Guangzhou,Asia,12.16
7032,2025-10,Guangzhou,Asia,11.79
7033,2025-11,Guangzhou,Asia,11.95
7034,2025-12,Guangzhou,Asia,12.27
7035,2026-01,Guangzhou,Asia,12.11
7036,2026-02,Guangzhou,Asia,12.24
7037,2026-03,Guangzhou,Asia,12.16
7038,2025-10,Guangzhou,Asia,11.79
7039,2025-11,Guangzhou,Asia,11.95
7040,2025-12,Guangzhou,Asia,12.27
7041,2026-01,Guangzhou,Asia,12.11
7042,2026-02,Guangzhou,Asia,12.24
7043,2026-03,Guangzhou,Asia,12.16
7044,2025-10,Guangzhou,Asia,11.79
7045,2025-11,Guangzhou,Asia,11.95
7046,2025-12,Guangzhou,Asia,12.27
7047,2026-01,Guangzhou,Asia,12.11
7048,2026-02,Guangzhou,Asia,12.24
7049,2026-03,Guangzhou,Asia,12.16
7050,2025-10,Guangzhou,Asia,11.79
7051,2025-11,Guangzhou,Asia,11.95
7052,2025-12,Guangzhou,Asia,12.27
7053,2026-01,Guangzhou,Asia,12.11
7054,2026-02,Guangzhou,Asia,12.24
7055,2026-03,Guangzhou,Asia,12.16
7056,2025-10,Shenzhen,Asia,12.1
7057,2025-11,Shenzhen,Asia,12.29
7058,2025-12,Shenzhen,Asia,12.34
7059,2026-01,Shenzhen,Asia,12.52
7060,2026-02,Shenzhen,Asia,12.48
7061,2026-03,Shenzhen,Asia,12.5
7062,2025-10,Shenzhen,Asia,12.1
7063,2025-11,Shenzhen,Asia,12.29
7064,2025-12,Shenzhen,Asia,12.34
7065,2026-01,Shenzhen,Asia,12.52
7066,2026-02,Shenzhen,Asia,12.48
7067,2026-03,Shenzhen,Asia,12.5
7068,2025-10,Shenzhen,Asia,12.1
7069,2025-11,Shenzhen,Asia,12.29
7070,2025-12,Shenzhen,Asia,12.34
7071,2026-01,Shenzhen,Asia,12.52
7072,2026-02,Shenzhen,Asia,12.48
7073,2026-03,Shenzhen,Asia,12.5
7074,2025-10,Shenzhen,Asia,12.1
7075,2025-11,Shenzhen,Asia,12.29
7076,2025-12,Shenzhen,Asia,12.34
7077,2026-01,Shenzhen,Asia,12.52
7078,2026-02,Shenzhen,Asia,12.48
7079,2026-03,Shenzhen,Asia,12.5
7080,2025-10,Shenzhen,Asia,12.1
7081,2025-11,Shenzhen,Asia,12.29
7082,2025-12,Shenzhen,Asia,12.34
7083,2026-01,Shenzhen,Asia,12.52
7084,2026-02,Shenzhen,Asia,12.48
7085,2026-03,Shenzhen,Asia,12.5
7086,2025-10,Shenzhen,Asia,12.1
7087,2025-11,Shenzhen,Asia,12.29
7088,2025-12,Shenzhen,Asia,12.34
7089,2026-01,Shenzhen,Asia,12.52
7090,2026-02,Shenzhen,Asia,12.48
7091,2026-03,Shenzhen,Asia,12.5
7092,2025-10,Shenzhen,Asia,12.1
7093,2025-11,Shenzhen,Asia,12.29
7094,2025-12,Shenzhen,Asia,12.34
7095,2026-01,Shenzhen,Asia,12.52
7096,2026-02,Shenzhen,Asia,12.48
7097,2026-03,Shenzhen,Asia,12.5
7098,2025-10,Shenzhen,Asia,12.1
7099,2025-11,Shenzhen,Asia,12.29
7100,2025-12,Shenzhen,Asia,12.34
7101,2026-01,Shenzhen,Asia,12.52
7102,2026-02,Shenzhen,Asia,12.48
7103,2026-03,Shenzhen,Asia,12.5
7104,2025-10,Shenzhen,Asia,12.1
7105,2025-11,Shenzhen,Asia,12.29
7106,2025-12,Shenzhen,Asia,12.34
7107,2026-01,Shenzhen,Asia,12.52
7108,2026-02,Shenzhen,Asia,12.48
7109,2026-03,Shenzhen,Asia,12.5
7110,2025-10,Shenzhen,Asia,12.1
7111,2025-11,Shenzhen,Asia,12.29
7112,2025-12,Shenzhen,Asia,12.34
7113,2026-01,Shenzhen,Asia,12.52
7114,2026-02,Shenzhen,Asia,12.48
7115,2026-03,Shenzhen,Asia,12.5
7116,2025-10,Shenzhen,Asia,12.1
7117,2025-11,Shenzhen,Asia,12.29
7118,2025-12,Shenzhen,Asia,12.34
7119,2026-01,Shenzhen,Asia,12.52
7120,2026-02,Shenzhen,Asia,12.48
7121,2026-03,Shenzhen,Asia,12.5
7122,2025-10,Shenzhen,Asia,12.1
7123,2025-11,Shenzhen,Asia,12.29
7124,2025-12,Shenzhen,Asia,12.34
7125,2026-01,Shenzhen,Asia,12.52
7126,2026-02,Shenzhen,Asia,12.48
7127,2026-03,Shenzhen,Asia,12.5
7128,2025-10,Shenzhen,Asia,12.1
7129,2025-11,Shenzhen,Asia,12.29
7130,2025-12,Shenzhen,Asia,12.34
7131,2026-01,Shenzhen,Asia,12.52
7132,2026-02,Shenzhen,Asia,12.48
7133,2026-03,Shenzhen,Asia,12.5
7134,2025-10,Shenzhen,Asia,12.1
7135,2025-11,Shenzhen,Asia,12.29
7136,2025-12,Shenzhen,Asia,12.34
7137,2026-01,Shenzhen,Asia,12.52
7138,2026-02,Shenzhen,Asia,12.48
7139,2026-03,Shenzhen,Asia,12.5
7140,2025-10,Hong Kong,Asia,19.09
7141,2025-11,Hong Kong,Asia,19.11
7142,2025-12,Hong Kong,Asia,19.44
7143,2026-01,Hong Kong,Asia,19.0
7144,2026-02,Hong Kong,Asia,19.1
7145,2026-03,Hong Kong,Asia,19.25
7146,2025-10,Hong Kong,Asia,19.09
7147,2025-11,Hong Kong,Asia,19.11
7148,2025-12,Hong Kong,Asia,19.44
7149,2026-01,Hong Kong,Asia,19.0
7150,2026-02,Hong Kong,Asia,19.1
7151,2026-03,Hong Kong,Asia,19.25
7152,2025-10,Hong Kong,Asia,19.09
7153,2025-11,Hong Kong,Asia,19.11
7154,2025-12,Hong Kong,Asia,19.44
7155,2026-01,Hong Kong,Asia,19.0
7156,2026-02,Hong Kong,Asia,19.1
7157,2026-03,Hong Kong,Asia,19.25
7158,2025-10,Hong Kong,Asia,19.09
7159,2025-11,Hong Kong,Asia,19.11
7160,2025-12,Hong Kong,Asia,19.44
7161,2026-01,Hong Kong,Asia,19.0
7162,2026-02,Hong Kong,Asia,19.1
7163,2026-03,Hong Kong,Asia,19.25
7164,2025-10,Hong Kong,Asia,19.09
7165,2025-11,Hong Kong,Asia,19.11
7166,2025-12,Hong Kong,Asia,19.44
7167,2026-01,Hong Kong,Asia,19.0
7168,2026-02,Hong Kong,Asia,19.1
7169,2026-03,Hong Kong,Asia,19.25
7170,2025-10,Hong Kong,Asia,19.09
7171,2025-11,Hong Kong,Asia,19.11
7172,2025-12,Hong Kong,Asia,19.44
7173,2026-01,Hong Kong,Asia,19.0
7174,2026-02,Hong Kong,Asia,19.1
7175,2026-03,Hong Kong,Asia,19.25
7176,2025-10,Hong Kong,Asia,19.09
7177,2025-11,Hong Kong,Asia,19.11
7178,2025-12,Hong Kong,Asia,19.44
7179,2026-01,Hong Kong,Asia,19.0
7180,2026-02,Hong Kong,Asia,19.1
7181,2026-03,Hong Kong,Asia,19.25
7182,2025-10,Hong Kong,Asia,19.09
7183,2025-11,Hong Kong,Asia,19.11
7184,2025-12,Hong Kong,Asia,19.44
7185,2026-01,Hong Kong,Asia,19.0
7186,2026-02,Hong Kong,Asia,19.1
7187,2026-03,Hong Kong,Asia,19.25
7188,2025-10,Hong Kong,Asia,19.09
7189,2025-11,Hong Kong,Asia,19.11
7190,2025-12,Hong Kong,Asia,19.44
7191,2026-01,Hong Kong,Asia,19.0
7192,2026-02,Hong Kong,Asia,19.1
7193,2026-03,Hong Kong,Asia,19.25
7194,2025-10,Hong Kong,Asia,19.09
7195,2025-11,Hong Kong,Asia,19.11
7196,2025-12,Hong Kong,Asia,19.44
7197,2026-01,Hong Kong,Asia,19.0
7198,2026-02,Hong Kong,Asia,19.1
7199,2026-03,Hong Kong,Asia,19.25
7200,2025-10,Hong Kong,Asia,19.09
7201,2025-11,Hong Kong,Asia,19.11
7202,2025-12,Hong Kong,Asia,19.44
7203,2026-01,Hong Kong,Asia,19.0
7204,2026-02,Hong Kong,Asia,19.1
7205,2026-03,Hong Kong,Asia,19.25
7206,2025-10,Hong Kong,Asia,19.09
7207,2025-11,Hong Kong,Asia,19.11
7208,2025-12,Hong Kong,Asia,19.44
7209,2026-01,Hong Kong,Asia,19.0
7210,2026-02,Hong Kong,Asia,19.1
7211,2026-03,Hong Kong,Asia,19.25
7212,2025-10,Hong Kong,Asia,19.09
7213,2025-11,Hong Kong,Asia,19.11
7214,2025-12,Hong Kong,Asia,19.44
7215,2026-01,Hong Kong,Asia,19.0
7216,2026-02,Hong Kong,Asia,19.1
7217,2026-03,Hong Kong,Asia,19.25
7218,2025-10,Hong Kong,Asia,19.09
7219,2025-11,Hong Kong,Asia,19.11
7220,2025-12,Hong Kong,Asia,19.44
7221,2026-01,Hong Kong,Asia,19.0
7222,2026-02,Hong Kong,Asia,19.1
7223,2026-03,Hong Kong,Asia,19.25
7224,2025-10,Taipei,Asia,18.71
7225,2025-11,Taipei,Asia,18.83
7226,2025-12,Taipei,Asia,18.9
7227,2026-01,Taipei,Asia,19.09
7228,2026-02,Taipei,Asia,19.32
7229,2026-03,Taipei,Asia,19.21
7230,2025-10,Taipei,Asia,18.71
7231,2025-11,Taipei,Asia,18.83
7232,2025-12,Taipei,Asia,18.9
7233,2026-01,Taipei,Asia,19.09
7234,2026-02,Taipei,Asia,19.32
7235,2026-03,Taipei,Asia,19.21
7236,2025-10,Taipei,Asia,18.71
7237,2025-11,Taipei,Asia,18.83
7238,2025-12,Taipei,Asia,18.9
7239,2026-01,Taipei,Asia,19.09
7240,2026-02,Taipei,Asia,19.32
7241,2026-03,Taipei,Asia,19.21
7242,2025-10,Taipei,Asia,18.71
7243,2025-11,Taipei,Asia,18.83
7244,2025-12,Taipei,Asia,18.9
7245,2026-01,Taipei,Asia,19.09
7246,2026-02,Taipei,Asia,19.32
7247,2026-03,Taipei,Asia,19.21
7248,2025-10,Taipei,Asia,18.71
7249,2025-11,Taipei,Asia,18.83
7250,2025-12,Taipei,Asia,18.9
7251,2026-01,Taipei,Asia,19.09
7252,2026-02,Taipei,Asia,19.32
7253,2026-03,Taipei,Asia,19.21
7254,2025-10,Taipei,Asia,18.71
7255,2025-11,Taipei,Asia,18.83
7256,2025-12,Taipei,Asia,18.9
7257,2026-01,Taipei,Asia,19.09
7258,2026-02,Taipei,Asia,19.32
7259,2026-03,Taipei,Asia,19.21
7260,2025-10,Taipei,Asia,18.71
7261,2025-11,Taipei,Asia,18.83
7262,2025-12,Taipei,Asia,18.9
7263,2026-01,Taipei,Asia,19.09
7264,2026-02,Taipei,Asia,19.32
7265,2026-03,Taipei,Asia,19.21
7266,2025-10,Taipei,Asia,18.71
7267,2025-11,Taipei,Asia,18.83
7268,2025-12,Taipei,Asia,18.9
7269,2026-01,Taipei,Asia,19.09
7270,2026-02,Taipei,Asia,19.32
7271,2026-03,Taipei,Asia,19.21
7272,2025-10,Taipei,Asia,18.71
7273,2025-11,Taipei,Asia,18.83
7274,2025-12,Taipei,Asia,18.9
7275,2026-01,Taipei,Asia,19.09
7276,2026-02,Taipei,Asia,19.32
7277,2026-03,Taipei,Asia,19.21
7278,2025-10,Taipei,Asia,18.71
7279,2025-11,Taipei,Asia,18.83
7280,2025-12,Taipei,Asia,18.9
7281,2026-01,Taipei,Asia,19.09
7282,2026-02,Taipei,Asia,19.32
7283,2026-03,Taipei,Asia,19.21
7284,2025-10,Taipei,Asia,18.71
7285,2025-11,Taipei,Asia,18.83
7286,2025-12,Taipei,Asia,18.9
7287,2026-01,Taipei,Asia,19.09
7288,2026-02,Taipei,Asia,19.32
7289,2026-03,Taipei,Asia,19.21
7290,2025-10,Taipei,Asia,18.71
7291,2025-11,Taipei,Asia,18.83
7292,2025-12,Taipei,Asia,18.9
7293,2026-01,Taipei,Asia,19.09
7294,2026-02,Taipei,Asia,19.32
7295,2026-03,Taipei,Asia,19.21
7296,2025-10,Taipei,Asia,18.71
7297,2025-11,Taipei,Asia,18.83
7298,2025-12,Taipei,Asia,18.9
7299,2026-01,Taipei,Asia,19.09
7300,2026-02,Taipei,Asia,19.32
7301,2026-03,Taipei,Asia,19.21
7302,2025-10,Taipei,Asia,18.71
7303,2025-11,Taipei,Asia,18.83
7304,2025-12,Taipei,Asia,18.9
7305,2026-01,Taipei,Asia,19.09
7306,2026-02,Taipei,Asia,19.32
7307,2026-03,Taipei,Asia,19.21
7308,2025-10,Bangkok,Asia,7.73
7309,2025-11,Bangkok,Asia,7.84
7310,2025-12,Bangkok,Asia,7.94
7311,2026-01,Bangkok,Asia,7.97
7312,2026-02,Bangkok,Asia,8.09
7313,2026-03,Bangkok,Asia,8.04
7314,2025-10,Bangkok,Asia,7.73
7315,2025-11,Bangkok,Asia,7.84
7316,2025-12,Bangkok,Asia,7.94
7317,2026-01,Bangkok,Asia,7.97
7318,2026-02,Bangkok,Asia,8.09
7319,2026-03,Bangkok,Asia,8.04
7320,2025-10,Bangkok,Asia,7.73
7321,2025-11,Bangkok,Asia,7.84
7322,2025-12,Bangkok,Asia,7.94
7323,2026-01,Bangkok,Asia,7.97
7324,2026-02,Bangkok,Asia,8.09
7325,2026-03,Bangkok,Asia,8.04
7326,2025-10,Bangkok,Asia,7.73
7327,2025-11,Bangkok,Asia,7.84
7328,2025-12,Bangkok,Asia,7.94
7329,2026-01,Bangkok,Asia,7.97
7330,2026-02,Bangkok,Asia,8.09
7331,2026-03,Bangkok,Asia,8.04
7332,2025-10,Bangkok,Asia,7.73
7333,2025-11,Bangkok,Asia,7.84
7334,2025-12,Bangkok,Asia,7.94
7335,2026-01,Bangkok,Asia,7.97
7336,2026-02,Bangkok,Asia,8.09
7337,2026-03,Bangkok,Asia,8.04
7338,2025-10,Bangkok,Asia,7.73
7339,2025-11,Bangkok,Asia,7.84
7340,2025-12,Bangkok,Asia,7.94
7341,2026-01,Bangkok,Asia,7.97
7342,2026-02,Bangkok,Asia,8.09
7343,2026-03,Bangkok,Asia,8.04
7344,2025-10,Bangkok,Asia,7.73
7345,2025-11,Bangkok,Asia,7.84
7346,2025-12,Bangkok,Asia,7.94
7347,2026-01,Bangkok,Asia,7.97
7348,2026-02,Bangkok,Asia,8.09
7349,2026-03,Bangkok,Asia,8.04
7350,2025-10,Bangkok,Asia,7.73
7351,2025-11,Bangkok,Asia,7.84
7352,2025-12,Bangkok,Asia,7.94
7353,2026-01,Bangkok,Asia,7.97
7354,2026-02,Bangkok,Asia,8.09
7355,2026-03,Bangkok,Asia,8.04
7356,2025-10,Bangkok,Asia,7.73
7357,2025-11,Bangkok,Asia,7.84
7358,2025-12,Bangkok,Asia,7.94
7359,2026-01,Bangkok,Asia,7.97
7360,2026-02,Bangkok,Asia,8.09
7361,2026-03,Bangkok,Asia,8.04
7362,2025-10,Bangkok,Asia,7.73
7363,2025-11,Bangkok,Asia,7.84
7364,2025-12,Bangkok,Asia,7.94
7365,2026-01,Bangkok,Asia,7.97
7366,2026-02,Bangkok,Asia,8.09
7367,2026-03,Bangkok,Asia,8.04
7368,2025-10,Bangkok,Asia,7.73
7369,2025-11,Bangkok,Asia,7.84
7370,2025-12,Bangkok,Asia,7.94
7371,2026-01,Bangkok,Asia,7.97
7372,2026-02,Bangkok,Asia,8.09
7373,2026-03,Bangkok,Asia,8.04
7374,2025-10,Bangkok,Asia,7.73
7375,2025-11,Bangkok,Asia,7.84
7376,2025-12,Bangkok,Asia,7.94
7377,2026-01,Bangkok,Asia,7.97
7378,2026-02,Bangkok,Asia,8.09
7379,2026-03,Bangkok,Asia,8.04
7380,2025-10,Bangkok,Asia,7.73
7381,2025-11,Bangkok,Asia,7.84
7382,2025-12,Bangkok,Asia,7.94
7383,2026-01,Bangkok,Asia,7.97
7384,2026-02,Bangkok,Asia,8.09
7385,2026-03,Bangkok,Asia,8.04
7386,2025-10,Bangkok,Asia,7.73
7387,2025-11,Bangkok,Asia,7.84
7388,2025-12,Bangkok,Asia,7.94
7389,2026-01,Bangkok,Asia,7.97
7390,2026-02,Bangkok,Asia,8.09
7391,2026-03,Bangkok,Asia,8.04
7392,2025-10,Singapore,Asia,11.5
7393,2025-11,Singapore,Asia,11.85
7394,2025-12,Singapore,Asia,11.82
7395,2026-01,Singapore,Asia,11.65
7396,2026-02,Singapore,Asia,11.89
7397,2026-03,Singapore,Asia,11.93
7398,2025-10,Singapore,Asia,11.5
7399,2025-11,Singapore,Asia,11.85
7400,2025-12,Singapore,Asia,11.82
7401,2026-01,Singapore,Asia,11.65
7402,2026-02,Singapore,Asia,11.89
7403,2026-03,Singapore,Asia,11.93
7404,2025-10,Singapore,Asia,11.5
7405,2025-11,Singapore,Asia,11.85
7406,2025-12,Singapore,Asia,11.82
7407,2026-01,Singapore,Asia,11.65
7408,2026-02,Singapore,Asia,11.89
7409,2026-03,Singapore,Asia,11.93
7410,2025-10,Singapore,Asia,11.5
7411,2025-11,Singapore,Asia,11.85
7412,2025-12,Singapore,Asia,11.82
7413,2026-01,Singapore,Asia,11.65
7414,2026-02,Singapore,Asia,11.89
7415,2026-03,Singapore,Asia,11.93
7416,2025-10,Singapore,Asia,11.5
7417,2025-11,Singapore,Asia,11.85
7418,2025-12,Singapore,Asia,11.82
7419,2026-01,Singapore,Asia,11.65
7420,2026-02,Singapore,Asia,11.89
7421,2026-03,Singapore,Asia,11.93
7422,2025-10,Singapore,Asia,11.5
7423,2025-11,Singapore,Asia,11.85
7424,2025-12,Singapore,Asia,11.82
7425,2026-01,Singapore,Asia,11.65
7426,2026-02,Singapore,Asia,11.89
7427,2026-03,Singapore,Asia,11.93
7428,2025-10,Singapore,Asia,11.5
7429,2025-11,Singapore,Asia,11.85
7430,2025-12,Singapore,Asia,11.82
7431,2026-01,Singapore,Asia,11.65
7432,2026-02,Singapore,Asia,11.89
7433,2026-03,Singapore,Asia,11.93
7434,2025-10,Singapore,Asia,11.5
7435,2025-11,Singapore,Asia,11.85
7436,2025-12,Singapore,Asia,11.82
7437,2026-01,Singapore,Asia,11.65
7438,2026-02,Singapore,Asia,11.89
7439,2026-03,Singapore,Asia,11.93
7440,2025-10,Singapore,Asia,11.5
7441,2025-11,Singapore,Asia,11.85
7442,2025-12,Singapore,Asia,11.82
7443,2026-01,Singapore,Asia,11.65
7444,2026-02,Singapore,Asia,11.89
7445,2026-03,Singapore,Asia,11.93
7446,2025-10,Singapore,Asia,11.5
7447,2025-11,Singapore,Asia,11.85
7448,2025-12,Singapore,Asia,11.82
7449,2026-01,Singapore,Asia,11.65
7450,2026-02,Singapore,Asia,11.89
7451,2026-03,Singapore,Asia,11.93
7452,2025-10,Singapore,Asia,11.5
7453,2025-11,Singapore,Asia,11.85
7454,2025-12,Singapore,Asia,11.82
7455,2026-01,Singapore,Asia,11.65
7456,2026-02,Singapore,Asia,11.89
7457,2026-03,Singapore,Asia,11.93
7458,2025-10,Singapore,Asia,11.5
7459,2025-11,Singapore,Asia,11.85
7460,2025-12,Singapore,Asia,11.82
7461,2026-01,Singapore,Asia,11.65
7462,2026-02,Singapore,Asia,11.89
7463,2026-03,Singapore,Asia,11.93
7464,2025-10,Singapore,Asia,11.5
7465,2025-11,Singapore,Asia,11.85
7466,2025-12,Singapore,Asia,11.82
7467,2026-01,Singapore,Asia,11.65
7468,2026-02,Singapore,Asia,11.89
7469,2026-03,Singapore,Asia,11.93
7470,2025-10,Singapore,Asia,11.5
7471,2025-11,Singapore,Asia,11.85
7472,2025-12,Singapore,Asia,11.82
7473,2026-01,Singapore,Asia,11.65
7474,2026-02,Singapore,Asia,11.89
7475,2026-03,Singapore,Asia,11.93
7476,2025-10,Jakarta,Asia,5.46
7477,2025-11,Jakarta,Asia,5.45
7478,2025-12,Jakarta,Asia,5.49
7479,2026-01,Jakarta,Asia,5.51
7480,2026-02,Jakarta,Asia,5.52
7481,2026-03,Jakarta,Asia,5.59
7482,2025-10,Jakarta,Asia,5.46
7483,2025-11,Jakarta,Asia,5.45
7484,2025-12,Jakarta,Asia,5.49
7485,2026-01,Jakarta,Asia,5.51
7486,2026-02,Jakarta,Asia,5.52
7487,2026-03,Jakarta,Asia,5.59
7488,2025-10,Jakarta,Asia,5.46
7489,2025-11,Jakarta,Asia,5.45
7490,2025-12,Jakarta,Asia,5.49
7491,2026-01,Jakarta,Asia,5.51
7492,2026-02,Jakarta,Asia,5.52
7493,2026-03,Jakarta,Asia,5.59
7494,2025-10,Jakarta,Asia,5.46
7495,2025-11,Jakarta,Asia,5.45
7496,2025-12,Jakarta,Asia,5.49
7497,2026-01,Jakarta,Asia,5.51
7498,2026-02,Jakarta,Asia,5.52
7499,2026-03,Jakarta,Asia,5.59
7500,2025-10,Jakarta,Asia,5.46
7501,2025-11,Jakarta,Asia,5.45
7502,2025-12,Jakarta,Asia,5.49
7503,2026-01,Jakarta,Asia,5.51
7504,2026-02,Jakarta,Asia,5.52
7505,2026-03,Jakarta,Asia,5.59
7506,2025-10,Jakarta,Asia,5.46
7507,2025-11,Jakarta,Asia,5.45
7508,2025-12,Jakarta,Asia,5.49
7509,2026-01,Jakarta,Asia,5.51
7510,2026-02,Jakarta,Asia,5.52
7511,2026-03,Jakarta,Asia,5.59
7512,2025-10,Jakarta,Asia,5.46
7513,2025-11,Jakarta,Asia,5.45
7514,2025-12,Jakarta,Asia,5.49
7515,2026-01,Jakarta,Asia,5.51
7516,2026-02,Jakarta,Asia,5.52
7517,2026-03,Jakarta,Asia,5.59
7518,2025-10,Jakarta,Asia,5.46
7519,2025-11,Jakarta,Asia,5.45
7520,2025-12,Jakarta,Asia,5.49
7521,2026-01,Jakarta,Asia,5.51
7522,2026-02,Jakarta,Asia,5.52
7523,2026-03,Jakarta,Asia,5.59
7524,2025-10,Jakarta,Asia,5.46
7525,2025-11,Jakarta,Asia,5.45
7526,2025-12,Jakarta,Asia,5.49
7527,2026-01,Jakarta,Asia,5.51
7528,2026-02,Jakarta,Asia,5.52
7529,2026-03,Jakarta,Asia,5.59
7530,2025-10,Jakarta,Asia,5.46
7531,2025-11,Jakarta,Asia,5.45
7532,2025-12,Jakarta,Asia,5.49
7533,2026-01,Jakarta,Asia,5.51
7534,2026-02,Jakarta,Asia,5.52
7535,2026-03,Jakarta,Asia,5.59
7536,2025-10,Jakarta,Asia,5.46
7537,2025-11,Jakarta,Asia,5.45
7538,2025-12,Jakarta,Asia,5.49
7539,2026-01,Jakarta,Asia,5.51
7540,2026-02,Jakarta,Asia,5.52
7541,2026-03,Jakarta,Asia,5.59
7542,2025-10,Jakarta,Asia,5.46
7543,2025-11,Jakarta,Asia,5.45
7544,2025-12,Jakarta,Asia,5.49
7545,2026-01,Jakarta,Asia,5.51
7546,2026-02,Jakarta,Asia,5.52
7547,2026-03,Jakarta,Asia,5.59
7548,2025-10,Jakarta,Asia,5.46
7549,2025-11,Jakarta,Asia,5.45
7550,2025-12,Jakarta,Asia,5.49
7551,2026-01,Jakarta,Asia,5.51
7552,2026-02,Jakarta,Asia,5.52
7553,2026-03,Jakarta,Asia,5.59
7554,2025-10,Jakarta,Asia,5.46
7555,2025-11,Jakarta,Asia,5.45
7556,2025-12,Jakarta,Asia,5.49
7557,2026-01,Jakarta,Asia,5.51
7558,2026-02,Jakarta,Asia,5.52
7559,2026-03,Jakarta,Asia,5.59
7560,2025-10,Kuala Lumpur,Asia,7.6
7561,2025-11,Kuala Lumpur,Asia,7.7
7562,2025-12,Kuala Lumpur,Asia,7.82
7563,2026-01,Kuala Lumpur,Asia,7.49
7564,2026-02,Kuala Lumpur,Asia,7.8
7565,2026-03,Kuala Lumpur,Asia,7.72
7566,2025-10,Kuala Lumpur,Asia,7.6
7567,2025-11,Kuala Lumpur,Asia,7.7
7568,2025-12,Kuala Lumpur,Asia,7.82
7569,2026-01,Kuala Lumpur,Asia,7.49
7570,2026-02,Kuala Lumpur,Asia,7.8
7571,2026-03,Kuala Lumpur,Asia,7.72
7572,2025-10,Kuala Lumpur,Asia,7.6
7573,2025-11,Kuala Lumpur,Asia,7.7
7574,2025-12,Kuala Lumpur,Asia,7.82
7575,2026-01,Kuala Lumpur,Asia,7.49
7576,2026-02,Kuala Lumpur,Asia,7.8
7577,2026-03,Kuala Lumpur,Asia,7.72
7578,2025-10,Kuala Lumpur,Asia,7.6
7579,2025-11,Kuala Lumpur,Asia,7.7
7580,2025-12,Kuala Lumpur,Asia,7.82
7581,2026-01,Kuala Lumpur,Asia,7.49
7582,2026-02,Kuala Lumpur,Asia,7.8
7583,2026-03,Kuala Lumpur,Asia,7.72
7584,2025-10,Kuala Lumpur,Asia,7.6
7585,2025-11,Kuala Lumpur,Asia,7.7
7586,2025-12,Kuala Lumpur,Asia,7.82
7587,2026-01,Kuala Lumpur,Asia,7.49
7588,2026-02,Kuala Lumpur,Asia,7.8
7589,2026-03,Kuala Lumpur,Asia,7.72
7590,2025-10,Kuala Lumpur,Asia,7.6
7591,2025-11,Kuala Lumpur,Asia,7.7
7592,2025-12,Kuala Lumpur,Asia,7.82
7593,2026-01,Kuala Lumpur,Asia,7.49
7594,2026-02,Kuala Lumpur,Asia,7.8
7595,2026-03,Kuala Lumpur,Asia,7.72
7596,2025-10,Kuala Lumpur,Asia,7.6
7597,2025-11,Kuala Lumpur,Asia,7.7
7598,2025-12,Kuala Lumpur,Asia,7.82
7599,2026-01,Kuala Lumpur,Asia,7.49
7600,2026-02,Kuala Lumpur,Asia,7.8
7601,2026-03,Kuala Lumpur,Asia,7.72
7602,2025-10,Kuala Lumpur,Asia,7.6
7603,2025-11,Kuala Lumpur,Asia,7.7
7604,2025-12,Kuala Lumpur,Asia,7.82
7605,2026-01,Kuala Lumpur,Asia,7.49
7606,2026-02,Kuala Lumpur,Asia,7.8
7607,2026-03,Kuala Lumpur,Asia,7.72
7608,2025-10,Kuala Lumpur,Asia,7.6
7609,2025-11,Kuala Lumpur,Asia,7.7
7610,2025-12,Kuala Lumpur,Asia,7.82
7611,2026-01,Kuala Lumpur,Asia,7.49
7612,2026-02,Kuala Lumpur,Asia,7.8
7613,2026-03,Kuala Lumpur,Asia,7.72
7614,2025-10,Kuala Lumpur,Asia,7.6
7615,2025-11,Kuala Lumpur,Asia,7.7
7616,2025-12,Kuala Lumpur,Asia,7.82
7617,2026-01,Kuala Lumpur,Asia,7.49
7618,2026-02,Kuala Lumpur,Asia,7.8
7619,2026-03,Kuala Lumpur,Asia,7.72
7620,2025-10,Kuala Lumpur,Asia,7.6
7621,2025-11,Kuala Lumpur,Asia,7.7
7622,2025-12,Kuala Lumpur,Asia,7.82
7623,2026-01,Kuala Lumpur,Asia,7.49
7624,2026-02,Kuala Lumpur,Asia,7.8
7625,2026-03,Kuala Lumpur,Asia,7.72
7626,2025-10,Kuala Lumpur,Asia,7.6
7627,2025-11,Kuala Lumpur,Asia,7.7
7628,2025-12,Kuala Lumpur,Asia,7.82
7629,2026-01,Kuala Lumpur,Asia,7.49
7630,2026-02,Kuala Lumpur,Asia,7.8
7631,2026-03,Kuala Lumpur,Asia,7.72
7632,2025-10,Kuala Lumpur,Asia,7.6
7633,2025-11,Kuala Lumpur,Asia,7.7
7634,2025-12,Kuala Lumpur,Asia,7.82
7635,2026-01,Kuala Lumpur,Asia,7.49
7636,2026-02,Kuala Lumpur,Asia,7.8
7637,2026-03,Kuala Lumpur,Asia,7.72
7638,2025-10,Kuala Lumpur,Asia,7.6
7639,2025-11,Kuala Lumpur,Asia,7.7
7640,2025-12,Kuala Lumpur,Asia,7.82
7641,2026-01,Kuala Lumpur,Asia,7.49
7642,2026-02,Kuala Lumpur,Asia,7.8
7643,2026-03,Kuala Lumpur,Asia,7.72
7644,2025-10,Manila,Asia,7.06
7645,2025-11,Manila,Asia,7.15
7646,2025-12,Manila,Asia,7.23
7647,2026-01,Manila,Asia,7.26
7648,2026-02,Manila,Asia,7.4
7649,2026-03,Manila,Asia,7.32
7650,2025-10,Manila,Asia,7.06
7651,2025-11,Manila,Asia,7.15
7652,2025-12,Manila,Asia,7.23
7653,2026-01,Manila,Asia,7.26
7654,2026-02,Manila,Asia,7.4
7655,2026-03,Manila,Asia,7.32
7656,2025-10,Manila,Asia,7.06
7657,2025-11,Manila,Asia,7.15
7658,2025-12,Manila,Asia,7.23
7659,2026-01,Manila,Asia,7.26
7660,2026-02,Manila,Asia,7.4
7661,2026-03,Manila,Asia,7.32
7662,2025-10,Manila,Asia,7.06
7663,2025-11,Manila,Asia,7.15
7664,2025-12,Manila,Asia,7.23
7665,2026-01,Manila,Asia,7.26
7666,2026-02,Manila,Asia,7.4
7667,2026-03,Manila,Asia,7.32
7668,2025-10,Manila,Asia,7.06
7669,2025-11,Manila,Asia,7.15
7670,2025-12,Manila,Asia,7.23
7671,2026-01,Manila,Asia,7.26
7672,2026-02,Manila,Asia,7.4
7673,2026-03,Manila,Asia,7.32
7674,2025-10,Manila,Asia,7.06
7675,2025-11,Manila,Asia,7.15
7676,2025-12,Manila,Asia,7.23
7677,2026-01,Manila,Asia,7.26
7678,2026-02,Manila,Asia,7.4
7679,2026-03,Manila,Asia,7.32
7680,2025-10,Manila,Asia,7.06
7681,2025-11,Manila,Asia,7.15
7682,2025-12,Manila,Asia,7.23
7683,2026-01,Manila,Asia,7.26
7684,2026-02,Manila,Asia,7.4
7685,2026-03,Manila,Asia,7.32
7686,2025-10,Manila,Asia,7.06
7687,2025-11,Manila,Asia,7.15
7688,2025-12,Manila,Asia,7.23
7689,2026-01,Manila,Asia,7.26
7690,2026-02,Manila,Asia,7.4
7691,2026-03,Manila,Asia,7.32
7692,2025-10,Manila,Asia,7.06
7693,2025-11,Manila,Asia,7.15
7694,2025-12,Manila,Asia,7.23
7695,2026-01,Manila,Asia,7.26
7696,2026-02,Manila,Asia,7.4
7697,2026-03,Manila,Asia,7.32
7698,2025-10,Manila,Asia,7.06
7699,2025-11,Manila,Asia,7.15
7700,2025-12,Manila,Asia,7.23
7701,2026-01,Manila,Asia,7.26
7702,2026-02,Manila,Asia,7.4
7703,2026-03,Manila,Asia,7.32
7704,2025-10,Manila,Asia,7.06
7705,2025-11,Manila,Asia,7.15
7706,2025-12,Manila,Asia,7.23
7707,2026-01,Manila,Asia,7.26
7708,2026-02,Manila,Asia,7.4
7709,2026-03,Manila,Asia,7.32
7710,2025-10,Manila,Asia,7.06
7711,2025-11,Manila,Asia,7.15
7712,2025-12,Manila,Asia,7.23
7713,2026-01,Manila,Asia,7.26
7714,2026-02,Manila,Asia,7.4
7715,2026-03,Manila,Asia,7.32
7716,2025-10,Manila,Asia,7.06
7717,2025-11,Manila,Asia,7.15
7718,2025-12,Manila,Asia,7.23
7719,2026-01,Manila,Asia,7.26
7720,2026-02,Manila,Asia,7.4
7721,2026-03,Manila,Asia,7.32
7722,2025-10,Manila,Asia,7.06
7723,2025-11,Manila,Asia,7.15
7724,2025-12,Manila,Asia,7.23
7725,2026-01,Manila,Asia,7.26
7726,2026-02,Manila,Asia,7.4
7727,2026-03,Manila,Asia,7.32
7728,2025-10,Ho Chi Minh City,Asia,5.71
7729,2025-11,Ho Chi Minh City,Asia,5.49
7730,2025-12,Ho Chi Minh City,Asia,5.63
7731,2026-01,Ho Chi Minh City,Asia,5.61
7732,2026-02,Ho Chi Minh City,Asia,5.69
7733,2026-03,Ho Chi Minh City,Asia,5.72
7734,2025-10,Ho Chi Minh City,Asia,5.71
7735,2025-11,Ho Chi Minh City,Asia,5.49
7736,2025-12,Ho Chi Minh City,Asia,5.63
7737,2026-01,Ho Chi Minh City,Asia,5.61
7738,2026-02,Ho Chi Minh City,Asia,5.69
7739,2026-03,Ho Chi Minh City,Asia,5.72
7740,2025-10,Ho Chi Minh City,Asia,5.71
7741,2025-11,Ho Chi Minh City,Asia,5.49
7742,2025-12,Ho Chi Minh City,Asia,5.63
7743,2026-01,Ho Chi Minh City,Asia,5.61
7744,2026-02,Ho Chi Minh City,Asia,5.69
7745,2026-03,Ho Chi Minh City,Asia,5.72
7746,2025-10,Ho Chi Minh City,Asia,5.71
7747,2025-11,Ho Chi Minh City,Asia,5.49
7748,2025-12,Ho Chi Minh City,Asia,5.63
7749,2026-01,Ho Chi Minh City,Asia,5.61
7750,2026-02,Ho Chi Minh City,Asia,5.69
7751,2026-03,Ho Chi Minh City,Asia,5.72
7752,2025-10,Ho Chi Minh City,Asia,5.71
7753,2025-11,Ho Chi Minh City,Asia,5.49
7754,2025-12,Ho Chi Minh City,Asia,5.63
7755,2026-01,Ho Chi Minh City,Asia,5.61
7756,2026-02,Ho Chi Minh City,Asia,5.69
7757,2026-03,Ho Chi Minh City,Asia,5.72
7758,2025-10,Ho Chi Minh City,Asia,5.71
7759,2025-11,Ho Chi Minh City,Asia,5.49
7760,2025-12,Ho Chi Minh City,Asia,5.63
7761,2026-01,Ho Chi Minh City,Asia,5.61
7762,2026-02,Ho Chi Minh City,Asia,5.69
7763,2026-03,Ho Chi Minh City,Asia,5.72
7764,2025-10,Ho Chi Minh City,Asia,5.71
7765,2025-11,Ho Chi Minh City,Asia,5.49
7766,2025-12,Ho Chi Minh City,Asia,5.63
7767,2026-01,Ho Chi Minh City,Asia,5.61
7768,2026-02,Ho Chi Minh City,Asia,5.69
7769,2026-03,Ho Chi Minh City,Asia,5.72
7770,2025-10,Ho Chi Minh City,Asia,5.71
7771,2025-11,Ho Chi Minh City,Asia,5.49
7772,2025-12,Ho Chi Minh City,Asia,5.63
7773,2026-01,Ho Chi Minh City,Asia,5.61
7774,2026-02,Ho Chi Minh City,Asia,5.69
7775,2026-03,Ho Chi Minh City,Asia,5.72
7776,2025-10,Ho Chi Minh City,Asia,5.71
7777,2025-11,Ho Chi Minh City,Asia,5.49
7778,2025-12,Ho Chi Minh City,Asia,5.63
7779,2026-01,Ho Chi Minh City,Asia,5.61
7780,2026-02,Ho Chi Minh City,Asia,5.69
7781,2026-03,Ho Chi Minh City,Asia,5.72
7782,2025-10,Ho Chi Minh City,Asia,5.71
7783,2025-11,Ho Chi Minh City,Asia,5.49
7784,2025-12,Ho Chi Minh City,Asia,5.63
7785,2026-01,Ho Chi Minh City,Asia,5.61
7786,2026-02,Ho Chi Minh City,Asia,5.69
7787,2026-03,Ho Chi Minh City,Asia,5.72
7788,2025-10,Ho Chi Minh City,Asia,5.71
7789,2025-11,Ho Chi Minh City,Asia,5.49
7790,2025-12,Ho Chi Minh City,Asia,5.63
7791,2026-01,Ho Chi Minh City,Asia,5.61
7792,2026-02,Ho Chi Minh City,Asia,5.69
7793,2026-03,Ho Chi Minh City,Asia,5.72
7794,2025-10,Ho Chi Minh City,Asia,5.71
7795,2025-11,Ho Chi Minh City,Asia,5.49
7796,2025-12,Ho Chi Minh City,Asia,5.63
7797,2026-01,Ho Chi Minh City,Asia,5.61
7798,2026-02,Ho Chi Minh City,Asia,5.69
7799,2026-03,Ho Chi Minh City,Asia,5.72
7800,2025-10,Ho Chi Minh City,Asia,5.71
7801,2025-11,Ho Chi Minh City,Asia,5.49
7802,2025-12,Ho Chi Minh City,Asia,5.63
7803,2026-01,Ho Chi Minh City,Asia,5.61
7804,2026-02,Ho Chi Minh City,Asia,5.69
7805,2026-03,Ho Chi Minh City,Asia,5.72
7806,2025-10,Ho Chi Minh City,Asia,5.71
7807,2025-11,Ho Chi Minh City,Asia,5.49
7808,2025-12,Ho Chi Minh City,Asia,5.63
7809,2026-01,Ho Chi Minh City,Asia,5.61
7810,2026-02,Ho Chi Minh City,Asia,5.69
7811,2026-03,Ho Chi Minh City,Asia,5.72
7812,2025-10,Hanoi,Asia,5.26
7813,2025-11,Hanoi,Asia,5.33
7814,2025-12,Hanoi,Asia,5.37
7815,2026-01,Hanoi,Asia,5.42
7816,2026-02,Hanoi,Asia,5.4
7817,2026-03,Hanoi,Asia,5.46
7818,2025-10,Hanoi,Asia,5.26
7819,2025-11,Hanoi,Asia,5.33
7820,2025-12,Hanoi,Asia,5.37
7821,2026-01,Hanoi,Asia,5.42
7822,2026-02,Hanoi,Asia,5.4
7823,2026-03,Hanoi,Asia,5.46
7824,2025-10,Hanoi,Asia,5.26
7825,2025-11,Hanoi,Asia,5.33
7826,2025-12,Hanoi,Asia,5.37
7827,2026-01,Hanoi,Asia,5.42
7828,2026-02,Hanoi,Asia,5.4
7829,2026-03,Hanoi,Asia,5.46
7830,2025-10,Hanoi,Asia,5.26
7831,2025-11,Hanoi,Asia,5.33
7832,2025-12,Hanoi,Asia,5.37
7833,2026-01,Hanoi,Asia,5.42
7834,2026-02,Hanoi,Asia,5.4
7835,2026-03,Hanoi,Asia,5.46
7836,2025-10,Hanoi,Asia,5.26
7837,2025-11,Hanoi,Asia,5.33
7838,2025-12,Hanoi,Asia,5.37
7839,2026-01,Hanoi,Asia,5.42
7840,2026-02,Hanoi,Asia,5.4
7841,2026-03,Hanoi,Asia,5.46
7842,2025-10,Hanoi,Asia,5.26
7843,2025-11,Hanoi,Asia,5.33
7844,2025-12,Hanoi,Asia,5.37
7845,2026-01,Hanoi,Asia,5.42
7846,2026-02,Hanoi,Asia,5.4
7847,2026-03,Hanoi,Asia,5.46
7848,2025-10,Hanoi,Asia,5.26
7849,2025-11,Hanoi,Asia,5.33
7850,2025-12,Hanoi,Asia,5.37
7851,2026-01,Hanoi,Asia,5.42
7852,2026-02,Hanoi,Asia,5.4
7853,2026-03,Hanoi,Asia,5.46
7854,2025-10,Hanoi,Asia,5.26
7855,2025-11,Hanoi,Asia,5.33
7856,2025-12,Hanoi,Asia,5.37
7857,2026-01,Hanoi,Asia,5.42
7858,2026-02,Hanoi,Asia,5.4
7859,2026-03,Hanoi,Asia,5.46
7860,2025-10,Hanoi,Asia,5.26
7861,2025-11,Hanoi,Asia,5.33
7862,2025-12,Hanoi,Asia,5.37
7863,2026-01,Hanoi,Asia,5.42
7864,2026-02,Hanoi,Asia,5.4
7865,2026-03,Hanoi,Asia,5.46
7866,2025-10,Hanoi,Asia,5.26
7867,2025-11,Hanoi,Asia,5.33
7868,2025-12,Hanoi,Asia,5.37
7869,2026-01,Hanoi,Asia,5.42
7870,2026-02,Hanoi,Asia,5.4
7871,2026-03,Hanoi,Asia,5.46
7872,2025-10,Hanoi,Asia,5.26
7873,2025-11,Hanoi,Asia,5.33
7874,2025-12,Hanoi,Asia,5.37
7875,2026-01,Hanoi,Asia,5.42
7876,2026-02,Hanoi,Asia,5.4
7877,2026-03,Hanoi,Asia,5.46
7878,2025-10,Hanoi,Asia,5.26
7879,2025-11,Hanoi,Asia,5.33
7880,2025-12,Hanoi,Asia,5.37
7881,2026-01,Hanoi,Asia,5.42
7882,2026-02,Hanoi,Asia,5.4
7883,2026-03,Hanoi,Asia,5.46
7884,2025-10,Hanoi,Asia,5.26
7885,2025-11,Hanoi,Asia,5.33
7886,2025-12,Hanoi,Asia,5.37
7887,2026-01,Hanoi,Asia,5.42
7888,2026-02,Hanoi,Asia,5.4
7889,2026-03,Hanoi,Asia,5.46
7890,2025-10,Hanoi,Asia,5.26
7891,2025-11,Hanoi,Asia,5.33
7892,2025-12,Hanoi,Asia,5.37
7893,2026-01,Hanoi,Asia,5.42
7894,2026-02,Hanoi,Asia,5.4
7895,2026-03,Hanoi,Asia,5.46
7896,2025-10,Sao Paulo,South America,6.43
7897,2025-11,Sao Paulo,South America,6.55
7898,2025-12,Sao Paulo,South America,6.61
7899,2026-01,Sao Paulo,South America,6.64
7900,2026-02,Sao Paulo,South America,6.71
7901,2026-03,Sao Paulo,South America,6.73
7902,2025-10,Sao Paulo,South America,6.43
7903,2025-11,Sao Paulo,South America,6.55
7904,2025-12,Sao Paulo,South America,6.61
7905,2026-01,Sao Paulo,South America,6.64
7906,2026-02,Sao Paulo,South America,6.71
7907,2026-03,Sao Paulo,South America,6.73
7908,2025-10,Sao Paulo,South America,6.43
7909,2025-11,Sao Paulo,South America,6.55
7910,2025-12,Sao Paulo,South America,6.61
7911,2026-01,Sao Paulo,South America,6.64
7912,2026-02,Sao Paulo,South America,6.71
7913,2026-03,Sao Paulo,South America,6.73
7914,2025-10,Sao Paulo,South America,6.43
7915,2025-11,Sao Paulo,South America,6.55
7916,2025-12,Sao Paulo,South America,6.61
7917,2026-01,Sao Paulo,South America,6.64
7918,2026-02,Sao Paulo,South America,6.71
7919,2026-03,Sao Paulo,South America,6.73
7920,2025-10,Sao Paulo,South America,6.43
7921,2025-11,Sao Paulo,South America,6.55
7922,2025-12,Sao Paulo,South America,6.61
7923,2026-01,Sao Paulo,South America,6.64
7924,2026-02,Sao Paulo,South America,6.71
7925,2026-03,Sao Paulo,South America,6.73
7926,2025-10,Sao Paulo,South America,6.43
7927,2025-11,Sao Paulo,South America,6.55
7928,2025-12,Sao Paulo,South America,6.61
7929,2026-01,Sao Paulo,South America,6.64
7930,2026-02,Sao Paulo,South America,6.71
7931,2026-03,Sao Paulo,South America,6.73
7932,2025-10,Sao Paulo,South America,6.43
7933,2025-11,Sao Paulo,South America,6.55
7934,2025-12,Sao Paulo,South America,6.61
7935,2026-01,Sao Paulo,South America,6.64
7936,2026-02,Sao Paulo,South America,6.71
7937,2026-03,Sao Paulo,South America,6.73
7938,2025-10,Sao Paulo,South America,6.43
7939,2025-11,Sao Paulo,South America,6.55
7940,2025-12,Sao Paulo,South America,6.61
7941,2026-01,Sao Paulo,South America,6.64
7942,2026-02,Sao Paulo,South America,6.71
7943,2026-03,Sao Paulo,South America,6.73
7944,2025-10,Sao Paulo,South America,6.43
7945,2025-11,Sao Paulo,South America,6.55
7946,2025-12,Sao Paulo,South America,6.61
7947,2026-01,Sao Paulo,South America,6.64
7948,2026-02,Sao Paulo,South America,6.71
7949,2026-03,Sao Paulo,South America,6.73
7950,2025-10,Sao Paulo,South America,6.43
7951,2025-11,Sao Paulo,South America,6.55
7952,2025-12,Sao Paulo,South America,6.61
7953,2026-01,Sao Paulo,South America,6.64
7954,2026-02,Sao Paulo,South America,6.71
7955,2026-03,Sao Paulo,South America,6.73
7956,2025-10,Sao Paulo,South America,6.43
7957,2025-11,Sao Paulo,South America,6.55
7958,2025-12,Sao Paulo,South America,6.61
7959,2026-01,Sao Paulo,South America,6.64
7960,2026-02,Sao Paulo,South America,6.71
7961,2026-03,Sao Paulo,South America,6.73
7962,2025-10,Sao Paulo,South America,6.43
7963,2025-11,Sao Paulo,South America,6.55
7964,2025-12,Sao Paulo,South America,6.61
7965,2026-01,Sao Paulo,South America,6.64
7966,2026-02,Sao Paulo,South America,6.71
7967,2026-03,Sao Paulo,South America,6.73
7968,2025-10,Sao Paulo,South America,6.43
7969,2025-11,Sao Paulo,South America,6.55
7970,2025-12,Sao Paulo,South America,6.61
7971,2026-01,Sao Paulo,South America,6.64
7972,2026-02,Sao Paulo,South America,6.71
7973,2026-03,Sao Paulo,South America,6.73
7974,2025-10,Sao Paulo,South America,6.43
7975,2025-11,Sao Paulo,South America,6.55
7976,2025-12,Sao Paulo,South America,6.61
7977,2026-01,Sao Paulo,South America,6.64
7978,2026-02,Sao Paulo,South America,6.71
7979,2026-03,Sao Paulo,South America,6.73
7980,2025-10,Rio de Janeiro,South America,6.76
7981,2025-11,Rio de Janeiro,South America,6.74
7982,2025-12,Rio de Janeiro,South America,6.87
7983,2026-01,Rio de Janeiro,South America,6.84
7984,2026-02,Rio de Janeiro,South America,7.1
7985,2026-03,Rio de Janeiro,South America,6.92
7986,2025-10,Rio de Janeiro,South America,6.76
7987,2025-11,Rio de Janeiro,South America,6.74
7988,2025-12,Rio de Janeiro,South America,6.87
7989,2026-01,Rio de Janeiro,South America,6.84
7990,2026-02,Rio de Janeiro,South America,7.1
7991,2026-03,Rio de Janeiro,South America,6.92
7992,2025-10,Rio de Janeiro,South America,6.76
7993,2025-11,Rio de Janeiro,South America,6.74
7994,2025-12,Rio de Janeiro,South America,6.87
7995,2026-01,Rio de Janeiro,South America,6.84
7996,2026-02,Rio de Janeiro,South America,7.1
7997,2026-03,Rio de Janeiro,South America,6.92
7998,2025-10,Rio de Janeiro,South America,6.76
7999,2025-11,Rio de Janeiro,South America,6.74
8000,2025-12,Rio de Janeiro,South America,6.87
8001,2026-01,Rio de Janeiro,South America,6.84
8002,2026-02,Rio de Janeiro,South America,7.1
8003,2026-03,Rio de Janeiro,South America,6.92
8004,2025-10,Rio de Janeiro,South America,6.76
8005,2025-11,Rio de Janeiro,South America,6.74
8006,2025-12,Rio de Janeiro,South America,6.87
8007,2026-01,Rio de Janeiro,South America,6.84
8008,2026-02,Rio de Janeiro,South America,7.1
8009,2026-03,Rio de Janeiro,South America,6.92
8010,2025-10,Rio de Janeiro,South America,6.76
8011,2025-11,Rio de Janeiro,South America,6.74
8012,2025-12,Rio de Janeiro,South America,6.87
8013,2026-01,Rio de Janeiro,South America,6.84
8014,2026-02,Rio de Janeiro,South America,7.1
8015,2026-03,Rio de Janeiro,South America,6.92
8016,2025-10,Rio de Janeiro,South America,6.76
8017,2025-11,Rio de Janeiro,South America,6.74
8018,2025-12,Rio de Janeiro,South America,6.87
8019,2026-01,Rio de Janeiro,South America,6.84
8020,2026-02,Rio de Janeiro,South America,7.1
8021,2026-03,Rio de Janeiro,South America,6.92
8022,2025-10,Rio de Janeiro,South America,6.76
8023,2025-11,Rio de Janeiro,South America,6.74
8024,2025-12,Rio de Janeiro,South America,6.87
8025,2026-01,Rio de Janeiro,South America,6.84
8026,2026-02,Rio de Janeiro,South America,7.1
8027,2026-03,Rio de Janeiro,South America,6.92
8028,2025-10,Rio de Janeiro,South America,6.76
8029,2025-11,Rio de Janeiro,South America,6.74
8030,2025-12,Rio de Janeiro,South America,6.87
8031,2026-01,Rio de Janeiro,South America,6.84
8032,2026-02,Rio de Janeiro,South America,7.1
8033,2026-03,Rio de Janeiro,South America,6.92
8034,2025-10,Rio de Janeiro,South America,6.76
8035,2025-11,Rio de Janeiro,South America,6.74
8036,2025-12,Rio de Janeiro,South America,6.87
8037,2026-01,Rio de Janeiro,South America,6.84
8038,2026-02,Rio de Janeiro,South America,7.1
8039,2026-03,Rio de Janeiro,South America,6.92
8040,2025-10,Rio de Janeiro,South America,6.76
8041,2025-11,Rio de Janeiro,South America,6.74
8042,2025-12,Rio de Janeiro,South America,6.87
8043,2026-01,Rio de Janeiro,South America,6.84
8044,2026-02,Rio de Janeiro,South America,7.1
8045,2026-03,Rio de Janeiro,South America,6.92
8046,2025-10,Rio de Janeiro,South America,6.76
8047,2025-11,Rio de Janeiro,South America,6.74
8048,2025-12,Rio de Janeiro,South America,6.87
8049,2026-01,Rio de Janeiro,South America,6.84
8050,2026-02,Rio de Janeiro,South America,7.1
8051,2026-03,Rio de Janeiro,South America,6.92
8052,2025-10,Rio de Janeiro,South America,6.76
8053,2025-11,Rio de Janeiro,South America,6.74
8054,2025-12,Rio de Janeiro,South America,6.87
8055,2026-01,Rio de Janeiro,South America,6.84
8056,2026-02,Rio de Janeiro,South America,7.1
8057,2026-03,Rio de Janeiro,South America,6.92
8058,2025-10,Rio de Janeiro,South America,6.76
8059,2025-11,Rio de Janeiro,South America,6.74
8060,2025-12,Rio de Janeiro,South America,6.87
8061,2026-01,Rio de Janeiro,South America,6.84
8062,2026-02,Rio de Janeiro,South America,7.1
8063,2026-03,Rio de Janeiro,South America,6.92
8064,2025-10,Buenos Aires,South America,8.96
8065,2025-11,Buenos Aires,South America,8.89
8066,2025-12,Buenos Aires,South America,9.27
8067,2026-01,Buenos Aires,South America,9.03
8068,2026-02,Buenos Aires,South America,9.25
8069,2026-03,Buenos Aires,South America,9.24
8070,2025-10,Buenos Aires,South America,8.96
8071,2025-11,Buenos Aires,South America,8.89
8072,2025-12,Buenos Aires,South America,9.27
8073,2026-01,Buenos Aires,South America,9.03
8074,2026-02,Buenos Aires,South America,9.25
8075,2026-03,Buenos Aires,South America,9.24
8076,2025-10,Buenos Aires,South America,8.96
8077,2025-11,Buenos Aires,South America,8.89
8078,2025-12,Buenos Aires,South America,9.27
8079,2026-01,Buenos Aires,South America,9.03
8080,2026-02,Buenos Aires,South America,9.25
8081,2026-03,Buenos Aires,South America,9.24
8082,2025-10,Buenos Aires,South America,8.96
8083,2025-11,Buenos Aires,South America,8.89
8084,2025-12,Buenos Aires,South America,9.27
8085,2026-01,Buenos Aires,South America,9.03
8086,2026-02,Buenos Aires,South America,9.25
8087,2026-03,Buenos Aires,South America,9.24
8088,2025-10,Buenos Aires,South America,8.96
8089,2025-11,Buenos Aires,South America,8.89
8090,2025-12,Buenos Aires,South America,9.27
8091,2026-01,Buenos Aires,South America,9.03
8092,2026-02,Buenos Aires,South America,9.25
8093,2026-03,Buenos Aires,South America,9.24
8094,2025-10,Buenos Aires,South America,8.96
8095,2025-11,Buenos Aires,South America,8.89
8096,2025-12,Buenos Aires,South America,9.27
8097,2026-01,Buenos Aires,South America,9.03
8098,2026-02,Buenos Aires,South America,9.25
8099,2026-03,Buenos Aires,South America,9.24
8100,2025-10,Buenos Aires,South America,8.96
8101,2025-11,Buenos Aires,South America,8.89
8102,2025-12,Buenos Aires,South America,9.27
8103,2026-01,Buenos Aires,South America,9.03
8104,2026-02,Buenos Aires,South America,9.25
8105,2026-03,Buenos Aires,South America,9.24
8106,2025-10,Buenos Aires,South America,8.96
8107,2025-11,Buenos Aires,South America,8.89
8108,2025-12,Buenos Aires,South America,9.27
8109,2026-01,Buenos Aires,South America,9.03
8110,2026-02,Buenos Aires,South America,9.25
8111,2026-03,Buenos Aires,South America,9.24
8112,2025-10,Buenos Aires,South America,8.96
8113,2025-11,Buenos Aires,South America,8.89
8114,2025-12,Buenos Aires,South America,9.27
8115,2026-01,Buenos Aires,South America,9.03
8116,2026-02,Buenos Aires,South America,9.25
8117,2026-03,Buenos Aires,South America,9.24
8118,2025-10,Buenos Aires,South America,8.96
8119,2025-11,Buenos Aires,South America,8.89
8120,2025-12,Buenos Aires,South America,9.27
8121,2026-01,Buenos Aires,South America,9.03
8122,2026-02,Buenos Aires,South America,9.25
8123,2026-03,Buenos Aires,South America,9.24
8124,2025-10,Buenos Aires,South America,8.96
8125,2025-11,Buenos Aires,South America,8.89
8126,2025-12,Buenos Aires,South America,9.27
8127,2026-01,Buenos Aires,South America,9.03
8128,2026-02,Buenos Aires,South America,9.25
8129,2026-03,Buenos Aires,South America,9.24
8130,2025-10,Buenos Aires,South America,8.96
8131,2025-11,Buenos Aires,South America,8.89
8132,2025-12,Buenos Aires,South America,9.27
8133,2026-01,Buenos Aires,South America,9.03
8134,2026-02,Buenos Aires,South America,9.25
8135,2026-03,Buenos Aires,South America,9.24
8136,2025-10,Buenos Aires,South America,8.96
8137,2025-11,Buenos Aires,South America,8.89
8138,2025-12,Buenos Aires,South America,9.27
8139,2026-01,Buenos Aires,South America,9.03
8140,2026-02,Buenos Aires,South America,9.25
8141,2026-03,Buenos Aires,South America,9.24
8142,2025-10,Buenos Aires,South America,8.96
8143,2025-11,Buenos Aires,South America,8.89
8144,2025-12,Buenos Aires,South America,9.27
8145,2026-01,Buenos Aires,South America,9.03
8146,2026-02,Buenos Aires,South America,9.25
8147,2026-03,Buenos Aires,South America,9.24
8148,2025-10,Bogota,South America,7.22
8149,2025-11,Bogota,South America,7.46
8150,2025-12,Bogota,South America,7.64
8151,2026-01,Bogota,South America,7.4
8152,2026-02,Bogota,South America,7.51
8153,2026-03,Bogota,South America,7.62
8154,2025-10,Bogota,South America,7.22
8155,2025-11,Bogota,South America,7.46
8156,2025-12,Bogota,South America,7.64
8157,2026-01,Bogota,South America,7.4
8158,2026-02,Bogota,South America,7.51
8159,2026-03,Bogota,South America,7.62
8160,2025-10,Bogota,South America,7.22
8161,2025-11,Bogota,South America,7.46
8162,2025-12,Bogota,South America,7.64
8163,2026-01,Bogota,South America,7.4
8164,2026-02,Bogota,South America,7.51
8165,2026-03,Bogota,South America,7.62
8166,2025-10,Bogota,South America,7.22
8167,2025-11,Bogota,South America,7.46
8168,2025-12,Bogota,South America,7.64
8169,2026-01,Bogota,South America,7.4
8170,2026-02,Bogota,South America,7.51
8171,2026-03,Bogota,South America,7.62
8172,2025-10,Bogota,South America,7.22
8173,2025-11,Bogota,South America,7.46
8174,2025-12,Bogota,South America,7.64
8175,2026-01,Bogota,South America,7.4
8176,2026-02,Bogota,South America,7.51
8177,2026-03,Bogota,South America,7.62
8178,2025-10,Bogota,South America,7.22
8179,2025-11,Bogota,South America,7.46
8180,2025-12,Bogota,South America,7.64
8181,2026-01,Bogota,South America,7.4
8182,2026-02,Bogota,South America,7.51
8183,2026-03,Bogota,South America,7.62
8184,2025-10,Bogota,South America,7.22
8185,2025-11,Bogota,South America,7.46
8186,2025-12,Bogota,South America,7.64
8187,2026-01,Bogota,South America,7.4
8188,2026-02,Bogota,South America,7.51
8189,2026-03,Bogota,South America,7.62
8190,2025-10,Bogota,South America,7.22
8191,2025-11,Bogota,South America,7.46
8192,2025-12,Bogota,South America,7.64
8193,2026-01,Bogota,South America,7.4
8194,2026-02,Bogota,South America,7.51
8195,2026-03,Bogota,South America,7.62
8196,2025-10,Bogota,South America,7.22
8197,2025-11,Bogota,South America,7.46
8198,2025-12,Bogota,South America,7.64
8199,2026-01,Bogota,South America,7.4
8200,2026-02,Bogota,South America,7.51
8201,2026-03,Bogota,South America,7.62
8202,2025-10,Bogota,South America,7.22
8203,2025-11,Bogota,South America,7.46
8204,2025-12,Bogota,South America,7.64
8205,2026-01,Bogota,South America,7.4
8206,2026-02,Bogota,South America,7.51
8207,2026-03,Bogota,South America,7.62
8208,2025-10,Bogota,South America,7.22
8209,2025-11,Bogota,South America,7.46
8210,2025-12,Bogota,South America,7.64
8211,2026-01,Bogota,South America,7.4
8212,2026-02,Bogota,South America,7.51
8213,2026-03,Bogota,South America,7.62
8214,2025-10,Bogota,South America,7.22
8215,2025-11,Bogota,South America,7.46
8216,2025-12,Bogota,South America,7.64
8217,2026-01,Bogota,South America,7.4
8218,2026-02,Bogota,South America,7.51
8219,2026-03,Bogota,South America,7.62
8220,2025-10,Bogota,South America,7.22
8221,2025-11,Bogota,South America,7.46
8222,2025-12,Bogota,South America,7.64
8223,2026-01,Bogota,South America,7.4
8224,2026-02,Bogota,South America,7.51
8225,2026-03,Bogota,South America,7.62
8226,2025-10,Bogota,South America,7.22
8227,2025-11,Bogota,South America,7.46
8228,2025-12,Bogota,South America,7.64
8229,2026-01,Bogota,South America,7.4
8230,2026-02,Bogota,South America,7.51
8231,2026-03,Bogota,South America,7.62
8232,2025-10,Lima,South America,9.42
8233,2025-11,Lima,South America,9.63
8234,2025-12,Lima,South America,9.62
8235,2026-01,Lima,South America,9.69
8236,2026-02,Lima,South America,9.66
8237,2026-03,Lima,South America,9.76
8238,2025-10,Lima,South America,9.42
8239,2025-11,Lima,South America,9.63
8240,2025-12,Lima,South America,9.62
8241,2026-01,Lima,South America,9.69
8242,2026-02,Lima,South America,9.66
8243,2026-03,Lima,South America,9.76
8244,2025-10,Lima,South America,9.42
8245,2025-11,Lima,South America,9.63
8246,2025-12,Lima,South America,9.62
8247,2026-01,Lima,South America,9.69
8248,2026-02,Lima,South America,9.66
8249,2026-03,Lima,South America,9.76
8250,2025-10,Lima,South America,9.42
8251,2025-11,Lima,South America,9.63
8252,2025-12,Lima,South America,9.62
8253,2026-01,Lima,South America,9.69
8254,2026-02,Lima,South America,9.66
8255,2026-03,Lima,South America,9.76
8256,2025-10,Lima,South America,9.42
8257,2025-11,Lima,South America,9.63
8258,2025-12,Lima,South America,9.62
8259,2026-01,Lima,South America,9.69
8260,2026-02,Lima,South America,9.66
8261,2026-03,Lima,South America,9.76
8262,2025-10,Lima,South America,9.42
8263,2025-11,Lima,South America,9.63
8264,2025-12,Lima,South America,9.62
8265,2026-01,Lima,South America,9.69
8266,2026-02,Lima,South America,9.66
8267,2026-03,Lima,South America,9.76
8268,2025-10,Lima,South America,9.42
8269,2025-11,Lima,South America,9.63
8270,2025-12,Lima,South America,9.62
8271,2026-01,Lima,South America,9.69
8272,2026-02,Lima,South America,9.66
8273,2026-03,Lima,South America,9.76
8274,2025-10,Lima,South America,9.42
8275,2025-11,Lima,South America,9.63
8276,2025-12,Lima,South America,9.62
8277,2026-01,Lima,South America,9.69
8278,2026-02,Lima,South America,9.66
8279,2026-03,Lima,South America,9.76
8280,2025-10,Lima,South America,9.42
8281,2025-11,Lima,South America,9.63
8282,2025-12,Lima,South America,9.62
8283,2026-01,Lima,South America,9.69
8284,2026-02,Lima,South America,9.66
8285,2026-03,Lima,South America,9.76
8286,2025-10,Lima,South America,9.42
8287,2025-11,Lima,South America,9.63
8288,2025-12,Lima,South America,9.62
8289,2026-01,Lima,South America,9.69
8290,2026-02,Lima,South America,9.66
8291,2026-03,Lima,South America,9.76
8292,2025-10,Lima,South America,9.42
8293,2025-11,Lima,South America,9.63
8294,2025-12,Lima,South America,9.62
8295,2026-01,Lima,South America,9.69
8296,2026-02,Lima,South America,9.66
8297,2026-03,Lima,South America,9.76
8298,2025-10,Lima,South America,9.42
8299,2025-11,Lima,South America,9.63
8300,2025-12,Lima,South America,9.62
8301,2026-01,Lima,South America,9.69
8302,2026-02,Lima,South America,9.66
8303,2026-03,Lima,South America,9.76
8304,2025-10,Lima,South America,9.42
8305,2025-11,Lima,South America,9.63
8306,2025-12,Lima,South America,9.62
8307,2026-01,Lima,South America,9.69
8308,2026-02,Lima,South America,9.66
8309,2026-03,Lima,South America,9.76
8310,2025-10,Lima,South America,9.42
8311,2025-11,Lima,South America,9.63
8312,2025-12,Lima,South America,9.62
8313,2026-01,Lima,South America,9.69
8314,2026-02,Lima,South America,9.66
8315,2026-03,Lima,South America,9.76
8316,2025-10,Santiago,South America,8.7
8317,2025-11,Santiago,South America,8.91
8318,2025-12,Santiago,South America,8.95
8319,2026-01,Santiago,South America,8.97
8320,2026-02,Santiago,South America,9.16
8321,2026-03,Santiago,South America,9.17
8322,2025-10,Santiago,South America,8.7
8323,2025-11,Santiago,South America,8.91
8324,2025-12,Santiago,South America,8.95
8325,2026-01,Santiago,South America,8.97
8326,2026-02,Santiago,South America,9.16
8327,2026-03,Santiago,South America,9.17
8328,2025-10,Santiago,South America,8.7
8329,2025-11,Santiago,South America,8.91
8330,2025-12,Santiago,South America,8.95
8331,2026-01,Santiago,South America,8.97
8332,2026-02,Santiago,South America,9.16
8333,2026-03,Santiago,South America,9.17
8334,2025-10,Santiago,South America,8.7
8335,2025-11,Santiago,South America,8.91
8336,2025-12,Santiago,South America,8.95
8337,2026-01,Santiago,South America,8.97
8338,2026-02,Santiago,South America,9.16
8339,2026-03,Santiago,South America,9.17
8340,2025-10,Santiago,South America,8.7
8341,2025-11,Santiago,South America,8.91
8342,2025-12,Santiago,South America,8.95
8343,2026-01,Santiago,South America,8.97
8344,2026-02,Santiago,South America,9.16
8345,2026-03,Santiago,South America,9.17
8346,2025-10,Santiago,South America,8.7
8347,2025-11,Santiago,South America,8.91
8348,2025-12,Santiago,South America,8.95
8349,2026-01,Santiago,South America,8.97
8350,2026-02,Santiago,South America,9.16
8351,2026-03,Santiago,South America,9.17
8352,2025-10,Santiago,South America,8.7
8353,2025-11,Santiago,South America,8.91
8354,2025-12,Santiago,South America,8.95
8355,2026-01,Santiago,South America,8.97
8356,2026-02,Santiago,South America,9.16
8357,2026-03,Santiago,South America,9.17
8358,2025-10,Santiago,South America,8.7
8359,2025-11,Santiago,South America,8.91
8360,2025-12,Santiago,South America,8.95
8361,2026-01,Santiago,South America,8.97
8362,2026-02,Santiago,South America,9.16
8363,2026-03,Santiago,South America,9.17
8364,2025-10,Santiago,South America,8.7
8365,2025-11,Santiago,South America,8.91
8366,2025-12,Santiago,South America,8.95
8367,2026-01,Santiago,South America,8.97
8368,2026-02,Santiago,South America,9.16
8369,2026-03,Santiago,South America,9.17
8370,2025-10,Santiago,South America,8.7
8371,2025-11,Santiago,South America,8.91
8372,2025-12,Santiago,South America,8.95
8373,2026-01,Santiago,South America,8.97
8374,2026-02,Santiago,South America,9.16
8375,2026-03,Santiago,South America,9.17
8376,2025-10,Santiago,South America,8.7
8377,2025-11,Santiago,South America,8.91
8378,2025-12,Santiago,South America,8.95
8379,2026-01,Santiago,South America,8.97
8380,2026-02,Santiago,South America,9.16
8381,2026-03,Santiago,South America,9.17
8382,2025-10,Santiago,South America,8.7
8383,2025-11,Santiago,South America,8.91
8384,2025-12,Santiago,South America,8.95
8385,2026-01,Santiago,South America,8.97
8386,2026-02,Santiago,South America,9.16
8387,2026-03,Santiago,South America,9.17
8388,2025-10,Santiago,South America,8.7
8389,2025-11,Santiago,South America,8.91
8390,2025-12,Santiago,South America,8.95
8391,2026-01,Santiago,South America,8.97
8392,2026-02,Santiago,South America,9.16
8393,2026-03,Santiago,South America,9.17
8394,2025-10,Santiago,South America,8.7
8395,2025-11,Santiago,South America,8.91
8396,2025-12,Santiago,South America,8.95
8397,2026-01,Santiago,South America,8.97
8398,2026-02,Santiago,South America,9.16
8399,2026-03,Santiago,South America,9.17
8400,2025-10,Quito,South America,6.69
8401,2025-11,Quito,South America,6.89
8402,2025-12,Quito,South America,6.9
8403,2026-01,Quito,South America,6.82
8404,2026-02,Quito,South America,6.91
8405,2026-03,Quito,South America,6.96
8406,2025-10,Quito,South America,6.69
8407,2025-11,Quito,South America,6.89
8408,2025-12,Quito,South America,6.9
8409,2026-01,Quito,South America,6.82
8410,2026-02,Quito,South America,6.91
8411,2026-03,Quito,South America,6.96
8412,2025-10,Quito,South America,6.69
8413,2025-11,Quito,South America,6.89
8414,2025-12,Quito,South America,6.9
8415,2026-01,Quito,South America,6.82
8416,2026-02,Quito,South America,6.91
8417,2026-03,Quito,South America,6.96
8418,2025-10,Quito,South America,6.69
8419,2025-11,Quito,South America,6.89
8420,2025-12,Quito,South America,6.9
8421,2026-01,Quito,South America,6.82
8422,2026-02,Quito,South America,6.91
8423,2026-03,Quito,South America,6.96
8424,2025-10,Quito,South America,6.69
8425,2025-11,Quito,South America,6.89
8426,2025-12,Quito,South America,6.9
8427,2026-01,Quito,South America,6.82
8428,2026-02,Quito,South America,6.91
8429,2026-03,Quito,South America,6.96
8430,2025-10,Quito,South America,6.69
8431,2025-11,Quito,South America,6.89
8432,2025-12,Quito,South America,6.9
8433,2026-01,Quito,South America,6.82
8434,2026-02,Quito,South America,6.91
8435,2026-03,Quito,South America,6.96
8436,2025-10,Quito,South America,6.69
8437,2025-11,Quito,South America,6.89
8438,2025-12,Quito,South America,6.9
8439,2026-01,Quito,South America,6.82
8440,2026-02,Quito,South America,6.91
8441,2026-03,Quito,South America,6.96
8442,2025-10,Quito,South America,6.69
8443,2025-11,Quito,South America,6.89
8444,2025-12,Quito,South America,6.9
8445,2026-01,Quito,South America,6.82
8446,2026-02,Quito,South America,6.91
8447,2026-03,Quito,South America,6.96
8448,2025-10,Quito,South America,6.69
8449,2025-11,Quito,South America,6.89
8450,2025-12,Quito,South America,6.9
8451,2026-01,Quito,South America,6.82
8452,2026-02,Quito,South America,6.91
8453,2026-03,Quito,South America,6.96
8454,2025-10,Quito,South America,6.69
8455,2025-11,Quito,South America,6.89
8456,2025-12,Quito,South America,6.9
8457,2026-01,Quito,South America,6.82
8458,2026-02,Quito,South America,6.91
8459,2026-03,Quito,South America,6.96
8460,2025-10,Quito,South America,6.69
8461,2025-11,Quito,South America,6.89
8462,2025-12,Quito,South America,6.9
8463,2026-01,Quito,South America,6.82
8464,2026-02,Quito,South America,6.91
8465,2026-03,Quito,South America,6.96
8466,2025-10,Quito,South America,6.69
8467,2025-11,Quito,South America,6.89
8468,2025-12,Quito,South America,6.9
8469,2026-01,Quito,South America,6.82
8470,2026-02,Quito,South America,6.91
8471,2026-03,Quito,South America,6.96
8472,2025-10,Quito,South America,6.69
8473,2025-11,Quito,South America,6.89
8474,2025-12,Quito,South America,6.9
8475,2026-01,Quito,South America,6.82
8476,2026-02,Quito,South America,6.91
8477,2026-03,Quito,South America,6.96
8478,2025-10,Quito,South America,6.69
8479,2025-11,Quito,South America,6.89
8480,2025-12,Quito,South America,6.9
8481,2026-01,Quito,South America,6.82
8482,2026-02,Quito,South America,6.91
8483,2026-03,Quito,South America,6.96
8484,2025-10,Santo Domingo,North America,7.37
8485,2025-11,Santo Domingo,North America,7.41
8486,2025-12,Santo Domingo,North America,7.63
8487,2026-01,Santo Domingo,North America,7.46
8488,2026-02,Santo Domingo,North America,7.66
8489,2026-03,Santo Domingo,North America,7.66
8490,2025-10,Santo Domingo,North America,7.37
8491,2025-11,Santo Domingo,North America,7.41
8492,2025-12,Santo Domingo,North America,7.63
8493,2026-01,Santo Domingo,North America,7.46
8494,2026-02,Santo Domingo,North America,7.66
8495,2026-03,Santo Domingo,North America,7.66
8496,2025-10,Santo Domingo,North America,7.37
8497,2025-11,Santo Domingo,North America,7.41
8498,2025-12,Santo Domingo,North America,7.63
8499,2026-01,Santo Domingo,North America,7.46
8500,2026-02,Santo Domingo,North America,7.66
8501,2026-03,Santo Domingo,North America,7.66
8502,2025-10,Santo Domingo,North America,7.37
8503,2025-11,Santo Domingo,North America,7.41
8504,2025-12,Santo Domingo,North America,7.63
8505,2026-01,Santo Domingo,North America,7.46
8506,2026-02,Santo Domingo,North America,7.66
8507,2026-03,Santo Domingo,North America,7.66
8508,2025-10,Santo Domingo,North America,7.37
8509,2025-11,Santo Domingo,North America,7.41
8510,2025-12,Santo Domingo,North America,7.63
8511,2026-01,Santo Domingo,North America,7.46
8512,2026-02,Santo Domingo,North America,7.66
8513,2026-03,Santo Domingo,North America,7.66
8514,2025-10,Santo Domingo,North America,7.37
8515,2025-11,Santo Domingo,North America,7.41
8516,2025-12,Santo Domingo,North America,7.63
8517,2026-01,Santo Domingo,North America,7.46
8518,2026-02,Santo Domingo,North America,7.66
8519,2026-03,Santo Domingo,North America,7.66
8520,2025-10,Santo Domingo,North America,7.37
8521,2025-11,Santo Domingo,North America,7.41
8522,2025-12,Santo Domingo,North America,7.63
8523,2026-01,Santo Domingo,North America,7.46
8524,2026-02,Santo Domingo,North America,7.66
8525,2026-03,Santo Domingo,North America,7.66
8526,2025-10,Santo Domingo,North America,7.37
8527,2025-11,Santo Domingo,North America,7.41
8528,2025-12,Santo Domingo,North America,7.63
8529,2026-01,Santo Domingo,North America,7.46
8530,2026-02,Santo Domingo,North America,7.66
8531,2026-03,Santo Domingo,North America,7.66
8532,2025-10,Santo Domingo,North America,7.37
8533,2025-11,Santo Domingo,North America,7.41
8534,2025-12,Santo Domingo,North America,7.63
8535,2026-01,Santo Domingo,North America,7.46
8536,2026-02,Santo Domingo,North America,7.66
8537,2026-03,Santo Domingo,North America,7.66
8538,2025-10,Santo Domingo,North America,7.37
8539,2025-11,Santo Domingo,North America,7.41
8540,2025-12,Santo Domingo,North America,7.63
8541,2026-01,Santo Domingo,North America,7.46
8542,2026-02,Santo Domingo,North America,7.66
8543,2026-03,Santo Domingo,North America,7.66
8544,2025-10,Santo Domingo,North America,7.37
8545,2025-11,Santo Domingo,North America,7.41
8546,2025-12,Santo Domingo,North America,7.63
8547,2026-01,Santo Domingo,North America,7.46
8548,2026-02,Santo Domingo,North America,7.66
8549,2026-03,Santo Domingo,North America,7.66
8550,2025-10,Santo Domingo,North America,7.37
8551,2025-11,Santo Domingo,North America,7.41
8552,2025-12,Santo Domingo,North America,7.63
8553,2026-01,Santo Domingo,North America,7.46
8554,2026-02,Santo Domingo,North America,7.66
8555,2026-03,Santo Domingo,North America,7.66
8556,2025-10,Santo Domingo,North America,7.37
8557,2025-11,Santo Domingo,North America,7.41
8558,2025-12,Santo Domingo,North America,7.63
8559,2026-01,Santo Domingo,North America,7.46
8560,2026-02,Santo Domingo,North America,7.66
8561,2026-03,Santo Domingo,North America,7.66
8562,2025-10,Santo Domingo,North America,7.37
8563,2025-11,Santo Domingo,North America,7.41
8564,2025-12,Santo Domingo,North America,7.63
8565,2026-01,Santo Domingo,North America,7.46
8566,2026-02,Santo Domingo,North America,7.66
8567,2026-03,Santo Domingo,North America,7.66
8568,2025-10,Montevideo,South America,10.53
8569,2025-11,Montevideo,South America,10.65
8570,2025-12,Montevideo,South America,11.03
8571,2026-01,Montevideo,South America,10.78
8572,2026-02,Montevideo,South America,10.95
8573,2026-03,Montevideo,South America,10.96
8574,2025-10,Montevideo,South America,10.53
8575,2025-11,Montevideo,South America,10.65
8576,2025-12,Montevideo,South America,11.03
8577,2026-01,Montevideo,South America,10.78
8578,2026-02,Montevideo,South America,10.95
8579,2026-03,Montevideo,South America,10.96
8580,2025-10,Montevideo,South America,10.53
8581,2025-11,Montevideo,South America,10.65
8582,2025-12,Montevideo,South America,11.03
8583,2026-01,Montevideo,South America,10.78
8584,2026-02,Montevideo,South America,10.95
8585,2026-03,Montevideo,South America,10.96
8586,2025-10,Montevideo,South America,10.53
8587,2025-11,Montevideo,South America,10.65
8588,2025-12,Montevideo,South America,11.03
8589,2026-01,Montevideo,South America,10.78
8590,2026-02,Montevideo,South America,10.95
8591,2026-03,Montevideo,South America,10.96
8592,2025-10,Montevideo,South America,10.53
8593,2025-11,Montevideo,South America,10.65
8594,2025-12,Montevideo,South America,11.03
8595,2026-01,Montevideo,South America,10.78
8596,2026-02,Montevideo,South America,10.95
8597,2026-03,Montevideo,South America,10.96
8598,2025-10,Montevideo,South America,10.53
8599,2025-11,Montevideo,South America,10.65
8600,2025-12,Montevideo,South America,11.03
8601,2026-01,Montevideo,South America,10.78
8602,2026-02,Montevideo,South America,10.95
8603,2026-03,Montevideo,South America,10.96
8604,2025-10,Montevideo,South America,10.53
8605,2025-11,Montevideo,South America,10.65
8606,2025-12,Montevideo,South America,11.03
8607,2026-01,Montevideo,South America,10.78
8608,2026-02,Montevideo,South America,10.95
8609,2026-03,Montevideo,South America,10.96
8610,2025-10,Montevideo,South America,10.53
8611,2025-11,Montevideo,South America,10.65
8612,2025-12,Montevideo,South America,11.03
8613,2026-01,Montevideo,South America,10.78
8614,2026-02,Montevideo,South America,10.95
8615,2026-03,Montevideo,South America,10.96
8616,2025-10,Montevideo,South America,10.53
8617,2025-11,Montevideo,South America,10.65
8618,2025-12,Montevideo,South America,11.03
8619,2026-01,Montevideo,South America,10.78
8620,2026-02,Montevideo,South America,10.95
8621,2026-03,Montevideo,South America,10.96
8622,2025-10,Montevideo,South America,10.53
8623,2025-11,Montevideo,South America,10.65
8624,2025-12,Montevideo,South America,11.03
8625,2026-01,Montevideo,South America,10.78
8626,2026-02,Montevideo,South America,10.95
8627,2026-03,Montevideo,South America,10.96
8628,2025-10,Montevideo,South America,10.53
8629,2025-11,Montevideo,South America,10.65
8630,2025-12,Montevideo,South America,11.03
8631,2026-01,Montevideo,South America,10.78
8632,2026-02,Montevideo,South America,10.95
8633,2026-03,Montevideo,South America,10.96
8634,2025-10,Montevideo,South America,10.53
8635,2025-11,Montevideo,South America,10.65
8636,2025-12,Montevideo,South America,11.03
8637,2026-01,Montevideo,South America,10.78
8638,2026-02,Montevideo,South America,10.95
8639,2026-03,Montevideo,South America,10.96
8640,2025-10,Montevideo,South America,10.53
8641,2025-11,Montevideo,South America,10.65
8642,2025-12,Montevideo,South America,11.03
8643,2026-01,Montevideo,South America,10.78
8644,2026-02,Montevideo,South America,10.95
8645,2026-03,Montevideo,South America,10.96
8646,2025-10,Montevideo,South America,10.53
8647,2025-11,Montevideo,South America,10.65
8648,2025-12,Montevideo,South America,11.03
8649,2026-01,Montevideo,South America,10.78
8650,2026-02,Montevideo,South America,10.95
8651,2026-03,Montevideo,South America,10.96
8652,2025-10,Sydney,Oceania,12.95
8653,2025-11,Sydney,Oceania,12.85
8654,2025-12,Sydney,Oceania,13.08
8655,2026-01,Sydney,Oceania,13.23
8656,2026-02,Sydney,Oceania,13.15
8657,2026-03,Sydney,Oceania,13.26
8658,2025-10,Sydney,Oceania,12.95
8659,2025-11,Sydney,Oceania,12.85
8660,2025-12,Sydney,Oceania,13.08
8661,2026-01,Sydney,Oceania,13.23
8662,2026-02,Sydney,Oceania,13.15
8663,2026-03,Sydney,Oceania,13.26
8664,2025-10,Sydney,Oceania,12.95
8665,2025-11,Sydney,Oceania,12.85
8666,2025-12,Sydney,Oceania,13.08
8667,2026-01,Sydney,Oceania,13.23
8668,2026-02,Sydney,Oceania,13.15
8669,2026-03,Sydney,Oceania,13.26
8670,2025-10,Sydney,Oceania,12.95
8671,2025-11,Sydney,Oceania,12.85
8672,2025-12,Sydney,Oceania,13.08
8673,2026-01,Sydney,Oceania,13.23
8674,2026-02,Sydney,Oceania,13.15
8675,2026-03,Sydney,Oceania,13.26
8676,2025-10,Sydney,Oceania,12.95
8677,2025-11,Sydney,Oceania,12.85
8678,2025-12,Sydney,Oceania,13.08
8679,2026-01,Sydney,Oceania,13.23
8680,2026-02,Sydney,Oceania,13.15
8681,2026-03,Sydney,Oceania,13.26
8682,2025-10,Sydney,Oceania,12.95
8683,2025-11,Sydney,Oceania,12.85
8684,2025-12,Sydney,Oceania,13.08
8685,2026-01,Sydney,Oceania,13.23
8686,2026-02,Sydney,Oceania,13.15
8687,2026-03,Sydney,Oceania,13.26
8688,2025-10,Sydney,Oceania,12.95
8689,2025-11,Sydney,Oceania,12.85
8690,2025-12,Sydney,Oceania,13.08
8691,2026-01,Sydney,Oceania,13.23
8692,2026-02,Sydney,Oceania,13.15
8693,2026-03,Sydney,Oceania,13.26
8694,2025-10,Sydney,Oceania,12.95
8695,2025-11,Sydney,Oceania,12.85
8696,2025-12,Sydney,Oceania,13.08
8697,2026-01,Sydney,Oceania,13.23
8698,2026-02,Sydney,Oceania,13.15
8699,2026-03,Sydney,Oceania,13.26
8700,2025-10,Sydney,Oceania,12.95
8701,2025-11,Sydney,Oceania,12.85
8702,2025-12,Sydney,Oceania,13.08
8703,2026-01,Sydney,Oceania,13.23
8704,2026-02,Sydney,Oceania,13.15
8705,2026-03,Sydney,Oceania,13.26
8706,2025-10,Sydney,Oceania,12.95
8707,2025-11,Sydney,Oceania,12.85
8708,2025-12,Sydney,Oceania,13.08
8709,2026-01,Sydney,Oceania,13.23
8710,2026-02,Sydney,Oceania,13.15
8711,2026-03,Sydney,Oceania,13.26
8712,2025-10,Sydney,Oceania,12.95
8713,2025-11,Sydney,Oceania,12.85
8714,2025-12,Sydney,Oceania,13.08
8715,2026-01,Sydney,Oceania,13.23
8716,2026-02,Sydney,Oceania,13.15
8717,2026-03,Sydney,Oceania,13.26
8718,2025-10,Sydney,Oceania,12.95
8719,2025-11,Sydney,Oceania,12.85
8720,2025-12,Sydney,Oceania,13.08
8721,2026-01,Sydney,Oceania,13.23
8722,2026-02,Sydney,Oceania,13.15
8723,2026-03,Sydney,Oceania,13.26
8724,2025-10,Sydney,Oceania,12.95
8725,2025-11,Sydney,Oceania,12.85
8726,2025-12,Sydney,Oceania,13.08
8727,2026-01,Sydney,Oceania,13.23
8728,2026-02,Sydney,Oceania,13.15
8729,2026-03,Sydney,Oceania,13.26
8730,2025-10,Sydney,Oceania,12.95
8731,2025-11,Sydney,Oceania,12.85
8732,2025-12,Sydney,Oceania,13.08
8733,2026-01,Sydney,Oceania,13.23
8734,2026-02,Sydney,Oceania,13.15
8735,2026-03,Sydney,Oceania,13.26
8736,2025-10,Melbourne,Oceania,11.8
8737,2025-11,Melbourne,Oceania,11.95
8738,2025-12,Melbourne,Oceania,12.24
8739,2026-01,Melbourne,Oceania,11.98
8740,2026-02,Melbourne,Oceania,12.33
8741,2026-03,Melbourne,Oceania,12.25
8742,2025-10,Melbourne,Oceania,11.8
8743,2025-11,Melbourne,Oceania,11.95
8744,2025-12,Melbourne,Oceania,12.24
8745,2026-01,Melbourne,Oceania,11.98
8746,2026-02,Melbourne,Oceania,12.33
8747,2026-03,Melbourne,Oceania,12.25
8748,2025-10,Melbourne,Oceania,11.8
8749,2025-11,Melbourne,Oceania,11.95
8750,2025-12,Melbourne,Oceania,12.24
8751,2026-01,Melbourne,Oceania,11.98
8752,2026-02,Melbourne,Oceania,12.33
8753,2026-03,Melbourne,Oceania,12.25
8754,2025-10,Melbourne,Oceania,11.8
8755,2025-11,Melbourne,Oceania,11.95
8756,2025-12,Melbourne,Oceania,12.24
8757,2026-01,Melbourne,Oceania,11.98
8758,2026-02,Melbourne,Oceania,12.33
8759,2026-03,Melbourne,Oceania,12.25
8760,2025-10,Melbourne,Oceania,11.8
8761,2025-11,Melbourne,Oceania,11.95
8762,2025-12,Melbourne,Oceania,12.24
8763,2026-01,Melbourne,Oceania,11.98
8764,2026-02,Melbourne,Oceania,12.33
8765,2026-03,Melbourne,Oceania,12.25
8766,2025-10,Melbourne,Oceania,11.8
8767,2025-11,Melbourne,Oceania,11.95
8768,2025-12,Melbourne,Oceania,12.24
8769,2026-01,Melbourne,Oceania,11.98
8770,2026-02,Melbourne,Oceania,12.33
8771,2026-03,Melbourne,Oceania,12.25
8772,2025-10,Melbourne,Oceania,11.8
8773,2025-11,Melbourne,Oceania,11.95
8774,2025-12,Melbourne,Oceania,12.24
8775,2026-01,Melbourne,Oceania,11.98
8776,2026-02,Melbourne,Oceania,12.33
8777,2026-03,Melbourne,Oceania,12.25
8778,2025-10,Melbourne,Oceania,11.8
8779,2025-11,Melbourne,Oceania,11.95
8780,2025-12,Melbourne,Oceania,12.24
8781,2026-01,Melbourne,Oceania,11.98
8782,2026-02,Melbourne,Oceania,12.33
8783,2026-03,Melbourne,Oceania,12.25
8784,2025-10,Melbourne,Oceania,11.8
8785,2025-11,Melbourne,Oceania,11.95
8786,2025-12,Melbourne,Oceania,12.24
8787,2026-01,Melbourne,Oceania,11.98
8788,2026-02,Melbourne,Oceania,12.33
8789,2026-03,Melbourne,Oceania,12.25
8790,2025-10,Melbourne,Oceania,11.8
8791,2025-11,Melbourne,Oceania,11.95
8792,2025-12,Melbourne,Oceania,12.24
8793,2026-01,Melbourne,Oceania,11.98
8794,2026-02,Melbourne,Oceania,12.33
8795,2026-03,Melbourne,Oceania,12.25
8796,2025-10,Melbourne,Oceania,11.8
8797,2025-11,Melbourne,Oceania,11.95
8798,2025-12,Melbourne,Oceania,12.24
8799,2026-01,Melbourne,Oceania,11.98
8800,2026-02,Melbourne,Oceania,12.33
8801,2026-03,Melbourne,Oceania,12.25
8802,2025-10,Melbourne,Oceania,11.8
8803,2025-11,Melbourne,Oceania,11.95
8804,2025-12,Melbourne,Oceania,12.24
8805,2026-01,Melbourne,Oceania,11.98
8806,2026-02,Melbourne,Oceania,12.33
8807,2026-03,Melbourne,Oceania,12.25
8808,2025-10,Melbourne,Oceania,11.8
8809,2025-11,Melbourne,Oceania,11.95
8810,2025-12,Melbourne,Oceania,12.24
8811,2026-01,Melbourne,Oceania,11.98
8812,2026-02,Melbourne,Oceania,12.33
8813,2026-03,Melbourne,Oceania,12.25
8814,2025-10,Melbourne,Oceania,11.8
8815,2025-11,Melbourne,Oceania,11.95
8816,2025-12,Melbourne,Oceania,12.24
8817,2026-01,Melbourne,Oceania,11.98
8818,2026-02,Melbourne,Oceania,12.33
8819,2026-03,Melbourne,Oceania,12.25
8820,2025-10,Brisbane,Oceania,12.12
8821,2025-11,Brisbane,Oceania,12.31
8822,2025-12,Brisbane,Oceania,12.61
8823,2026-01,Brisbane,Oceania,12.49
8824,2026-02,Brisbane,Oceania,12.59
8825,2026-03,Brisbane,Oceania,12.62
8826,2025-10,Brisbane,Oceania,12.12
8827,2025-11,Brisbane,Oceania,12.31
8828,2025-12,Brisbane,Oceania,12.61
8829,2026-01,Brisbane,Oceania,12.49
8830,2026-02,Brisbane,Oceania,12.59
8831,2026-03,Brisbane,Oceania,12.62
8832,2025-10,Brisbane,Oceania,12.12
8833,2025-11,Brisbane,Oceania,12.31
8834,2025-12,Brisbane,Oceania,12.61
8835,2026-01,Brisbane,Oceania,12.49
8836,2026-02,Brisbane,Oceania,12.59
8837,2026-03,Brisbane,Oceania,12.62
8838,2025-10,Brisbane,Oceania,12.12
8839,2025-11,Brisbane,Oceania,12.31
8840,2025-12,Brisbane,Oceania,12.61
8841,2026-01,Brisbane,Oceania,12.49
8842,2026-02,Brisbane,Oceania,12.59
8843,2026-03,Brisbane,Oceania,12.62
8844,2025-10,Brisbane,Oceania,12.12
8845,2025-11,Brisbane,Oceania,12.31
8846,2025-12,Brisbane,Oceania,12.61
8847,2026-01,Brisbane,Oceania,12.49
8848,2026-02,Brisbane,Oceania,12.59
8849,2026-03,Brisbane,Oceania,12.62
8850,2025-10,Brisbane,Oceania,12.12
8851,2025-11,Brisbane,Oceania,12.31
8852,2025-12,Brisbane,Oceania,12.61
8853,2026-01,Brisbane,Oceania,12.49
8854,2026-02,Brisbane,Oceania,12.59
8855,2026-03,Brisbane,Oceania,12.62
8856,2025-10,Brisbane,Oceania,12.12
8857,2025-11,Brisbane,Oceania,12.31
8858,2025-12,Brisbane,Oceania,12.61
8859,2026-01,Brisbane,Oceania,12.49
8860,2026-02,Brisbane,Oceania,12.59
8861,2026-03,Brisbane,Oceania,12.62
8862,2025-10,Brisbane,Oceania,12.12
8863,2025-11,Brisbane,Oceania,12.31
8864,2025-12,Brisbane,Oceania,12.61
8865,2026-01,Brisbane,Oceania,12.49
8866,2026-02,Brisbane,Oceania,12.59
8867,2026-03,Brisbane,Oceania,12.62
8868,2025-10,Brisbane,Oceania,12.12
8869,2025-11,Brisbane,Oceania,12.31
8870,2025-12,Brisbane,Oceania,12.61
8871,2026-01,Brisbane,Oceania,12.49
8872,2026-02,Brisbane,Oceania,12.59
8873,2026-03,Brisbane,Oceania,12.62
8874,2025-10,Brisbane,Oceania,12.12
8875,2025-11,Brisbane,Oceania,12.31
8876,2025-12,Brisbane,Oceania,12.61
8877,2026-01,Brisbane,Oceania,12.49
8878,2026-02,Brisbane,Oceania,12.59
8879,2026-03,Brisbane,Oceania,12.62
8880,2025-10,Brisbane,Oceania,12.12
8881,2025-11,Brisbane,Oceania,12.31
8882,2025-12,Brisbane,Oceania,12.61
8883,2026-01,Brisbane,Oceania,12.49
8884,2026-02,Brisbane,Oceania,12.59
8885,2026-03,Brisbane,Oceania,12.62
8886,2025-10,Brisbane,Oceania,12.12
8887,2025-11,Brisbane,Oceania,12.31
8888,2025-12,Brisbane,Oceania,12.61
8889,2026-01,Brisbane,Oceania,12.49
8890,2026-02,Brisbane,Oceania,12.59
8891,2026-03,Brisbane,Oceania,12.62
8892,2025-10,Brisbane,Oceania,12.12
8893,2025-11,Brisbane,Oceania,12.31
8894,2025-12,Brisbane,Oceania,12.61
8895,2026-01,Brisbane,Oceania,12.49
8896,2026-02,Brisbane,Oceania,12.59
8897,2026-03,Brisbane,Oceania,12.62
8898,2025-10,Brisbane,Oceania,12.12
8899,2025-11,Brisbane,Oceania,12.31
8900,2025-12,Brisbane,Oceania,12.61
8901,2026-01,Brisbane,Oceania,12.49
8902,2026-02,Brisbane,Oceania,12.59
8903,2026-03,Brisbane,Oceania,12.62
8904,2025-10,Auckland,Oceania,13.32
8905,2025-11,Auckland,Oceania,14.0
8906,2025-12,Auckland,Oceania,14.11
8907,2026-01,Auckland,Oceania,14.01
8908,2026-02,Auckland,Oceania,14.26
8909,2026-03,Auckland,Oceania,14.05
8910,2025-10,Auckland,Oceania,13.32
8911,2025-11,Auckland,Oceania,14.0
8912,2025-12,Auckland,Oceania,14.11
8913,2026-01,Auckland,Oceania,14.01
8914,2026-02,Auckland,Oceania,14.26
8915,2026-03,Auckland,Oceania,14.05
8916,2025-10,Auckland,Oceania,13.32
8917,2025-11,Auckland,Oceania,14.0
8918,2025-12,Auckland,Oceania,14.11
8919,2026-01,Auckland,Oceania,14.01
8920,2026-02,Auckland,Oceania,14.26
8921,2026-03,Auckland,Oceania,14.05
8922,2025-10,Auckland,Oceania,13.32
8923,2025-11,Auckland,Oceania,14.0
8924,2025-12,Auckland,Oceania,14.11
8925,2026-01,Auckland,Oceania,14.01
8926,2026-02,Auckland,Oceania,14.26
8927,2026-03,Auckland,Oceania,14.05
8928,2025-10,Auckland,Oceania,13.32
8929,2025-11,Auckland,Oceania,14.0
8930,2025-12,Auckland,Oceania,14.11
8931,2026-01,Auckland,Oceania,14.01
8932,2026-02,Auckland,Oceania,14.26
8933,2026-03,Auckland,Oceania,14.05
8934,2025-10,Auckland,Oceania,13.32
8935,2025-11,Auckland,Oceania,14.0
8936,2025-12,Auckland,Oceania,14.11
8937,2026-01,Auckland,Oceania,14.01
8938,2026-02,Auckland,Oceania,14.26
8939,2026-03,Auckland,Oceania,14.05
8940,2025-10,Auckland,Oceania,13.32
8941,2025-11,Auckland,Oceania,14.0
8942,2025-12,Auckland,Oceania,14.11
8943,2026-01,Auckland,Oceania,14.01
8944,2026-02,Auckland,Oceania,14.26
8945,2026-03,Auckland,Oceania,14.05
8946,2025-10,Auckland,Oceania,13.32
8947,2025-11,Auckland,Oceania,14.0
8948,2025-12,Auckland,Oceania,14.11
8949,2026-01,Auckland,Oceania,14.01
8950,2026-02,Auckland,Oceania,14.26
8951,2026-03,Auckland,Oceania,14.05
8952,2025-10,Auckland,Oceania,13.32
8953,2025-11,Auckland,Oceania,14.0
8954,2025-12,Auckland,Oceania,14.11
8955,2026-01,Auckland,Oceania,14.01
8956,2026-02,Auckland,Oceania,14.26
8957,2026-03,Auckland,Oceania,14.05
8958,2025-10,Auckland,Oceania,13.32
8959,2025-11,Auckland,Oceania,14.0
8960,2025-12,Auckland,Oceania,14.11
8961,2026-01,Auckland,Oceania,14.01
8962,2026-02,Auckland,Oceania,14.26
8963,2026-03,Auckland,Oceania,14.05
8964,2025-10,Auckland,Oceania,13.32
8965,2025-11,Auckland,Oceania,14.0
8966,2025-12,Auckland,Oceania,14.11
8967,2026-01,Auckland,Oceania,14.01
8968,2026-02,Auckland,Oceania,14.26
8969,2026-03,Auckland,Oceania,14.05
8970,2025-10,Auckland,Oceania,13.32
8971,2025-11,Auckland,Oceania,14.0
8972,2025-12,Auckland,Oceania,14.11
8973,2026-01,Auckland,Oceania,14.01
8974,2026-02,Auckland,Oceania,14.26
8975,2026-03,Auckland,Oceania,14.05
8976,2025-10,Auckland,Oceania,13.32
8977,2025-11,Auckland,Oceania,14.0
8978,2025-12,Auckland,Oceania,14.11
8979,2026-01,Auckland,Oceania,14.01
8980,2026-02,Auckland,Oceania,14.26
8981,2026-03,Auckland,Oceania,14.05
8982,2025-10,Auckland,Oceania,13.32
8983,2025-11,Auckland,Oceania,14.0
8984,2025-12,Auckland,Oceania,14.11
8985,2026-01,Auckland,Oceania,14.01
8986,2026-02,Auckland,Oceania,14.26
8987,2026-03,Auckland,Oceania,14.05
8988,2025-10,Wellington,Oceania,13.45
8989,2025-11,Wellington,Oceania,13.31
8990,2025-12,Wellington,Oceania,13.77
8991,2026-01,Wellington,Oceania,13.18
8992,2026-02,Wellington,Oceania,13.71
8993,2026-03,Wellington,Oceania,13.66
8994,2025-10,Wellington,Oceania,13.45
8995,2025-11,Wellington,Oceania,13.31
8996,2025-12,Wellington,Oceania,13.77
8997,2026-01,Wellington,Oceania,13.18
8998,2026-02,Wellington,Oceania,13.71
8999,2026-03,Wellington,Oceania,13.66
9000,2025-10,Wellington,Oceania,13.45
9001,2025-11,Wellington,Oceania,13.31
9002,2025-12,Wellington,Oceania,13.77
9003,2026-01,Wellington,Oceania,13.18
9004,2026-02,Wellington,Oceania,13.71
9005,2026-03,Wellington,Oceania,13.66
9006,2025-10,Wellington,Oceania,13.45
9007,2025-11,Wellington,Oceania,13.31
9008,2025-12,Wellington,Oceania,13.77
9009,2026-01,Wellington,Oceania,13.18
9010,2026-02,Wellington,Oceania,13.71
9011,2026-03,Wellington,Oceania,13.66
9012,2025-10,Wellington,Oceania,13.45
9013,2025-11,Wellington,Oceania,13.31
9014,2025-12,Wellington,Oceania,13.77
9015,2026-01,Wellington,Oceania,13.18
9016,2026-02,Wellington,Oceania,13.71
9017,2026-03,Wellington,Oceania,13.66
9018,2025-10,Wellington,Oceania,13.45
9019,2025-11,Wellington,Oceania,13.31
9020,2025-12,Wellington,Oceania,13.77
9021,2026-01,Wellington,Oceania,13.18
9022,2026-02,Wellington,Oceania,13.71
9023,2026-03,Wellington,Oceania,13.66
9024,2025-10,Wellington,Oceania,13.45
9025,2025-11,Wellington,Oceania,13.31
9026,2025-12,Wellington,Oceania,13.77
9027,2026-01,Wellington,Oceania,13.18
9028,2026-02,Wellington,Oceania,13.71
9029,2026-03,Wellington,Oceania,13.66
9030,2025-10,Wellington,Oceania,13.45
9031,2025-11,Wellington,Oceania,13.31
9032,2025-12,Wellington,Oceania,13.77
9033,2026-01,Wellington,Oceania,13.18
9034,2026-02,Wellington,Oceania,13.71
9035,2026-03,Wellington,Oceania,13.66
9036,2025-10,Wellington,Oceania,13.45
9037,2025-11,Wellington,Oceania,13.31
9038,2025-12,Wellington,Oceania,13.77
9039,2026-01,Wellington,Oceania,13.18
9040,2026-02,Wellington,Oceania,13.71
9041,2026-03,Wellington,Oceania,13.66
9042,2025-10,Wellington,Oceania,13.45
9043,2025-11,Wellington,Oceania,13.31
9044,2025-12,Wellington,Oceania,13.77
9045,2026-01,Wellington,Oceania,13.18
9046,2026-02,Wellington,Oceania,13.71
9047,2026-03,Wellington,Oceania,13.66
9048,2025-10,Wellington,Oceania,13.45
9049,2025-11,Wellington,Oceania,13.31
9050,2025-12,Wellington,Oceania,13.77
9051,2026-01,Wellington,Oceania,13.18
9052,2026-02,Wellington,Oceania,13.71
9053,2026-03,Wellington,Oceania,13.66
9054,2025-10,Wellington,Oceania,13.45
9055,2025-11,Wellington,Oceania,13.31
9056,2025-12,Wellington,Oceania,13.77
9057,2026-01,Wellington,Oceania,13.18
9058,2026-02,Wellington,Oceania,13.71
9059,2026-03,Wellington,Oceania,13.66
9060,2025-10,Wellington,Oceania,13.45
9061,2025-11,Wellington,Oceania,13.31
9062,2025-12,Wellington,Oceania,13.77
9063,2026-01,Wellington,Oceania,13.18
9064,2026-02,Wellington,Oceania,13.71
9065,2026-03,Wellington,Oceania,13.66
9066,2025-10,Wellington,Oceania,13.45
9067,2025-11,Wellington,Oceania,13.31
9068,2025-12,Wellington,Oceania,13.77
9069,2026-01,Wellington,Oceania,13.18
9070,2026-02,Wellington,Oceania,13.71
9071,2026-03,Wellington,Oceania,13.66
9072,2025-10,Almaty,Asia,5.38
9073,2025-11,Almaty,Asia,5.52
9074,2025-12,Almaty,Asia,5.43
9075,2026-01,Almaty,Asia,5.48
9076,2026-02,Almaty,Asia,5.54
9077,2026-03,Almaty,Asia,5.56
9078,2025-10,Almaty,Asia,5.38
9079,2025-11,Almaty,Asia,5.52
9080,2025-12,Almaty,Asia,5.43
9081,2026-01,Almaty,Asia,5.48
9082,2026-02,Almaty,Asia,5.54
9083,2026-03,Almaty,Asia,5.56
9084,2025-10,Almaty,Asia,5.38
9085,2025-11,Almaty,Asia,5.52
9086,2025-12,Almaty,Asia,5.43
9087,2026-01,Almaty,Asia,5.48
9088,2026-02,Almaty,Asia,5.54
9089,2026-03,Almaty,Asia,5.56
9090,2025-10,Almaty,Asia,5.38
9091,2025-11,Almaty,Asia,5.52
9092,2025-12,Almaty,Asia,5.43
9093,2026-01,Almaty,Asia,5.48
9094,2026-02,Almaty,Asia,5.54
9095,2026-03,Almaty,Asia,5.56
9096,2025-10,Almaty,Asia,5.38
9097,2025-11,Almaty,Asia,5.52
9098,2025-12,Almaty,Asia,5.43
9099,2026-01,Almaty,Asia,5.48
9100,2026-02,Almaty,Asia,5.54
9101,2026-03,Almaty,Asia,5.56
9102,2025-10,Almaty,Asia,5.38
9103,2025-11,Almaty,Asia,5.52
9104,2025-12,Almaty,Asia,5.43
9105,2026-01,Almaty,Asia,5.48
9106,2026-02,Almaty,Asia,5.54
9107,2026-03,Almaty,Asia,5.56
9108,2025-10,Almaty,Asia,5.38
9109,2025-11,Almaty,Asia,5.52
9110,2025-12,Almaty,Asia,5.43
9111,2026-01,Almaty,Asia,5.48
9112,2026-02,Almaty,Asia,5.54
9113,2026-03,Almaty,Asia,5.56
9114,2025-10,Almaty,Asia,5.38
9115,2025-11,Almaty,Asia,5.52
9116,2025-12,Almaty,Asia,5.43
9117,2026-01,Almaty,Asia,5.48
9118,2026-02,Almaty,Asia,5.54
9119,2026-03,Almaty,Asia,5.56
9120,2025-10,Almaty,Asia,5.38
9121,2025-11,Almaty,Asia,5.52
9122,2025-12,Almaty,Asia,5.43
9123,2026-01,Almaty,Asia,5.48
9124,2026-02,Almaty,Asia,5.54
9125,2026-03,Almaty,Asia,5.56
9126,2025-10,Almaty,Asia,5.38
9127,2025-11,Almaty,Asia,5.52
9128,2025-12,Almaty,Asia,5.43
9129,2026-01,Almaty,Asia,5.48
9130,2026-02,Almaty,Asia,5.54
9131,2026-03,Almaty,Asia,5.56
9132,2025-10,Almaty,Asia,5.38
9133,2025-11,Almaty,Asia,5.52
9134,2025-12,Almaty,Asia,5.43
9135,2026-01,Almaty,Asia,5.48
9136,2026-02,Almaty,Asia,5.54
9137,2026-03,Almaty,Asia,5.56
9138,2025-10,Almaty,Asia,5.38
9139,2025-11,Almaty,Asia,5.52
9140,2025-12,Almaty,Asia,5.43
9141,2026-01,Almaty,Asia,5.48
9142,2026-02,Almaty,Asia,5.54
9143,2026-03,Almaty,Asia,5.56
9144,2025-10,Almaty,Asia,5.38
9145,2025-11,Almaty,Asia,5.52
9146,2025-12,Almaty,Asia,5.43
9147,2026-01,Almaty,Asia,5.48
9148,2026-02,Almaty,Asia,5.54
9149,2026-03,Almaty,Asia,5.56
9150,2025-10,Almaty,Asia,5.38
9151,2025-11,Almaty,Asia,5.52
9152,2025-12,Almaty,Asia,5.43
9153,2026-01,Almaty,Asia,5.48
9154,2026-02,Almaty,Asia,5.54
9155,2026-03,Almaty,Asia,5.56
9156,2025-10,Astana,Asia,5.2
9157,2025-11,Astana,Asia,5.22
9158,2025-12,Astana,Asia,5.3
9159,2026-01,Astana,Asia,5.36
9160,2026-02,Astana,Asia,5.33
9161,2026-03,Astana,Asia,5.4
9162,2025-10,Astana,Asia,5.2
9163,2025-11,Astana,Asia,5.22
9164,2025-12,Astana,Asia,5.3
9165,2026-01,Astana,Asia,5.36
9166,2026-02,Astana,Asia,5.33
9167,2026-03,Astana,Asia,5.4
9168,2025-10,Astana,Asia,5.2
9169,2025-11,Astana,Asia,5.22
9170,2025-12,Astana,Asia,5.3
9171,2026-01,Astana,Asia,5.36
9172,2026-02,Astana,Asia,5.33
9173,2026-03,Astana,Asia,5.4
9174,2025-10,Astana,Asia,5.2
9175,2025-11,Astana,Asia,5.22
9176,2025-12,Astana,Asia,5.3
9177,2026-01,Astana,Asia,5.36
9178,2026-02,Astana,Asia,5.33
9179,2026-03,Astana,Asia,5.4
9180,2025-10,Astana,Asia,5.2
9181,2025-11,Astana,Asia,5.22
9182,2025-12,Astana,Asia,5.3
9183,2026-01,Astana,Asia,5.36
9184,2026-02,Astana,Asia,5.33
9185,2026-03,Astana,Asia,5.4
9186,2025-10,Astana,Asia,5.2
9187,2025-11,Astana,Asia,5.22
9188,2025-12,Astana,Asia,5.3
9189,2026-01,Astana,Asia,5.36
9190,2026-02,Astana,Asia,5.33
9191,2026-03,Astana,Asia,5.4
9192,2025-10,Astana,Asia,5.2
9193,2025-11,Astana,Asia,5.22
9194,2025-12,Astana,Asia,5.3
9195,2026-01,Astana,Asia,5.36
9196,2026-02,Astana,Asia,5.33
9197,2026-03,Astana,Asia,5.4
9198,2025-10,Astana,Asia,5.2
9199,2025-11,Astana,Asia,5.22
9200,2025-12,Astana,Asia,5.3
9201,2026-01,Astana,Asia,5.36
9202,2026-02,Astana,Asia,5.33
9203,2026-03,Astana,Asia,5.4
9204,2025-10,Astana,Asia,5.2
9205,2025-11,Astana,Asia,5.22
9206,2025-12,Astana,Asia,5.3
9207,2026-01,Astana,Asia,5.36
9208,2026-02,Astana,Asia,5.33
9209,2026-03,Astana,Asia,5.4
9210,2025-10,Astana,Asia,5.2
9211,2025-11,Astana,Asia,5.22
9212,2025-12,Astana,Asia,5.3
9213,2026-01,Astana,Asia,5.36
9214,2026-02,Astana,Asia,5.33
9215,2026-03,Astana,Asia,5.4
9216,2025-10,Astana,Asia,5.2
9217,2025-11,Astana,Asia,5.22
9218,2025-12,Astana,Asia,5.3
9219,2026-01,Astana,Asia,5.36
9220,2026-02,Astana,Asia,5.33
9221,2026-03,Astana,Asia,5.4
9222,2025-10,Astana,Asia,5.2
9223,2025-11,Astana,Asia,5.22
9224,2025-12,Astana,Asia,5.3
9225,2026-01,Astana,Asia,5.36
9226,2026-02,Astana,Asia,5.33
9227,2026-03,Astana,Asia,5.4
9228,2025-10,Astana,Asia,5.2
9229,2025-11,Astana,Asia,5.22
9230,2025-12,Astana,Asia,5.3
9231,2026-01,Astana,Asia,5.36
9232,2026-02,Astana,Asia,5.33
9233,2026-03,Astana,Asia,5.4
9234,2025-10,Astana,Asia,5.2
9235,2025-11,Astana,Asia,5.22
9236,2025-12,Astana,Asia,5.3
9237,2026-01,Astana,Asia,5.36
9238,2026-02,Astana,Asia,5.33
9239,2026-03,Astana,Asia,5.4
9240,2025-10,San Francisco,North America,16.02
9241,2025-11,San Francisco,North America,15.63
9242,2025-12,San Francisco,North America,16.29
9243,2026-01,San Francisco,North America,16.07
9244,2026-02,San Francisco,North America,16.47
9245,2026-03,San Francisco,North America,16.24
9246,2025-10,San Francisco,North America,16.02
9247,2025-11,San Francisco,North America,15.63
9248,2025-12,San Francisco,North America,16.29
9249,2026-01,San Francisco,North America,16.07
9250,2026-02,San Francisco,North America,16.47
9251,2026-03,San Francisco,North America,16.24
9252,2025-10,San Francisco,North America,16.02
9253,2025-11,San Francisco,North America,15.63
9254,2025-12,San Francisco,North America,16.29
9255,2026-01,San Francisco,North America,16.07
9256,2026-02,San Francisco,North America,16.47
9257,2026-03,San Francisco,North America,16.24
9258,2025-10,San Francisco,North America,16.02
9259,2025-11,San Francisco,North America,15.63
9260,2025-12,San Francisco,North America,16.29
9261,2026-01,San Francisco,North America,16.07
9262,2026-02,San Francisco,North America,16.47
9263,2026-03,San Francisco,North America,16.24
9264,2025-10,San Francisco,North America,16.02
9265,2025-11,San Francisco,North America,15.63
9266,2025-12,San Francisco,North America,16.29
9267,2026-01,San Francisco,North America,16.07
9268,2026-02,San Francisco,North America,16.47
9269,2026-03,San Francisco,North America,16.24
9270,2025-10,San Francisco,North America,16.02
9271,2025-11,San Francisco,North America,15.63
9272,2025-12,San Francisco,North America,16.29
9273,2026-01,San Francisco,North America,16.07
9274,2026-02,San Francisco,North America,16.47
9275,2026-03,San Francisco,North America,16.24
9276,2025-10,San Francisco,North America,16.02
9277,2025-11,San Francisco,North America,15.63
9278,2025-12,San Francisco,North America,16.29
9279,2026-01,San Francisco,North America,16.07
9280,2026-02,San Francisco,North America,16.47
9281,2026-03,San Francisco,North America,16.24
9282,2025-10,San Francisco,North America,16.02
9283,2025-11,San Francisco,North America,15.63
9284,2025-12,San Francisco,North America,16.29
9285,2026-01,San Francisco,North America,16.07
9286,2026-02,San Francisco,North America,16.47
9287,2026-03,San Francisco,North America,16.24
9288,2025-10,San Francisco,North America,16.02
9289,2025-11,San Francisco,North America,15.63
9290,2025-12,San Francisco,North America,16.29
9291,2026-01,San Francisco,North America,16.07
9292,2026-02,San Francisco,North America,16.47
9293,2026-03,San Francisco,North America,16.24
9294,2025-10,San Francisco,North America,16.02
9295,2025-11,San Francisco,North America,15.63
9296,2025-12,San Francisco,North America,16.29
9297,2026-01,San Francisco,North America,16.07
9298,2026-02,San Francisco,North America,16.47
9299,2026-03,San Francisco,North America,16.24
9300,2025-10,San Francisco,North America,16.02
9301,2025-11,San Francisco,North America,15.63
9302,2025-12,San Francisco,North America,16.29
9303,2026-01,San Francisco,North America,16.07
9304,2026-02,San Francisco,North America,16.47
9305,2026-03,San Francisco,North America,16.24
9306,2025-10,San Francisco,North America,16.02
9307,2025-11,San Francisco,North America,15.63
9308,2025-12,San Francisco,North America,16.29
9309,2026-01,San Francisco,North America,16.07
9310,2026-02,San Francisco,North America,16.47
9311,2026-03,San Francisco,North America,16.24
9312,2025-10,San Francisco,North America,16.02
9313,2025-11,San Francisco,North America,15.63
9314,2025-12,San Francisco,North America,16.29
9315,2026-01,San Francisco,North America,16.07
9316,2026-02,San Francisco,North America,16.47
9317,2026-03,San Francisco,North America,16.24
9318,2025-10,San Francisco,North America,16.02
9319,2025-11,San Francisco,North America,15.63
9320,2025-12,San Francisco,North America,16.29
9321,2026-01,San Francisco,North America,16.07
9322,2026-02,San Francisco,North America,16.47
9323,2026-03,San Francisco,North America,16.24
9324,2025-10,Miami,North America,14.64
9325,2025-11,Miami,North America,14.71
9326,2025-12,Miami,North America,15.22
9327,2026-01,Miami,North America,14.8
9328,2026-02,Miami,North America,15.07
9329,2026-03,Miami,North America,15.16
9330,2025-10,Miami,North America,14.64
9331,2025-11,Miami,North America,14.71
9332,2025-12,Miami,North America,15.22
9333,2026-01,Miami,North America,14.8
9334,2026-02,Miami,North America,15.07
9335,2026-03,Miami,North America,15.16
9336,2025-10,Miami,North America,14.64
9337,2025-11,Miami,North America,14.71
9338,2025-12,Miami,North America,15.22
9339,2026-01,Miami,North America,14.8
9340,2026-02,Miami,North America,15.07
9341,2026-03,Miami,North America,15.16
9342,2025-10,Miami,North America,14.64
9343,2025-11,Miami,North America,14.71
9344,2025-12,Miami,North America,15.22
9345,2026-01,Miami,North America,14.8
9346,2026-02,Miami,North America,15.07
9347,2026-03,Miami,North America,15.16
9348,2025-10,Miami,North America,14.64
9349,2025-11,Miami,North America,14.71
9350,2025-12,Miami,North America,15.22
9351,2026-01,Miami,North America,14.8
9352,2026-02,Miami,North America,15.07
9353,2026-03,Miami,North America,15.16
9354,2025-10,Miami,North America,14.64
9355,2025-11,Miami,North America,14.71
9356,2025-12,Miami,North America,15.22
9357,2026-01,Miami,North America,14.8
9358,2026-02,Miami,North America,15.07
9359,2026-03,Miami,North America,15.16
9360,2025-10,Miami,North America,14.64
9361,2025-11,Miami,North America,14.71
9362,2025-12,Miami,North America,15.22
9363,2026-01,Miami,North America,14.8
9364,2026-02,Miami,North America,15.07
9365,2026-03,Miami,North America,15.16
9366,2025-10,Miami,North America,14.64
9367,2025-11,Miami,North America,14.71
9368,2025-12,Miami,North America,15.22
9369,2026-01,Miami,North America,14.8
9370,2026-02,Miami,North America,15.07
9371,2026-03,Miami,North America,15.16
9372,2025-10,Miami,North America,14.64
9373,2025-11,Miami,North America,14.71
9374,2025-12,Miami,North America,15.22
9375,2026-01,Miami,North America,14.8
9376,2026-02,Miami,North America,15.07
9377,2026-03,Miami,North America,15.16
9378,2025-10,Miami,North America,14.64
9379,2025-11,Miami,North America,14.71
9380,2025-12,Miami,North America,15.22
9381,2026-01,Miami,North America,14.8
9382,2026-02,Miami,North America,15.07
9383,2026-03,Miami,North America,15.16
9384,2025-10,Miami,North America,14.64
9385,2025-11,Miami,North America,14.71
9386,2025-12,Miami,North America,15.22
9387,2026-01,Miami,North America,14.8
9388,2026-02,Miami,North America,15.07
9389,2026-03,Miami,North America,15.16
9390,2025-10,Miami,North America,14.64
9391,2025-11,Miami,North America,14.71
9392,2025-12,Miami,North America,15.22
9393,2026-01,Miami,North America,14.8
9394,2026-02,Miami,North America,15.07
9395,2026-03,Miami,North America,15.16
9396,2025-10,Miami,North America,14.64
9397,2025-11,Miami,North America,14.71
9398,2025-12,Miami,North America,15.22
9399,2026-01,Miami,North America,14.8
9400,2026-02,Miami,North America,15.07
9401,2026-03,Miami,North America,15.16
9402,2025-10,Miami,North America,14.64
9403,2025-11,Miami,North America,14.71
9404,2025-12,Miami,North America,15.22
9405,2026-01,Miami,North America,14.8
9406,2026-02,Miami,North America,15.07
9407,2026-03,Miami,North America,15.16
9408,2025-10,Edinburgh,Europe,10.47
9409,2025-11,Edinburgh,Europe,10.59
9410,2025-12,Edinburgh,Europe,10.65
9411,2026-01,Edinburgh,Europe,10.45
9412,2026-02,Edinburgh,Europe,10.83
9413,2026-03,Edinburgh,Europe,10.78
9414,2025-10,Edinburgh,Europe,10.47
9415,2025-11,Edinburgh,Europe,10.59
9416,2025-12,Edinburgh,Europe,10.65
9417,2026-01,Edinburgh,Europe,10.45
9418,2026-02,Edinburgh,Europe,10.83
9419,2026-03,Edinburgh,Europe,10.78
9420,2025-10,Edinburgh,Europe,10.47
9421,2025-11,Edinburgh,Europe,10.59
9422,2025-12,Edinburgh,Europe,10.65
9423,2026-01,Edinburgh,Europe,10.45
9424,2026-02,Edinburgh,Europe,10.83
9425,2026-03,Edinburgh,Europe,10.78
9426,2025-10,Edinburgh,Europe,10.47
9427,2025-11,Edinburgh,Europe,10.59
9428,2025-12,Edinburgh,Europe,10.65
9429,2026-01,Edinburgh,Europe,10.45
9430,2026-02,Edinburgh,Europe,10.83
9431,2026-03,Edinburgh,Europe,10.78
9432,2025-10,Edinburgh,Europe,10.47
9433,2025-11,Edinburgh,Europe,10.59
9434,2025-12,Edinburgh,Europe,10.65
9435,2026-01,Edinburgh,Europe,10.45
9436,2026-02,Edinburgh,Europe,10.83
9437,2026-03,Edinburgh,Europe,10.78
9438,2025-10,Edinburgh,Europe,10.47
9439,2025-11,Edinburgh,Europe,10.59
9440,2025-12,Edinburgh,Europe,10.65
9441,2026-01,Edinburgh,Europe,10.45
9442,2026-02,Edinburgh,Europe,10.83
9443,2026-03,Edinburgh,Europe,10.78
9444,2025-10,Edinburgh,Europe,10.47
9445,2025-11,Edinburgh,Europe,10.59
9446,2025-12,Edinburgh,Europe,10.65
9447,2026-01,Edinburgh,Europe,10.45
9448,2026-02,Edinburgh,Europe,10.83
9449,2026-03,Edinburgh,Europe,10.78
9450,2025-10,Edinburgh,Europe,10.47
9451,2025-11,Edinburgh,Europe,10.59
9452,2025-12,Edinburgh,Europe,10.65
9453,2026-01,Edinburgh,Europe,10.45
9454,2026-02,Edinburgh,Europe,10.83
9455,2026-03,Edinburgh,Europe,10.78
9456,2025-10,Edinburgh,Europe,10.47
9457,2025-11,Edinburgh,Europe,10.59
9458,2025-12,Edinburgh,Europe,10.65
9459,2026-01,Edinburgh,Europe,10.45
9460,2026-02,Edinburgh,Europe,10.83
9461,2026-03,Edinburgh,Europe,10.78
9462,2025-10,Edinburgh,Europe,10.47
9463,2025-11,Edinburgh,Europe,10.59
9464,2025-12,Edinburgh,Europe,10.65
9465,2026-01,Edinburgh,Europe,10.45
9466,2026-02,Edinburgh,Europe,10.83
9467,2026-03,Edinburgh,Europe,10.78
9468,2025-10,Edinburgh,Europe,10.47
9469,2025-11,Edinburgh,Europe,10.59
9470,2025-12,Edinburgh,Europe,10.65
9471,2026-01,Edinburgh,Europe,10.45
9472,2026-02,Edinburgh,Europe,10.83
9473,2026-03,Edinburgh,Europe,10.78
9474,2025-10,Edinburgh,Europe,10.47
9475,2025-11,Edinburgh,Europe,10.59
9476,2025-12,Edinburgh,Europe,10.65
9477,2026-01,Edinburgh,Europe,10.45
9478,2026-02,Edinburgh,Europe,10.83
9479,2026-03,Edinburgh,Europe,10.78
9480,2025-10,Edinburgh,Europe,10.47
9481,2025-11,Edinburgh,Europe,10.59
9482,2025-12,Edinburgh,Europe,10.65
9483,2026-01,Edinburgh,Europe,10.45
9484,2026-02,Edinburgh,Europe,10.83
9485,2026-03,Edinburgh,Europe,10.78
9486,2025-10,Edinburgh,Europe,10.47
9487,2025-11,Edinburgh,Europe,10.59
9488,2025-12,Edinburgh,Europe,10.65
9489,2026-01,Edinburgh,Europe,10.45
9490,2026-02,Edinburgh,Europe,10.83
9491,2026-03,Edinburgh,Europe,10.78
9492,2025-10,Hamburg,Europe,10.03
9493,2025-11,Hamburg,Europe,10.22
9494,2025-12,Hamburg,Europe,10.6
9495,2026-01,Hamburg,Europe,10.48
9496,2026-02,Hamburg,Europe,10.59
9497,2026-03,Hamburg,Europe,10.47
9498,2025-10,Hamburg,Europe,10.03
9499,2025-11,Hamburg,Europe,10.22
9500,2025-12,Hamburg,Europe,10.6
9501,2026-01,Hamburg,Europe,10.48
9502,2026-02,Hamburg,Europe,10.59
9503,2026-03,Hamburg,Europe,10.47
9504,2025-10,Hamburg,Europe,10.03
9505,2025-11,Hamburg,Europe,10.22
9506,2025-12,Hamburg,Europe,10.6
9507,2026-01,Hamburg,Europe,10.48
9508,2026-02,Hamburg,Europe,10.59
9509,2026-03,Hamburg,Europe,10.47
9510,2025-10,Hamburg,Europe,10.03
9511,2025-11,Hamburg,Europe,10.22
9512,2025-12,Hamburg,Europe,10.6
9513,2026-01,Hamburg,Europe,10.48
9514,2026-02,Hamburg,Europe,10.59
9515,2026-03,Hamburg,Europe,10.47
9516,2025-10,Hamburg,Europe,10.03
9517,2025-11,Hamburg,Europe,10.22
9518,2025-12,Hamburg,Europe,10.6
9519,2026-01,Hamburg,Europe,10.48
9520,2026-02,Hamburg,Europe,10.59
9521,2026-03,Hamburg,Europe,10.47
9522,2025-10,Hamburg,Europe,10.03
9523,2025-11,Hamburg,Europe,10.22
9524,2025-12,Hamburg,Europe,10.6
9525,2026-01,Hamburg,Europe,10.48
9526,2026-02,Hamburg,Europe,10.59
9527,2026-03,Hamburg,Europe,10.47
9528,2025-10,Hamburg,Europe,10.03
9529,2025-11,Hamburg,Europe,10.22
9530,2025-12,Hamburg,Europe,10.6
9531,2026-01,Hamburg,Europe,10.48
9532,2026-02,Hamburg,Europe,10.59
9533,2026-03,Hamburg,Europe,10.47
9534,2025-10,Hamburg,Europe,10.03
9535,2025-11,Hamburg,Europe,10.22
9536,2025-12,Hamburg,Europe,10.6
9537,2026-01,Hamburg,Europe,10.48
9538,2026-02,Hamburg,Europe,10.59
9539,2026-03,Hamburg,Europe,10.47
9540,2025-10,Hamburg,Europe,10.03
9541,2025-11,Hamburg,Europe,10.22
9542,2025-12,Hamburg,Europe,10.6
9543,2026-01,Hamburg,Europe,10.48
9544,2026-02,Hamburg,Europe,10.59
9545,2026-03,Hamburg,Europe,10.47
9546,2025-10,Hamburg,Europe,10.03
9547,2025-11,Hamburg,Europe,10.22
9548,2025-12,Hamburg,Europe,10.6
9549,2026-01,Hamburg,Europe,10.48
9550,2026-02,Hamburg,Europe,10.59
9551,2026-03,Hamburg,Europe,10.47
9552,2025-10,Hamburg,Europe,10.03
9553,2025-11,Hamburg,Europe,10.22
9554,2025-12,Hamburg,Europe,10.6
9555,2026-01,Hamburg,Europe,10.48
9556,2026-02,Hamburg,Europe,10.59
9557,2026-03,Hamburg,Europe,10.47
9558,2025-10,Hamburg,Europe,10.03
9559,2025-11,Hamburg,Europe,10.22
9560,2025-12,Hamburg,Europe,10.6
9561,2026-01,Hamburg,Europe,10.48
9562,2026-02,Hamburg,Europe,10.59
9563,2026-03,Hamburg,Europe,10.47
9564,2025-10,Hamburg,Europe,10.03
9565,2025-11,Hamburg,Europe,10.22
9566,2025-12,Hamburg,Europe,10.6
9567,2026-01,Hamburg,Europe,10.48
9568,2026-02,Hamburg,Europe,10.59
9569,2026-03,Hamburg,Europe,10.47
9570,2025-10,Hamburg,Europe,10.03
9571,2025-11,Hamburg,Europe,10.22
9572,2025-12,Hamburg,Europe,10.6
9573,2026-01,Hamburg,Europe,10.48
9574,2026-02,Hamburg,Europe,10.59
9575,2026-03,Hamburg,Europe,10.47
9576,2025-10,Florence,Europe,11.44
9577,2025-11,Florence,Europe,11.69
9578,2025-12,Florence,Europe,11.77
9579,2026-01,Florence,Europe,11.66
9580,2026-02,Florence,Europe,11.82
9581,2026-03,Florence,Europe,11.85
9582,2025-10,Florence,Europe,11.44
9583,2025-11,Florence,Europe,11.69
9584,2025-12,Florence,Europe,11.77
9585,2026-01,Florence,Europe,11.66
9586,2026-02,Florence,Europe,11.82
9587,2026-03,Florence,Europe,11.85
9588,2025-10,Florence,Europe,11.44
9589,2025-11,Florence,Europe,11.69
9590,2025-12,Florence,Europe,11.77
9591,2026-01,Florence,Europe,11.66
9592,2026-02,Florence,Europe,11.82
9593,2026-03,Florence,Europe,11.85
9594,2025-10,Florence,Europe,11.44
9595,2025-11,Florence,Europe,11.69
9596,2025-12,Florence,Europe,11.77
9597,2026-01,Florence,Europe,11.66
9598,2026-02,Florence,Europe,11.82
9599,2026-03,Florence,Europe,11.85
9600,2025-10,Florence,Europe,11.44
9601,2025-11,Florence,Europe,11.69
9602,2025-12,Florence,Europe,11.77
9603,2026-01,Florence,Europe,11.66
9604,2026-02,Florence,Europe,11.82
9605,2026-03,Florence,Europe,11.85
9606,2025-10,Florence,Europe,11.44
9607,2025-11,Florence,Europe,11.69
9608,2025-12,Florence,Europe,11.77
9609,2026-01,Florence,Europe,11.66
9610,2026-02,Florence,Europe,11.82
9611,2026-03,Florence,Europe,11.85
9612,2025-10,Florence,Europe,11.44
9613,2025-11,Florence,Europe,11.69
9614,2025-12,Florence,Europe,11.77
9615,2026-01,Florence,Europe,11.66
9616,2026-02,Florence,Europe,11.82
9617,2026-03,Florence,Europe,11.85
9618,2025-10,Florence,Europe,11.44
9619,2025-11,Florence,Europe,11.69
9620,2025-12,Florence,Europe,11.77
9621,2026-01,Florence,Europe,11.66
9622,2026-02,Florence,Europe,11.82
9623,2026-03,Florence,Europe,11.85
9624,2025-10,Florence,Europe,11.44
9625,2025-11,Florence,Europe,11.69
9626,2025-12,Florence,Europe,11.77
9627,2026-01,Florence,Europe,11.66
9628,2026-02,Florence,Europe,11.82
9629,2026-03,Florence,Europe,11.85
9630,2025-10,Florence,Europe,11.44
9631,2025-11,Florence,Europe,11.69
9632,2025-12,Florence,Europe,11.77
9633,2026-01,Florence,Europe,11.66
9634,2026-02,Florence,Europe,11.82
9635,2026-03,Florence,Europe,11.85
9636,2025-10,Florence,Europe,11.44
9637,2025-11,Florence,Europe,11.69
9638,2025-12,Florence,Europe,11.77
9639,2026-01,Florence,Europe,11.66
9640,2026-02,Florence,Europe,11.82
9641,2026-03,Florence,Europe,11.85
9642,2025-10,Florence,Europe,11.44
9643,2025-11,Florence,Europe,11.69
9644,2025-12,Florence,Europe,11.77
9645,2026-01,Florence,Europe,11.66
9646,2026-02,Florence,Europe,11.82
9647,2026-03,Florence,Europe,11.85
9648,2025-10,Florence,Europe,11.44
9649,2025-11,Florence,Europe,11.69
9650,2025-12,Florence,Europe,11.77
9651,2026-01,Florence,Europe,11.66
9652,2026-02,Florence,Europe,11.82
9653,2026-03,Florence,Europe,11.85
9654,2025-10,Florence,Europe,11.44
9655,2025-11,Florence,Europe,11.69
9656,2025-12,Florence,Europe,11.77
9657,2026-01,Florence,Europe,11.66
9658,2026-02,Florence,Europe,11.82
9659,2026-03,Florence,Europe,11.85
9660,2025-10,Mombasa,Africa,4.3
9661,2025-11,Mombasa,Africa,4.37
9662,2025-12,Mombasa,Africa,4.53
9663,2026-01,Mombasa,Africa,4.5
9664,2026-02,Mombasa,Africa,4.5
9665,2026-03,Mombasa,Africa,4.58
9666,2025-10,Mombasa,Africa,4.3
9667,2025-11,Mombasa,Africa,4.37
9668,2025-12,Mombasa,Africa,4.53
9669,2026-01,Mombasa,Africa,4.5
9670,2026-02,Mombasa,Africa,4.5
9671,2026-03,Mombasa,Africa,4.58
9672,2025-10,Mombasa,Africa,4.3
9673,2025-11,Mombasa,Africa,4.37
9674,2025-12,Mombasa,Africa,4.53
9675,2026-01,Mombasa,Africa,4.5
9676,2026-02,Mombasa,Africa,4.5
9677,2026-03,Mombasa,Africa,4.58
9678,2025-10,Mombasa,Africa,4.3
9679,2025-11,Mombasa,Africa,4.37
9680,2025-12,Mombasa,Africa,4.53
9681,2026-01,Mombasa,Africa,4.5
9682,2026-02,Mombasa,Africa,4.5
9683,2026-03,Mombasa,Africa,4.58
9684,2025-10,Mombasa,Africa,4.3
9685,2025-11,Mombasa,Africa,4.37
9686,2025-12,Mombasa,Africa,4.53
9687,2026-01,Mombasa,Africa,4.5
9688,2026-02,Mombasa,Africa,4.5
9689,2026-03,Mombasa,Africa,4.58
9690,2025-10,Mombasa,Africa,4.3
9691,2025-11,Mombasa,Africa,4.37
9692,2025-12,Mombasa,Africa,4.53
9693,2026-01,Mombasa,Africa,4.5
9694,2026-02,Mombasa,Africa,4.5
9695,2026-03,Mombasa,Africa,4.58
9696,2025-10,Mombasa,Africa,4.3
9697,2025-11,Mombasa,Africa,4.37
9698,2025-12,Mombasa,Africa,4.53
9699,2026-01,Mombasa,Africa,4.5
9700,2026-02,Mombasa,Africa,4.5
9701,2026-03,Mombasa,Africa,4.58
9702,2025-10,Mombasa,Africa,4.3
9703,2025-11,Mombasa,Africa,4.37
9704,2025-12,Mombasa,Africa,4.53
9705,2026-01,Mombasa,Africa,4.5
9706,2026-02,Mombasa,Africa,4.5
9707,2026-03,Mombasa,Africa,4.58
9708,2025-10,Mombasa,Africa,4.3
9709,2025-11,Mombasa,Africa,4.37
9710,2025-12,Mombasa,Africa,4.53
9711,2026-01,Mombasa,Africa,4.5
9712,2026-02,Mombasa,Africa,4.5
9713,2026-03,Mombasa,Africa,4.58
9714,2025-10,Mombasa,Africa,4.3
9715,2025-11,Mombasa,Africa,4.37
9716,2025-12,Mombasa,Africa,4.53
9717,2026-01,Mombasa,Africa,4.5
9718,2026-02,Mombasa,Africa,4.5
9719,2026-03,Mombasa,Africa,4.58
9720,2025-10,Mombasa,Africa,4.3
9721,2025-11,Mombasa,Africa,4.37
9722,2025-12,Mombasa,Africa,4.53
9723,2026-01,Mombasa,Africa,4.5
9724,2026-02,Mombasa,Africa,4.5
9725,2026-03,Mombasa,Africa,4.58
9726,2025-10,Mombasa,Africa,4.3
9727,2025-11,Mombasa,Africa,4.37
9728,2025-12,Mombasa,Africa,4.53
9729,2026-01,Mombasa,Africa,4.5
9730,2026-02,Mombasa,Africa,4.5
9731,2026-03,Mombasa,Africa,4.58
9732,2025-10,Mombasa,Africa,4.3
9733,2025-11,Mombasa,Africa,4.37
9734,2025-12,Mombasa,Africa,4.53
9735,2026-01,Mombasa,Africa,4.5
9736,2026-02,Mombasa,Africa,4.5
9737,2026-03,Mombasa,Africa,4.58
9738,2025-10,Mombasa,Africa,4.3
9739,2025-11,Mombasa,Africa,4.37
9740,2025-12,Mombasa,Africa,4.53
9741,2026-01,Mombasa,Africa,4.5
9742,2026-02,Mombasa,Africa,4.5
9743,2026-03,Mombasa,Africa,4.58
9744,2025-10,Chennai,Asia,2.93
9745,2025-11,Chennai,Asia,2.98
9746,2025-12,Chennai,Asia,2.97
9747,2026-01,Chennai,Asia,2.94
9748,2026-02,Chennai,Asia,3.05
9749,2026-03,Chennai,Asia,3.02
9750,2025-10,Chennai,Asia,2.93
9751,2025-11,Chennai,Asia,2.98
9752,2025-12,Chennai,Asia,2.97
9753,2026-01,Chennai,Asia,2.94
9754,2026-02,Chennai,Asia,3.05
9755,2026-03,Chennai,Asia,3.02
9756,2025-10,Chennai,Asia,2.93
9757,2025-11,Chennai,Asia,2.98
9758,2025-12,Chennai,Asia,2.97
9759,2026-01,Chennai,Asia,2.94
9760,2026-02,Chennai,Asia,3.05
9761,2026-03,Chennai,Asia,3.02
9762,2025-10,Chennai,Asia,2.93
9763,2025-11,Chennai,Asia,2.98
9764,2025-12,Chennai,Asia,2.97
9765,2026-01,Chennai,Asia,2.94
9766,2026-02,Chennai,Asia,3.05
9767,2026-03,Chennai,Asia,3.02
9768,2025-10,Chennai,Asia,2.93
9769,2025-11,Chennai,Asia,2.98
9770,2025-12,Chennai,Asia,2.97
9771,2026-01,Chennai,Asia,2.94
9772,2026-02,Chennai,Asia,3.05
9773,2026-03,Chennai,Asia,3.02
9774,2025-10,Chennai,Asia,2.93
9775,2025-11,Chennai,Asia,2.98
9776,2025-12,Chennai,Asia,2.97
9777,2026-01,Chennai,Asia,2.94
9778,2026-02,Chennai,Asia,3.05
9779,2026-03,Chennai,Asia,3.02
9780,2025-10,Chennai,Asia,2.93
9781,2025-11,Chennai,Asia,2.98
9782,2025-12,Chennai,Asia,2.97
9783,2026-01,Chennai,Asia,2.94
9784,2026-02,Chennai,Asia,3.05
9785,2026-03,Chennai,Asia,3.02
9786,2025-10,Chennai,Asia,2.93
9787,2025-11,Chennai,Asia,2.98
9788,2025-12,Chennai,Asia,2.97
9789,2026-01,Chennai,Asia,2.94
9790,2026-02,Chennai,Asia,3.05
9791,2026-03,Chennai,Asia,3.02
9792,2025-10,Chennai,Asia,2.93
9793,2025-11,Chennai,Asia,2.98
9794,2025-12,Chennai,Asia,2.97
9795,2026-01,Chennai,Asia,2.94
9796,2026-02,Chennai,Asia,3.05
9797,2026-03,Chennai,Asia,3.02
9798,2025-10,Chennai,Asia,2.93
9799,2025-11,Chennai,Asia,2.98
9800,2025-12,Chennai,Asia,2.97
9801,2026-01,Chennai,Asia,2.94
9802,2026-02,Chennai,Asia,3.05
9803,2026-03,Chennai,Asia,3.02
9804,2025-10,Chennai,Asia,2.93
9805,2025-11,Chennai,Asia,2.98
9806,2025-12,Chennai,Asia,2.97
9807,2026-01,Chennai,Asia,2.94
9808,2026-02,Chennai,Asia,3.05
9809,2026-03,Chennai,Asia,3.02
9810,2025-10,Chennai,Asia,2.93
9811,2025-11,Chennai,Asia,2.98
9812,2025-12,Chennai,Asia,2.97
9813,2026-01,Chennai,Asia,2.94
9814,2026-02,Chennai,Asia,3.05
9815,2026-03,Chennai,Asia,3.02
9816,2025-10,Chennai,Asia,2.93
9817,2025-11,Chennai,Asia,2.98
9818,2025-12,Chennai,Asia,2.97
9819,2026-01,Chennai,Asia,2.94
9820,2026-02,Chennai,Asia,3.05
9821,2026-03,Chennai,Asia,3.02
9822,2025-10,Chennai,Asia,2.93
9823,2025-11,Chennai,Asia,2.98
9824,2025-12,Chennai,Asia,2.97
9825,2026-01,Chennai,Asia,2.94
9826,2026-02,Chennai,Asia,3.05
9827,2026-03,Chennai,Asia,3.02
9828,2025-10,Hyderabad,Asia,2.84
9829,2025-11,Hyderabad,Asia,2.94
9830,2025-12,Hyderabad,Asia,3.0
9831,2026-01,Hyderabad,Asia,2.86
9832,2026-02,Hyderabad,Asia,2.98
9833,2026-03,Hyderabad,Asia,2.97
9834,2025-10,Hyderabad,Asia,2.84
9835,2025-11,Hyderabad,Asia,2.94
9836,2025-12,Hyderabad,Asia,3.0
9837,2026-01,Hyderabad,Asia,2.86
9838,2026-02,Hyderabad,Asia,2.98
9839,2026-03,Hyderabad,Asia,2.97
9840,2025-10,Hyderabad,Asia,2.84
9841,2025-11,Hyderabad,Asia,2.94
9842,2025-12,Hyderabad,Asia,3.0
9843,2026-01,Hyderabad,Asia,2.86
9844,2026-02,Hyderabad,Asia,2.98
9845,2026-03,Hyderabad,Asia,2.97
9846,2025-10,Hyderabad,Asia,2.84
9847,2025-11,Hyderabad,Asia,2.94
9848,2025-12,Hyderabad,Asia,3.0
9849,2026-01,Hyderabad,Asia,2.86
9850,2026-02,Hyderabad,Asia,2.98
9851,2026-03,Hyderabad,Asia,2.97
9852,2025-10,Hyderabad,Asia,2.84
9853,2025-11,Hyderabad,Asia,2.94
9854,2025-12,Hyderabad,Asia,3.0
9855,2026-01,Hyderabad,Asia,2.86
9856,2026-02,Hyderabad,Asia,2.98
9857,2026-03,Hyderabad,Asia,2.97
9858,2025-10,Hyderabad,Asia,2.84
9859,2025-11,Hyderabad,Asia,2.94
9860,2025-12,Hyderabad,Asia,3.0
9861,2026-01,Hyderabad,Asia,2.86
9862,2026-02,Hyderabad,Asia,2.98
9863,2026-03,Hyderabad,Asia,2.97
9864,2025-10,Hyderabad,Asia,2.84
9865,2025-11,Hyderabad,Asia,2.94
9866,2025-12,Hyderabad,Asia,3.0
9867,2026-01,Hyderabad,Asia,2.86
9868,2026-02,Hyderabad,Asia,2.98
9869,2026-03,Hyderabad,Asia,2.97
9870,2025-10,Hyderabad,Asia,2.84
9871,2025-11,Hyderabad,Asia,2.94
9872,2025-12,Hyderabad,Asia,3.0
9873,2026-01,Hyderabad,Asia,2.86
9874,2026-02,Hyderabad,Asia,2.98
9875,2026-03,Hyderabad,Asia,2.97
9876,2025-10,Hyderabad,Asia,2.84
9877,2025-11,Hyderabad,Asia,2.94
9878,2025-12,Hyderabad,Asia,3.0
9879,2026-01,Hyderabad,Asia,2.86
9880,2026-02,Hyderabad,Asia,2.98
9881,2026-03,Hyderabad,Asia,2.97
9882,2025-10,Hyderabad,Asia,2.84
9883,2025-11,Hyderabad,Asia,2.94
9884,2025-12,Hyderabad,Asia,3.0
9885,2026-01,Hyderabad,Asia,2.86
9886,2026-02,Hyderabad,Asia,2.98
9887,2026-03,Hyderabad,Asia,2.97
9888,2025-10,Hyderabad,Asia,2.84
9889,2025-11,Hyderabad,Asia,2.94
9890,2025-12,Hyderabad,Asia,3.0
9891,2026-01,Hyderabad,Asia,2.86
9892,2026-02,Hyderabad,Asia,2.98
9893,2026-03,Hyderabad,Asia,2.97
9894,2025-10,Hyderabad,Asia,2.84
9895,2025-11,Hyderabad,Asia,2.94
9896,2025-12,Hyderabad,Asia,3.0
9897,2026-01,Hyderabad,Asia,2.86
9898,2026-02,Hyderabad,Asia,2.98
9899,2026-03,Hyderabad,Asia,2.97
9900,2025-10,Hyderabad,Asia,2.84
9901,2025-11,Hyderabad,Asia,2.94
9902,2025-12,Hyderabad,Asia,3.0
9903,2026-01,Hyderabad,Asia,2.86
9904,2026-02,Hyderabad,Asia,2.98
9905,2026-03,Hyderabad,Asia,2.97
9906,2025-10,Hyderabad,Asia,2.84
9907,2025-11,Hyderabad,Asia,2.94
9908,2025-12,Hyderabad,Asia,3.0
9909,2026-01,Hyderabad,Asia,2.86
9910,2026-02,Hyderabad,Asia,2.98
9911,2026-03,Hyderabad,Asia,2.97
9912,2025-10,Surabaya,Asia,5.23
9913,2025-11,Surabaya,Asia,5.34
9914,2025-12,Surabaya,Asia,5.27
9915,2026-01,Surabaya,Asia,5.24
9916,2026-02,Surabaya,Asia,5.39
9917,2026-03,Surabaya,Asia,5.39
9918,2025-10,Surabaya,Asia,5.23
9919,2025-11,Surabaya,Asia,5.34
9920,2025-12,Surabaya,Asia,5.27
9921,2026-01,Surabaya,Asia,5.24
9922,2026-02,Surabaya,Asia,5.39
9923,2026-03,Surabaya,Asia,5.39
9924,2025-10,Surabaya,Asia,5.23
9925,2025-11,Surabaya,Asia,5.34
9926,2025-12,Surabaya,Asia,5.27
9927,2026-01,Surabaya,Asia,5.24
9928,2026-02,Surabaya,Asia,5.39
9929,2026-03,Surabaya,Asia,5.39
9930,2025-10,Surabaya,Asia,5.23
9931,2025-11,Surabaya,Asia,5.34
9932,2025-12,Surabaya,Asia,5.27
9933,2026-01,Surabaya,Asia,5.24
9934,2026-02,Surabaya,Asia,5.39
9935,2026-03,Surabaya,Asia,5.39
9936,2025-10,Surabaya,Asia,5.23
9937,2025-11,Surabaya,Asia,5.34
9938,2025-12,Surabaya,Asia,5.27
9939,2026-01,Surabaya,Asia,5.24
9940,2026-02,Surabaya,Asia,5.39
9941,2026-03,Surabaya,Asia,5.39
9942,2025-10,Surabaya,Asia,5.23
9943,2025-11,Surabaya,Asia,5.34
9944,2025-12,Surabaya,Asia,5.27
9945,2026-01,Surabaya,Asia,5.24
9946,2026-02,Surabaya,Asia,5.39
9947,2026-03,Surabaya,Asia,5.39
9948,2025-10,Surabaya,Asia,5.23
9949,2025-11,Surabaya,Asia,5.34
9950,2025-12,Surabaya,Asia,5.27
9951,2026-01,Surabaya,Asia,5.24
9952,2026-02,Surabaya,Asia,5.39
9953,2026-03,Surabaya,Asia,5.39
9954,2025-10,Surabaya,Asia,5.23
9955,2025-11,Surabaya,Asia,5.34
9956,2025-12,Surabaya,Asia,5.27
9957,2026-01,Surabaya,Asia,5.24
9958,2026-02,Surabaya,Asia,5.39
9959,2026-03,Surabaya,Asia,5.39
9960,2025-10,Surabaya,Asia,5.23
9961,2025-11,Surabaya,Asia,5.34
9962,2025-12,Surabaya,Asia,5.27
9963,2026-01,Surabaya,Asia,5.24
9964,2026-02,Surabaya,Asia,5.39
9965,2026-03,Surabaya,Asia,5.39
9966,2025-10,Surabaya,Asia,5.23
9967,2025-11,Surabaya,Asia,5.34
9968,2025-12,Surabaya,Asia,5.27
9969,2026-01,Surabaya,Asia,5.24
9970,2026-02,Surabaya,Asia,5.39
9971,2026-03,Surabaya,Asia,5.39
9972,2025-10,Surabaya,Asia,5.23
9973,2025-11,Surabaya,Asia,5.34
9974,2025-12,Surabaya,Asia,5.27
9975,2026-01,Surabaya,Asia,5.24
9976,2026-02,Surabaya,Asia,5.39
9977,2026-03,Surabaya,Asia,5.39
9978,2025-10,Surabaya,Asia,5.23
9979,2025-11,Surabaya,Asia,5.34
9980,2025-12,Surabaya,Asia,5.27
9981,2026-01,Surabaya,Asia,5.24
9982,2026-02,Surabaya,Asia,5.39
9983,2026-03,Surabaya,Asia,5.39
9984,2025-10,Surabaya,Asia,5.23
9985,2025-11,Surabaya,Asia,5.34
9986,2025-12,Surabaya,Asia,5.27
9987,2026-01,Surabaya,Asia,5.24
9988,2026-02,Surabaya,Asia,5.39
9989,2026-03,Surabaya,Asia,5.39
9990,2025-10,Surabaya,Asia,5.23
9991,2025-11,Surabaya,Asia,5.34
9992,2025-12,Surabaya,Asia,5.27
9993,2026-01,Surabaya,Asia,5.24
9994,2026-02,Surabaya,Asia,5.39
9995,2026-03,Surabaya,Asia,5.39
9996,2025-10,Cebu,Asia,6.73
9997,2025-11,Cebu,Asia,6.8
9998,2025-12,Cebu,Asia,6.97
9999,2026-01,Cebu,Asia,6.85
10000,2026-02,Cebu,Asia,6.97
10001,2026-03,Cebu,Asia,6.98
10002,2025-10,Cebu,Asia,6.73
10003,2025-11,Cebu,Asia,6.8
10004,2025-12,Cebu,Asia,6.97
10005,2026-01,Cebu,Asia,6.85
10006,2026-02,Cebu,Asia,6.97
10007,2026-03,Cebu,Asia,6.98
10008,2025-10,Cebu,Asia,6.73
10009,2025-11,Cebu,Asia,6.8
10010,2025-12,Cebu,Asia,6.97
10011,2026-01,Cebu,Asia,6.85
10012,2026-02,Cebu,Asia,6.97
10013,2026-03,Cebu,Asia,6.98
10014,2025-10,Cebu,Asia,6.73
10015,2025-11,Cebu,Asia,6.8
10016,2025-12,Cebu,Asia,6.97
10017,2026-01,Cebu,Asia,6.85
10018,2026-02,Cebu,Asia,6.97
10019,2026-03,Cebu,Asia,6.98
10020,2025-10,Cebu,Asia,6.73
10021,2025-11,Cebu,Asia,6.8
10022,2025-12,Cebu,Asia,6.97
10023,2026-01,Cebu,Asia,6.85
10024,2026-02,Cebu,Asia,6.97
10025,2026-03,Cebu,Asia,6.98
10026,2025-10,Cebu,Asia,6.73
10027,2025-11,Cebu,Asia,6.8
10028,2025-12,Cebu,Asia,6.97
10029,2026-01,Cebu,Asia,6.85
10030,2026-02,Cebu,Asia,6.97
10031,2026-03,Cebu,Asia,6.98
10032,2025-10,Cebu,Asia,6.73
10033,2025-11,Cebu,Asia,6.8
10034,2025-12,Cebu,Asia,6.97
10035,2026-01,Cebu,Asia,6.85
10036,2026-02,Cebu,Asia,6.97
10037,2026-03,Cebu,Asia,6.98
10038,2025-10,Cebu,Asia,6.73
10039,2025-11,Cebu,Asia,6.8
10040,2025-12,Cebu,Asia,6.97
10041,2026-01,Cebu,Asia,6.85
10042,2026-02,Cebu,Asia,6.97
10043,2026-03,Cebu,Asia,6.98
10044,2025-10,Cebu,Asia,6.73
10045,2025-11,Cebu,Asia,6.8
10046,2025-12,Cebu,Asia,6.97
10047,2026-01,Cebu,Asia,6.85
10048,2026-02,Cebu,Asia,6.97
10049,2026-03,Cebu,Asia,6.98
10050,2025-10,Cebu,Asia,6.73
10051,2025-11,Cebu,Asia,6.8
10052,2025-12,Cebu,Asia,6.97
10053,2026-01,Cebu,Asia,6.85
10054,2026-02,Cebu,Asia,6.97
10055,2026-03,Cebu,Asia,6.98
10056,2025-10,Cebu,Asia,6.73
10057,2025-11,Cebu,Asia,6.8
10058,2025-12,Cebu,Asia,6.97
10059,2026-01,Cebu,Asia,6.85
10060,2026-02,Cebu,Asia,6.97
10061,2026-03,Cebu,Asia,6.98
10062,2025-10,Cebu,Asia,6.73
10063,2025-11,Cebu,Asia,6.8
10064,2025-12,Cebu,Asia,6.97
10065,2026-01,Cebu,Asia,6.85
10066,2026-02,Cebu,Asia,6.97
10067,2026-03,Cebu,Asia,6.98
10068,2025-10,Cebu,Asia,6.73
10069,2025-11,Cebu,Asia,6.8
10070,2025-12,Cebu,Asia,6.97
10071,2026-01,Cebu,Asia,6.85
10072,2026-02,Cebu,Asia,6.97
10073,2026-03,Cebu,Asia,6.98
10074,2025-10,Cebu,Asia,6.73
10075,2025-11,Cebu,Asia,6.8
10076,2025-12,Cebu,Asia,6.97
10077,2026-01,Cebu,Asia,6.85
10078,2026-02,Cebu,Asia,6.97
10079,2026-03,Cebu,Asia,6.98
10080,2025-10,Medellin,South America,7.06
10081,2025-11,Medellin,South America,7.19
10082,2025-12,Medellin,South America,7.19
10083,2026-01,Medellin,South America,7.22
10084,2026-02,Medellin,South America,7.3
10085,2026-03,Medellin,South America,7.34
10086,2025-10,Medellin,South America,7.06
10087,2025-11,Medellin,South America,7.19
10088,2025-12,Medellin,South America,7.19
10089,2026-01,Medellin,South America,7.22
10090,2026-02,Medellin,South America,7.3
10091,2026-03,Medellin,South America,7.34
10092,2025-10,Medellin,South America,7.06
10093,2025-11,Medellin,South America,7.19
10094,2025-12,Medellin,South America,7.19
10095,2026-01,Medellin,South America,7.22
10096,2026-02,Medellin,South America,7.3
10097,2026-03,Medellin,South America,7.34
10098,2025-10,Medellin,South America,7.06
10099,2025-11,Medellin,South America,7.19
10100,2025-12,Medellin,South America,7.19
10101,2026-01,Medellin,South America,7.22
10102,2026-02,Medellin,South America,7.3
10103,2026-03,Medellin,South America,7.34
10104,2025-10,Medellin,South America,7.06
10105,2025-11,Medellin,South America,7.19
10106,2025-12,Medellin,South America,7.19
10107,2026-01,Medellin,South America,7.22
10108,2026-02,Medellin,South America,7.3
10109,2026-03,Medellin,South America,7.34
10110,2025-10,Medellin,South America,7.06
10111,2025-11,Medellin,South America,7.19
10112,2025-12,Medellin,South America,7.19
10113,2026-01,Medellin,South America,7.22
10114,2026-02,Medellin,South America,7.3
10115,2026-03,Medellin,South America,7.34
10116,2025-10,Medellin,South America,7.06
10117,2025-11,Medellin,South America,7.19
10118,2025-12,Medellin,South America,7.19
10119,2026-01,Medellin,South America,7.22
10120,2026-02,Medellin,South America,7.3
10121,2026-03,Medellin,South America,7.34
10122,2025-10,Medellin,South America,7.06
10123,2025-11,Medellin,South America,7.19
10124,2025-12,Medellin,South America,7.19
10125,2026-01,Medellin,South America,7.22
10126,2026-02,Medellin,South America,7.3
10127,2026-03,Medellin,South America,7.34
10128,2025-10,Medellin,South America,7.06
10129,2025-11,Medellin,South America,7.19
10130,2025-12,Medellin,South America,7.19
10131,2026-01,Medellin,South America,7.22
10132,2026-02,Medellin,South America,7.3
10133,2026-03,Medellin,South America,7.34
10134,2025-10,Medellin,South America,7.06
10135,2025-11,Medellin,South America,7.19
10136,2025-12,Medellin,South America,7.19
10137,2026-01,Medellin,South America,7.22
10138,2026-02,Medellin,South America,7.3
10139,2026-03,Medellin,South America,7.34
10140,2025-10,Medellin,South America,7.06
10141,2025-11,Medellin,South America,7.19
10142,2025-12,Medellin,South America,7.19
10143,2026-01,Medellin,South America,7.22
10144,2026-02,Medellin,South America,7.3
10145,2026-03,Medellin,South America,7.34
10146,2025-10,Medellin,South America,7.06
10147,2025-11,Medellin,South America,7.19
10148,2025-12,Medellin,South America,7.19
10149,2026-01,Medellin,South America,7.22
10150,2026-02,Medellin,South America,7.3
10151,2026-03,Medellin,South America,7.34
10152,2025-10,Medellin,South America,7.06
10153,2025-11,Medellin,South America,7.19
10154,2025-12,Medellin,South America,7.19
10155,2026-01,Medellin,South America,7.22
10156,2026-02,Medellin,South America,7.3
10157,2026-03,Medellin,South America,7.34
10158,2025-10,Medellin,South America,7.06
10159,2025-11,Medellin,South America,7.19
10160,2025-12,Medellin,South America,7.19
10161,2026-01,Medellin,South America,7.22
10162,2026-02,Medellin,South America,7.3
10163,2026-03,Medellin,South America,7.34
10164,2025-10,Perth,Oceania,12.62
10165,2025-11,Perth,Oceania,12.65
10166,2025-12,Perth,Oceania,12.89
10167,2026-01,Perth,Oceania,12.55
10168,2026-02,Perth,Oceania,12.89
10169,2026-03,Perth,Oceania,12.87
10170,2025-10,Perth,Oceania,12.62
10171,2025-11,Perth,Oceania,12.65
10172,2025-12,Perth,Oceania,12.89
10173,2026-01,Perth,Oceania,12.55
10174,2026-02,Perth,Oceania,12.89
10175,2026-03,Perth,Oceania,12.87
10176,2025-10,Perth,Oceania,12.62
10177,2025-11,Perth,Oceania,12.65
10178,2025-12,Perth,Oceania,12.89
10179,2026-01,Perth,Oceania,12.55
10180,2026-02,Perth,Oceania,12.89
10181,2026-03,Perth,Oceania,12.87
10182,2025-10,Perth,Oceania,12.62
10183,2025-11,Perth,Oceania,12.65
10184,2025-12,Perth,Oceania,12.89
10185,2026-01,Perth,Oceania,12.55
10186,2026-02,Perth,Oceania,12.89
10187,2026-03,Perth,Oceania,12.87
10188,2025-10,Perth,Oceania,12.62
10189,2025-11,Perth,Oceania,12.65
10190,2025-12,Perth,Oceania,12.89
10191,2026-01,Perth,Oceania,12.55
10192,2026-02,Perth,Oceania,12.89
10193,2026-03,Perth,Oceania,12.87
10194,2025-10,Perth,Oceania,12.62
10195,2025-11,Perth,Oceania,12.65
10196,2025-12,Perth,Oceania,12.89
10197,2026-01,Perth,Oceania,12.55
10198,2026-02,Perth,Oceania,12.89
10199,2026-03,Perth,Oceania,12.87
10200,2025-10,Perth,Oceania,12.62
10201,2025-11,Perth,Oceania,12.65
10202,2025-12,Perth,Oceania,12.89
10203,2026-01,Perth,Oceania,12.55
10204,2026-02,Perth,Oceania,12.89
10205,2026-03,Perth,Oceania,12.87
10206,2025-10,Perth,Oceania,12.62
10207,2025-11,Perth,Oceania,12.65
10208,2025-12,Perth,Oceania,12.89
10209,2026-01,Perth,Oceania,12.55
10210,2026-02,Perth,Oceania,12.89
10211,2026-03,Perth,Oceania,12.87
10212,2025-10,Perth,Oceania,12.62
10213,2025-11,Perth,Oceania,12.65
10214,2025-12,Perth,Oceania,12.89
10215,2026-01,Perth,Oceania,12.55
10216,2026-02,Perth,Oceania,12.89
10217,2026-03,Perth,Oceania,12.87
10218,2025-10,Perth,Oceania,12.62
10219,2025-11,Perth,Oceania,12.65
10220,2025-12,Perth,Oceania,12.89
10221,2026-01,Perth,Oceania,12.55
10222,2026-02,Perth,Oceania,12.89
10223,2026-03,Perth,Oceania,12.87
10224,2025-10,Perth,Oceania,12.62
10225,2025-11,Perth,Oceania,12.65
10226,2025-12,Perth,Oceania,12.89
10227,2026-01,Perth,Oceania,12.55
10228,2026-02,Perth,Oceania,12.89
10229,2026-03,Perth,Oceania,12.87
10230,2025-10,Perth,Oceania,12.62
10231,2025-11,Perth,Oceania,12.65
10232,2025-12,Perth,Oceania,12.89
10233,2026-01,Perth,Oceania,12.55
10234,2026-02,Perth,Oceania,12.89
10235,2026-03,Perth,Oceania,12.87
10236,2025-10,Perth,Oceania,12.62
10237,2025-11,Perth,Oceania,12.65
10238,2025-12,Perth,Oceania,12.89
10239,2026-01,Perth,Oceania,12.55
10240,2026-02,Perth,Oceania,12.89
10241,2026-03,Perth,Oceania,12.87
10242,2025-10,Perth,Oceania,12.62
10243,2025-11,Perth,Oceania,12.65
10244,2025-12,Perth,Oceania,12.89
10245,2026-01,Perth,Oceania,12.55
10246,2026-02,Perth,Oceania,12.89
10247,2026-03,Perth,Oceania,12.87
